--------------------------------------------------------------------------------------------------------------------------------------------------------------------------------
      name:  <unnamed>
       log:  /disk/homes2c/nber/lplatt/Tract_block/1980/Results/deseg_results_aej.log
  log type:  text
 opened on:  14 May 2011, 16:26:40

. clear 

. clear matrix

. clear mata

. set mem 100m
(102400k)

. set matsize 800

. 
. ** MERGE DATA FROM 1970 AND 1980
. 
. /* Start with block-level data from 1980 */
. use ~/Tract_block/1980/blockdata_1980.dta  

. /* Adjust variable names to merge with the 1970 data*/
. rename year year_case

. rename smsa smsa_string

. rename state state_string

. rename place place_string

. gen year=1980

. rename lnav_value lnavval

. rename lnav_rent lnavrent

. rename perblack1 perblack

. rename av_rooms av_rooms_oo

. drop full

. set more off

. append using ~/Tract_block/OCR_school/Matt/block_1970_withhs_aej.dta
tract1 was float now double
borderno was int now float
av_value was float now double
county_text was str12 now str13
name was str23 now str26
peredhs was float now double
peredcol was float now double
perpov was float now double

. 
. ** ADJUST DATA TO MAKE CONSISTENT BETWEEN TWO YEARS
. 
. /* (1) Ensure consistent jurisdiction sample in 1970 and 1980 */
. /* Drop South (Georgia)*/
. drop if statefip==13
(125 observations deleted)

. /* Drop NYC-Floral Park (Floral Park too small - jurisdiction data not available)*/
. drop if borderno==44
(88 observations deleted)

. /* Make sure that St. Louis jurisdiction code is consistent across years*/
. replace jurcode="stlouimo" if year==1970 & jurcode=="sailoumo"
(22 real changes made)

. /* Drop borders for which jurisdiction on one side is smaller than 10,000 residents */
. gen flag_lowpop=(poptot<10000)

. sort year borderno

. quietly by year borderno: egen flag_lowpop_any=max(flag_lowpop)

. drop if flag_lowpop_any==1
(0 observations deleted)

. /* Drop borders if only one side has data in a given year*/
. sort year borderno jurcode

. gen test=(jurcode!=jurcode[_n-1])

. sort year borderno

. by year borderno: egen test1=sum(test)

. drop if test1==1
(1116 observations deleted)

. count if test==1
  358

. drop test* flag*

. /* Drop borders only present in 1970 or 1980*/
. sort year borderno

. gen test=(borderno!=borderno[_n-1])

. sort borderno

. by borderno: egen test1=sum(test)

. drop if test1==1
(2892 observations deleted)

. count if test==1
  160

. drop test*

. 
. /* (2) Define fixed effects*/
. /* Fixed effect for side of the border (jurisdiction * border area)*/
. egen extra=group(jurcode borderno)

. /* Common fixed effect for border area in given Census year*/
. egen extra1=group(borderno year)

. /*Border area by time fixed effects*/
. xi, pref(A) i.borderno*i.year
i.borderno        Aborderno_1-330     (naturally coded; Aborderno_310 omitted)
i.year            Ayear_1970-1980     (naturally coded; Ayear_1970 omitted)
i.bor~o*i.year    AborXyea_#_#        (coded as above)

. 
. /* (3) Adjust dependent variables for consistency between years*/
. replace lnavval=ln(av_value) if lnavval==.
(0 real changes made)

. replace lnavrent=ln(av_rent) if lnavrent==.
(4785 real changes made)

. /* Drop observations with no residents on the block*/
. drop if pop_tot_block==0
(918 observations deleted)

. /* Log number of residents & number of units on the block*/
. gen lnpopblock=ln(pop_tot_block)
(392 missing values generated)

. gen lnct3_tot=ln(ct3_tot)
(630 missing values generated)

. label var lnpopblock "ln(# residents on block)"

. label var lnct3_tot "ln(# units on block)"

. /* Vacancies*/
. gen numvac=pervac*ct3_tot
(630 missing values generated)

. gen shvac=numvac/ct3_tot
(630 missing values generated)

. label var numvac "# of vacant units on block"

. label var shvac "Share units vacant on block"

. /* User cost of housing*/
. /* Weighted average of borrowing costs for owner-occupied (assume 9% interest rate for the 1970s) and annual rental costs for 
> rental units. Need housing counts to be zero if there is no information on either rents/values*/
. replace house_ownocc=0 if lnavval==.
(1865 real changes made)

. foreach var of varlist av_value av_rent house_ownocc house_rent {
  2.         replace `var'=0 if `var'==.
  3. }
(2397 real changes made)
(7884 real changes made)
(0 real changes made)
(4497 real changes made)

. gen av_cost=((av_value*.09*house_ownocc)+(av_rent*12*house_rent))/(house_rent+house_ownocc)
(740 missing values generated)

. gen lnavcost=ln(av_cost)
(740 missing values generated)

. gen house_all=house_ownocc+house_rent

. label var av_cost "Average user cost on block (weighted average of rents/borrowing costs)"

. label var lnavcost "Ln(average user costs)"

. label var house_all "# of renter-occupied & owner-occupied units"

. /*Age distribution on block*/
. rename perund18 shkids

. 
. /* (4) City-wide controls -- Fill in missing information for two places*/
. replace shblack=(4099/98477) if year==1970 & jurcode=="davenpia"
(45 real changes made)

. replace shblack=(6229/103264) if year==1980 & jurcode=="davenpia"
(42 real changes made)

. replace shblack=(95845/715674) if year==1970 & jurcode=="sanfraca"
(86 real changes made)

. replace shblack=(86190/678974) if year==1980 & jurcode=="sanfraca"
(96 real changes made)

. replace poptot=98477 if year==1970 & jurcode=="davenpia"
(45 real changes made)

. replace totpop=103264 if year==1980 & jurcode=="davenpia"
(42 real changes made)

. replace poptot=715674 if year==1970 & jurcode=="sanfraca"
(86 real changes made)

. replace totpop=678974 if year==1980 & jurcode=="sanfraca"
(96 real changes made)

. replace shblack=.00001 if jurcode=="norarlnj" & year==1970
(34 real changes made)

. gen lnshblack=ln(shblack)
(134 missing values generated)

. label var lnshblack "ln(share black in jurisdiction)"

. gen lnpoptot=ln(poptot)
(7786 missing values generated)

. replace lnpoptot=ln(totpop) if year==1980
(7767 real changes made)

. 
. /* (5) Desegregation variables*/
. /* Focus on number of steps required by court (not on presence of individual steps, such as busing). First, create a 
> district-level variable equal to maximum number of steps _ever_ required by court*/
. sort jurcode

. quietly by jurcode: egen number_stepsm=max(number_steps)

. sort borderno jurcode

. by borderno jurcode: egen year_casem=max(year_case)
(8778 missing values generated)

. /*Year specific desegregation variables = maximum number of variable in given year and zero else*/
. gen Cyear_1970=(year==1970)

. gen Cyear_1980=(year==1980)

. foreach var of varlist shblack lnmedinc number_stepsm perpov {
  2.         gen `var'70=`var'*Cyear_1970
  3.         gen `var'80=`var'*Cyear_1980
  4. }       
(19 missing values generated)
(19 missing values generated)
(288 missing values generated)
(288 missing values generated)
(6 missing values generated)
(6 missing values generated)
(288 missing values generated)
(288 missing values generated)

. /* Chicago was improperly coded as having 4 steps -- actually had no case that led to plan until after 1980*/
. replace number_stepsm80=0 if jurcode=="chicagil"
(309 real changes made)

. replace number_stepsm70=0 if jurcode=="chicagil"
(346 real changes made)

. /* Two desegregation variables of interest = # of steps in 1980 (or in 1970 if plan passes before then) or indicator =1 if 
> desegregation plan passed by 1980*/
. gen deseg01=number_stepsm80
(6 missing values generated)

. replace deseg01=number_stepsm70 if year_casem<1970 & year==1970
(630 real changes made)

. label var deseg01 "Number of remedial steps required by court, district by given year"

. gen deseg=(deseg01>0 & deseg01!=.)

. label var deseg "=1 if ever under court-order, district"

. 
. /* Count total number of borders and number of borders with a desegregation plan*/
. sort year borderno jurcode

. /* Test = deseg indicator once per jurisdiction-borderno pair*/
. gen test=deseg if (jurcode!=jurcode[_n-1]) | (jurcode==jurcode[_n-1] &  borderno!=borderno[_n-1])
(16600 missing values generated)

. /* Test1 counts deseg indicator for borderno*/
. sort year borderno

. by year borderno: egen test1=total(test)

. /* Test1 = 0 means no desegregation on either side; test1 = 1 means desegregation on one side; test1 = 2 means desegregation 
> on both sides*/
. count if year==1980 & borderno!=borderno[_n-1] & test1==0
   40

. count if year==1980 & borderno!=borderno[_n-1] & test1==1
   33

. count if year==1980 & borderno!=borderno[_n-1] & test1==2
    7

. tab jurcode if test1==2

    Jurcode |      Freq.     Percent        Cum.
------------+-----------------------------------
   easgrami |         78       13.07       13.07
   grarapmi |        132       22.11       35.18
   indianin |         39        6.53       41.71
   kancitks |         51        8.54       50.25
   kancitmo |         68       11.39       61.64
   lasvegnv |         56        9.38       71.02
   lawrenin |         16        2.68       73.70
   losangca |         24        4.02       77.72
   norlasnv |         44        7.37       85.09
   pasadeca |         39        6.53       91.62
   walkermi |         12        2.01       93.63
   wyominmi |         38        6.37      100.00
------------+-----------------------------------
      Total |        597      100.00

. sort borderno

. /* Treatment group = desegregation on only one side of border area*/
. gen flag=(test1==1 & year==1980)

. /*For footnote: Matching with Welch and Light years*/
. *replace flag=1 if jurcode=="akronoh"
. *replace flag=0 if jurcode=="sanjosca"
. /* Replace borders that had cases in the 1960s as part of "control group"*/
. gen earlycase=(borderno==27 | borderno==14 | borderno==309 | borderno==310 | borderno==330)

. replace flag=0 if earlycase==1
(741 real changes made)

. /* Yesorder_m ==> Border area level variable = 1 if border in treatment group (only one side had desegregation*/
. by borderno: egen yesorder_m=max(flag)

. gen yes1980=yesorder_m*Cyear_1980

. /* Double_m ==> Border area level variable if BOTH sides had desegregation... subcomponent of control group*/
. gen flag1=(test1==2 & year==1980)

. by borderno: egen double_m=max(flag1)

. drop test* flag*

. /* Count borders in treatment group and control group*/
. sort year borderno

. count  if year==1970 & yesorder_m==1 & borderno!=borderno[_n-1]
   30

. count  if year==1970 & yesorder_m==0 & borderno!=borderno[_n-1]
   50

. count  if year==1980 & yesorder_m==1 & borderno!=borderno[_n-1]
   30

. count  if year==1980 & yesorder_m==0 & borderno!=borderno[_n-1]
   50

. /* Generate an "ever desegregate" variable at the jurisdiction and borderno levels*/
. sort jurcode

. by jurcode: egen desegmax=max(deseg)

. sort borderno

. by borderno: egen maxdesegmax=max(desegmax)

. /*Indicate which side of the border is bigger in population terms*/
. sort year borderno

. by year borderno: egen popmax=max(poptot)
(7786 missing values generated)

. gen bigside=(popmax==poptot)

. drop popmax

. /* Extend "bigside" of border to 1980 as well*/
. sort borderno jurcode

. gen test=bigside if year==1970
(7786 missing values generated)

. by borderno jurcode: egen bigside_m=max(test)

. /* Replace one case where desegregation occurred on "small" side of border*/
. replace bigside_m=1 if jurcode=="pasadeca" & borderno==14
(87 real changes made)

. replace bigside_m=0 if jurcode=="losangca" & borderno==14
(60 real changes made)

. 
. /*(6) Fix metro area variable*/
. replace metaread=1120 if (smsa=="Boston" | jurcode=="bostonma" | jurcode=="dedhamma") & metaread==.
(286 real changes made)

. replace metaread=1600 if (smsa=="Chicago" | jurcode=="chicagil" | jurcode=="eveparil" | jurcode=="norridil") & metaread==.
(861 real changes made)

. replace metaread=1680 if smsa=="Cleveland" & metaread==.
(0 real changes made)

. replace metaread=2000 if smsa=="Dayton" & metaread==.
(0 real changes made)

. replace metaread=4480 if (smsa=="Los Angeles" | jurcode=="bevhilca" | jurcode=="culcitca" | jurcode=="losangca") & metaread==.
(1133 real changes made)

. replace metaread=5120 if (smsa=="Minneapolis-St. Paul" | jurcode=="colheimn" | jurcode=="minneamn") & metaread==.
(163 real changes made)

. replace metaread=5600 if smsa=="New York City" & metaread==.
(0 real changes made)

. replace metaread=6280 if smsa=="Pittsburgh" & metaread==.
(0 real changes made)

. replace metaread=6480 if smsa=="Providence" & metaread==.
(0 real changes made)

. replace metaread=1960 if (smsa=="Rock Island-Davenport-Moline" | jurcode=="davenpia" | jurcode=="bettenia")  & metaread==.
(150 real changes made)

. replace metaread=7360 if (smsa=="San Francisco" | jurcode=="sanfraca" | jurcode=="dalcitca") & metaread==.
(316 real changes made)

. replace metaread=7400 if smsa=="San Jose" & metaread==.
(0 real changes made)

. replace metaread=2080 if (jurcode=="denverco" | jurcode=="englewco" | jurcode=="lakewoco") & metaread==.
(1411 real changes made)

. #delimit ;
delimiter now ;
. replace metaread=2160 if (smsa=="Detroit" | jurcode=="deaheimi" | jurcode=="detroimi" | jurcode=="easdetmi" | jurcode=="gropoimi" |
> jurcode=="harwoomi") & metaread==.;
(791 real changes made)

. replace metaread=3760 if (smsa=="Kansas City" | jurcode=="kancitks" | jurcode=="kancitmo" | jurcode=="oveparks" | 
> jurcode=="raytowmo") & metaread==.;
(600 real changes made)

. #delimit cr
delimiter now cr
. drop smsa*

. 
. /* Table 1: Initial characteristics of urban school districts*/
. /* Differences between 'big side' with and without desegregation*/
. sort year bigside jurcode double_m

. foreach var of varlist lnpoptot shblack lnmedinc perpov peredcol {
  2. sum `var' if yesorder_m==0 &  year==1970 & jurcode!=jurcode[_n-1] & bigside_m==1
  3. sum `var' if yesorder_m==1 &  year==1970 & jurcode!=jurcode[_n-1] & bigside_m==1
  4. reg `var' yesorder_m if year==1970 & jurcode!=jurcode[_n-1] & bigside_m==1
  5. areg `var' Cyear_1980 if yesorder_m==1 & jurcode!=jurcode[_n-1] & bigside_m==1, absorb(jurcode) 
  6. areg `var' Cyear_1980 if yesorder_m==0 & jurcode!=jurcode[_n-1] & bigside_m==1, absorb(jurcode)
  7. areg `var' yes1980 Cyear_1980 if jurcode!=jurcode[_n-1] & bigside_m==1, absorb(jurcode) 
  8. }

    Variable |       Obs        Mean    Std. Dev.       Min        Max
-------------+--------------------------------------------------------
    lnpoptot |        35     12.0357    .9092298   10.53447   15.02829

    Variable |       Obs        Mean    Std. Dev.       Min        Max
-------------+--------------------------------------------------------
    lnpoptot |        13    13.17203    1.307411   10.93359   15.88172

      Source |       SS       df       MS              Number of obs =      48
-------------+------------------------------           F(  1,    46) =   11.58
       Model |  12.2399799     1  12.2399799           Prob > F      =  0.0014
    Residual |  48.6196422    46  1.05694874           R-squared     =  0.2011
-------------+------------------------------           Adj R-squared =  0.1838
       Total |  60.8596221    47  1.29488558           Root MSE      =  1.0281

------------------------------------------------------------------------------
    lnpoptot |      Coef.   Std. Err.      t    P>|t|     [95% Conf. Interval]
-------------+----------------------------------------------------------------
  yesorder_m |   1.136332   .3339196     3.40   0.001     .4641868    1.808477
       _cons |    12.0357   .1737773    69.26   0.000      11.6859    12.38549
------------------------------------------------------------------------------

Linear regression, absorbing indicators                Number of obs =      26
                                                       F(  1,    12) =    4.73
                                                       Prob > F      =  0.0503
                                                       R-squared     =  0.9964
                                                       Adj R-squared =  0.9925
                                                       Root MSE      =  .11105

------------------------------------------------------------------------------
    lnpoptot |      Coef.   Std. Err.      t    P>|t|     [95% Conf. Interval]
-------------+----------------------------------------------------------------
  Cyear_1980 |  -.0947672   .0435573    -2.18   0.050    -.1896704     .000136
       _cons |   13.17203   .0307996   427.67   0.000     13.10492    13.23914
-------------+----------------------------------------------------------------
     jurcode |         F(12, 12) =    276.303   0.000          (13 categories)

Linear regression, absorbing indicators                Number of obs =      67
                                                       F(  1,    31) =    1.52
                                                       Prob > F      =  0.2265
                                                       R-squared     =  0.9956
                                                       Adj R-squared =  0.9907
                                                       Root MSE      =  .08823

------------------------------------------------------------------------------
    lnpoptot |      Coef.   Std. Err.      t    P>|t|     [95% Conf. Interval]
-------------+----------------------------------------------------------------
  Cyear_1980 |  -.0272199   .0220576    -1.23   0.226    -.0722067    .0177669
       _cons |   12.06055   .0150723   800.18   0.000     12.02981    12.09129
-------------+----------------------------------------------------------------
     jurcode |         F(34, 31) =    206.936   0.000          (35 categories)

Linear regression, absorbing indicators                Number of obs =      93
                                                       F(  2,    43) =    3.88
                                                       Prob > F      =  0.0283
                                                       R-squared     =  0.9967
                                                       Adj R-squared =  0.9929
                                                       Root MSE      =  .09515

------------------------------------------------------------------------------
    lnpoptot |      Coef.   Std. Err.      t    P>|t|     [95% Conf. Interval]
-------------+----------------------------------------------------------------
     yes1980 |  -.0675473   .0442575    -1.53   0.134     -.156801    .0217065
  Cyear_1980 |  -.0272199   .0237877    -1.14   0.259    -.0751924    .0207525
       _cons |   12.37129   .0138406   893.84   0.000     12.34338     12.3992
-------------+----------------------------------------------------------------
     jurcode |         F(47, 43) =    253.570   0.000          (48 categories)

    Variable |       Obs        Mean    Std. Dev.       Min        Max
-------------+--------------------------------------------------------
     shblack |        35    .1223136    .1299563   .0000746   .5421404

    Variable |       Obs        Mean    Std. Dev.       Min        Max
-------------+--------------------------------------------------------
     shblack |        13    .1893164    .1279678   .0244029   .4370464

      Source |       SS       df       MS              Number of obs =      48
-------------+------------------------------           F(  1,    46) =    2.54
       Model |  .042555459     1  .042555459           Prob > F      =  0.1179
    Residual |  .770723246    46  .016754853           R-squared     =  0.0523
-------------+------------------------------           Adj R-squared =  0.0317
       Total |  .813278705    47  .017303802           Root MSE      =  .12944

------------------------------------------------------------------------------
     shblack |      Coef.   Std. Err.      t    P>|t|     [95% Conf. Interval]
-------------+----------------------------------------------------------------
  yesorder_m |   .0670027   .0420422     1.59   0.118    -.0176238    .1516293
       _cons |   .1223136   .0218794     5.59   0.000     .0782726    .1663547
------------------------------------------------------------------------------

Linear regression, absorbing indicators                Number of obs =      26
                                                       F(  1,    12) =   12.85
                                                       Prob > F      =  0.0038
                                                       R-squared     =  0.9738
                                                       Adj R-squared =  0.9455
                                                       Root MSE      =  .03452

------------------------------------------------------------------------------
     shblack |      Coef.   Std. Err.      t    P>|t|     [95% Conf. Interval]
-------------+----------------------------------------------------------------
  Cyear_1980 |   .0485323    .013539     3.58   0.004     .0190334    .0780312
       _cons |   .1893164   .0095735    19.78   0.000     .1684575    .2101753
-------------+----------------------------------------------------------------
     jurcode |         F(12, 12) =     36.154   0.000          (13 categories)

Linear regression, absorbing indicators                Number of obs =      67
                                                       F(  1,    31) =   39.16
                                                       Prob > F      =  0.0000
                                                       R-squared     =  0.9883
                                                       Adj R-squared =  0.9751
                                                       Root MSE      =  .02256

------------------------------------------------------------------------------
     shblack |      Coef.   Std. Err.      t    P>|t|     [95% Conf. Interval]
-------------+----------------------------------------------------------------
  Cyear_1980 |    .035295   .0056401     6.26   0.000     .0237919    .0467982
       _cons |   .1277133    .003854    33.14   0.000      .119853    .1355736
-------------+----------------------------------------------------------------
     jurcode |         F(34, 31) =     75.099   0.000          (35 categories)

Linear regression, absorbing indicators                Number of obs =      93
                                                       F(  2,    43) =   25.19
                                                       Prob > F      =  0.0000
                                                       R-squared     =  0.9849
                                                       Adj R-squared =  0.9676
                                                       Root MSE      =  .02645

------------------------------------------------------------------------------
     shblack |      Coef.   Std. Err.      t    P>|t|     [95% Conf. Interval]
-------------+----------------------------------------------------------------
     yes1980 |   .0132373   .0123013     1.08   0.288    -.0115707    .0380452
  Cyear_1980 |    .035295   .0066118     5.34   0.000     .0219612    .0486289
       _cons |   .1449357    .003847    37.68   0.000     .1371775    .1526938
-------------+----------------------------------------------------------------
     jurcode |         F(47, 43) =     56.552   0.000          (48 categories)

    Variable |       Obs        Mean    Std. Dev.       Min        Max
-------------+--------------------------------------------------------
    lnmedinc |        33    10.72265    .1289807   10.44504   11.01095

    Variable |       Obs        Mean    Std. Dev.       Min        Max
-------------+--------------------------------------------------------
    lnmedinc |        13    10.71871    .1394762   10.57268   11.10759

      Source |       SS       df       MS              Number of obs =      46
-------------+------------------------------           F(  1,    44) =    0.01
       Model |  .000144886     1  .000144886           Prob > F      =  0.9277
    Residual |  .765796325    44  .017404462           R-squared     =  0.0002
-------------+------------------------------           Adj R-squared = -0.0225
       Total |  .765941211    45  .017020916           Root MSE      =  .13193

------------------------------------------------------------------------------
    lnmedinc |      Coef.   Std. Err.      t    P>|t|     [95% Conf. Interval]
-------------+----------------------------------------------------------------
  yesorder_m |  -.0039415   .0431997    -0.09   0.928    -.0910048    .0831217
       _cons |   10.72265   .0229654   466.91   0.000     10.67637    10.76893
------------------------------------------------------------------------------

Linear regression, absorbing indicators                Number of obs =      26
                                                       F(  1,    12) =    5.26
                                                       Prob > F      =  0.0406
                                                       R-squared     =  0.9338
                                                       Adj R-squared =  0.8621
                                                       Root MSE      =  .06522

------------------------------------------------------------------------------
    lnmedinc |      Coef.   Std. Err.      t    P>|t|     [95% Conf. Interval]
-------------+----------------------------------------------------------------
  Cyear_1980 |  -.0586914   .0255813    -2.29   0.041    -.1144283   -.0029544
       _cons |   10.71871   .0180887   592.56   0.000      10.6793    10.75812
-------------+----------------------------------------------------------------
     jurcode |         F(12, 12) =     13.665   0.000          (13 categories)

Linear regression, absorbing indicators                Number of obs =      63
                                                       F(  1,    29) =   11.24
                                                       Prob > F      =  0.0022
                                                       R-squared     =  0.9423
                                                       Adj R-squared =  0.8766
                                                       Root MSE      =  .05473

------------------------------------------------------------------------------
    lnmedinc |      Coef.   Std. Err.      t    P>|t|     [95% Conf. Interval]
-------------+----------------------------------------------------------------
  Cyear_1980 |  -.0473763     .01413    -3.35   0.002    -.0762754   -.0184771
       _cons |   10.71542   .0096339  1112.27   0.000     10.69571    10.73512
-------------+----------------------------------------------------------------
     jurcode |         F(32, 29) =     14.147   0.000          (33 categories)

Linear regression, absorbing indicators                Number of obs =      89
                                                       F(  2,    41) =    8.33
                                                       Prob > F      =  0.0009
                                                       R-squared     =  0.9394
                                                       Adj R-squared =  0.8699
                                                       Root MSE      =  .05799

------------------------------------------------------------------------------
    lnmedinc |      Coef.   Std. Err.      t    P>|t|     [95% Conf. Interval]
-------------+----------------------------------------------------------------
     yes1980 |  -.0113151   .0272332    -0.42   0.680    -.0663137    .0436834
  Cyear_1980 |  -.0473763   .0149739    -3.16   0.003    -.0776167   -.0171358
       _cons |   10.71638   .0086201  1243.19   0.000     10.69897    10.73379
-------------+----------------------------------------------------------------
     jurcode |         F(45, 41) =     13.568   0.000          (46 categories)

    Variable |       Obs        Mean    Std. Dev.       Min        Max
-------------+--------------------------------------------------------
      perpov |        33    .0833333    .0342123       .031       .184

    Variable |       Obs        Mean    Std. Dev.       Min        Max
-------------+--------------------------------------------------------
      perpov |        13    .0936923    .0276809       .037       .135

      Source |       SS       df       MS              Number of obs =      46
-------------+------------------------------           F(  1,    44) =    0.94
       Model |  .001000767     1  .001000767           Prob > F      =  0.3366
    Residual |  .046650103    44   .00106023           R-squared     =  0.0210
-------------+------------------------------           Adj R-squared = -0.0012
       Total |   .04765087    45  .001058908           Root MSE      =  .03256

------------------------------------------------------------------------------
      perpov |      Coef.   Std. Err.      t    P>|t|     [95% Conf. Interval]
-------------+----------------------------------------------------------------
  yesorder_m |    .010359   .0106623     0.97   0.337    -.0111294    .0318474
       _cons |   .0833333   .0056682    14.70   0.000     .0719099    .0947568
------------------------------------------------------------------------------

Linear regression, absorbing indicators                Number of obs =      26
                                                       F(  1,    12) =   17.56
                                                       Prob > F      =  0.0013
                                                       R-squared     =  0.9002
                                                       Adj R-squared =  0.7920
                                                       Root MSE      =  .02023

------------------------------------------------------------------------------
      perpov |      Coef.   Std. Err.      t    P>|t|     [95% Conf. Interval]
-------------+----------------------------------------------------------------
  Cyear_1980 |   .0332449   .0079332     4.19   0.001       .01596    .0505298
       _cons |   .0936923   .0056096    16.70   0.000       .08147    .1059146
-------------+----------------------------------------------------------------
     jurcode |         F(12, 12) =      7.552   0.001          (13 categories)

Linear regression, absorbing indicators                Number of obs =      63
                                                       F(  1,    29) =   26.27
                                                       Prob > F      =  0.0000
                                                       R-squared     =  0.9076
                                                       Adj R-squared =  0.8025
                                                       Root MSE      =   .0222

------------------------------------------------------------------------------
      perpov |      Coef.   Std. Err.      t    P>|t|     [95% Conf. Interval]
-------------+----------------------------------------------------------------
  Cyear_1980 |   .0293778    .005732     5.13   0.000     .0176545    .0411011
       _cons |   .0853175   .0039081    21.83   0.000     .0773245    .0933104
-------------+----------------------------------------------------------------
     jurcode |         F(32, 29) =      7.781   0.000          (33 categories)

Linear regression, absorbing indicators                Number of obs =      89
                                                       F(  2,    41) =   21.49
                                                       Prob > F      =  0.0000
                                                       R-squared     =  0.9068
                                                       Adj R-squared =  0.8000
                                                       Root MSE      =  .02164

------------------------------------------------------------------------------
      perpov |      Coef.   Std. Err.      t    P>|t|     [95% Conf. Interval]
-------------+----------------------------------------------------------------
     yes1980 |   .0038671   .0101623     0.38   0.706    -.0166561    .0243902
  Cyear_1980 |   .0293778   .0055876     5.26   0.000     .0180933    .0406623
       _cons |    .087764   .0032166    27.28   0.000     .0812679    .0942602
-------------+----------------------------------------------------------------
     jurcode |         F(45, 41) =      7.629   0.000          (46 categories)

    Variable |       Obs        Mean    Std. Dev.       Min        Max
-------------+--------------------------------------------------------
    peredcol |        33    .1054545    .0566089        .04       .301

    Variable |       Obs        Mean    Std. Dev.       Min        Max
-------------+--------------------------------------------------------
    peredcol |        13    .1218462    .0936668       .044       .417

      Source |       SS       df       MS              Number of obs =      46
-------------+------------------------------           F(  1,    44) =    0.53
       Model |  .002505778     1  .002505778           Prob > F      =  0.4703
    Residual |  .207827874    44  .004723361           R-squared     =  0.0119
-------------+------------------------------           Adj R-squared = -0.0105
       Total |  .210333652    45  .004674081           Root MSE      =  .06873

------------------------------------------------------------------------------
    peredcol |      Coef.   Std. Err.      t    P>|t|     [95% Conf. Interval]
-------------+----------------------------------------------------------------
  yesorder_m |   .0163916   .0225048     0.73   0.470    -.0289639    .0617471
       _cons |   .1054545   .0119638     8.81   0.000     .0813431     .129566
------------------------------------------------------------------------------

Linear regression, absorbing indicators                Number of obs =      26
                                                       F(  1,    12) =   46.99
                                                       Prob > F      =  0.0000
                                                       R-squared     =  0.9787
                                                       Adj R-squared =  0.9557
                                                       Root MSE      =  .02305

------------------------------------------------------------------------------
    peredcol |      Coef.   Std. Err.      t    P>|t|     [95% Conf. Interval]
-------------+----------------------------------------------------------------
  Cyear_1980 |   .0619837   .0090421     6.85   0.000     .0422825    .0816848
       _cons |   .1218462   .0063938    19.06   0.000     .1079153     .135777
-------------+----------------------------------------------------------------
     jurcode |         F(12, 12) =     42.089   0.000          (13 categories)

Linear regression, absorbing indicators                Number of obs =      63
                                                       F(  1,    29) =  107.54
                                                       Prob > F      =  0.0000
                                                       R-squared     =  0.9703
                                                       Adj R-squared =  0.9365
                                                       Root MSE      =  .01848

------------------------------------------------------------------------------
    peredcol |      Coef.   Std. Err.      t    P>|t|     [95% Conf. Interval]
-------------+----------------------------------------------------------------
  Cyear_1980 |   .0494765   .0047711    10.37   0.000     .0397185    .0592346
       _cons |   .1056825    .003253    32.49   0.000     .0990295    .1123356
-------------+----------------------------------------------------------------
     jurcode |         F(32, 29) =     26.009   0.000          (33 categories)

Linear regression, absorbing indicators                Number of obs =      89
                                                       F(  2,    41) =   77.69
                                                       Prob > F      =  0.0000
                                                       R-squared     =  0.9747
                                                       Adj R-squared =  0.9457
                                                       Root MSE      =  .01993

------------------------------------------------------------------------------
    peredcol |      Coef.   Std. Err.      t    P>|t|     [95% Conf. Interval]
-------------+----------------------------------------------------------------
     yes1980 |   .0125071   .0093572     1.34   0.189    -.0063901    .0314044
  Cyear_1980 |   .0494765    .005145     9.62   0.000     .0390861     .059867
       _cons |   .1104045   .0029618    37.28   0.000      .104423     .116386
-------------+----------------------------------------------------------------
     jurcode |         F(45, 41) =     31.068   0.000          (46 categories)

. drop test*

. 
. /* Table 2: List of borders in the sample*/
. sort year borderno bigside_m

. gen test=(borderno!=borderno[_n+1])

. tab jurcode if test==1 & year==1970 & bigside_m==1

    Jurcode |      Freq.     Percent        Cum.
------------+-----------------------------------
    akronoh |          2        2.50        2.50
   allentpa |          2        2.50        5.00
   anaheica |          1        1.25        6.25
   bostonma |          2        2.50        8.75
   cambrima |          1        1.25       10.00
   cantonoh |          1        1.25       11.25
   chicagil |          4        5.00       16.25
   ciceroil |          1        1.25       17.50
   cleveloh |          2        2.50       20.00
   cliftonj |          2        2.50       22.50
   davenpia |          1        1.25       23.75
   daytonoh |          1        1.25       25.00
   denverco |          2        2.50       27.50
   desmoiia |          1        1.25       28.75
   detroimi |          5        6.25       35.00
   downeyca |          1        1.25       36.25
   glendaca |          1        1.25       37.50
   grarapmi |          3        3.75       41.25
   hartfoct |          2        2.50       43.75
   indianin |          1        1.25       45.00
   jercitnj |          2        2.50       47.50
   kancitks |          1        1.25       48.75
   kancitmo |          3        3.75       52.50
   kearnynj |          1        1.25       53.75
   lakewoca |          1        1.25       55.00
   lasvegnv |          1        1.25       56.25
   longbeca |          3        3.75       60.00
   losangca |          8       10.00       70.00
   minneamn |          2        2.50       72.50
   mouvieca |          1        1.25       73.75
   newarknj |          2        2.50       76.25
   newyorny |          2        2.50       78.75
   oaklanca |          1        1.25       80.00
   palaltca |          1        1.25       81.25
   pasadeca |          1        1.25       82.50
   patersnj |          1        1.25       83.75
   phoeniaz |          1        1.25       85.00
   pittsbpa |          2        2.50       87.50
   providri |          1        1.25       88.75
   richmoca |          1        1.25       90.00
   rocislil |          1        1.25       91.25
   sanberca |          1        1.25       92.50
   sanfraca |          1        1.25       93.75
   sanjosca |          1        1.25       95.00
   scrantpa |          1        1.25       96.25
   soubenin |          1        1.25       97.50
   springma |          1        1.25       98.75
   torranca |          1        1.25      100.00
------------+-----------------------------------
      Total |         80      100.00

. drop test*

. 
. /* Table 3: Summary stats for border sample*/
. gen shkids01=shkids-per04
(627 missing values generated)

. /* Full sample of blocks: Reported in column 1*/
. summ perblack ct3_tot peroo per04 shkids01 if year==1970 & tierno==1

    Variable |       Obs        Mean    Std. Dev.       Min        Max
-------------+--------------------------------------------------------
    perblack |      2619    .0792304    .2201658          0          1
     ct3_tot |      2557    45.08056    53.47979          5        729
       peroo |      2627    .6299442    .3093133          0          1
       per04 |      2557    .0688653    .0464826          0    .508772
    shkids01 |      2557    .2127991      .10135          0      .5625

. summ perblack ct3_tot peroo per04 shkids01 if year==1970 & tierno==1 & bigside_m==1

    Variable |       Obs        Mean    Std. Dev.       Min        Max
-------------+--------------------------------------------------------
    perblack |      1311    .0798559    .2211209          0          1
     ct3_tot |      1281    46.56987    59.33218          5        729
       peroo |      1316    .6258791    .3130184          0          1
       per04 |      1281    .0694579    .0459435          0   .2631579
    shkids01 |      1281    .2104895    .1019919          0     .53125

. summ perblack ct3_tot peroo per04 shkids01 if year==1970 & tierno==1 & bigside_m==0

    Variable |       Obs        Mean    Std. Dev.       Min        Max
-------------+--------------------------------------------------------
    perblack |      1308    .0786035    .2192872          0          1
     ct3_tot |      1276    43.58542    46.85142          5        567
       peroo |      1311    .6340249     .305614          0          1
       per04 |      1276    .0682704     .047028          0    .508772
    shkids01 |      1276    .2151178    .1006881          0      .5625

. /* Blocks with at least 5 owner-occ units*/
. summ av_value av_rooms_oo if year==1970 & tierno==1 & lnavval!=. 

    Variable |       Obs        Mean    Std. Dev.       Min        Max
-------------+--------------------------------------------------------
    av_value |      2075    106981.7     40764.9   29777.78   266666.7
 av_rooms_oo |      2075    5.767925    .8243263   2.434783   9.777778

. summ av_value av_rooms_oo if year==1970 & tierno==1 & lnavval!=. & bigside_m==1

    Variable |       Obs        Mean    Std. Dev.       Min        Max
-------------+--------------------------------------------------------
    av_value |      1045    103977.2    37617.47   29777.78   266666.7
 av_rooms_oo |      1045    5.743024    .7857007       3.75        9.4

. summ av_value av_rooms_oo if year==1970 & tierno==1 & lnavval!=. & bigside_m==0

    Variable |       Obs        Mean    Std. Dev.       Min        Max
-------------+--------------------------------------------------------
    av_value |      1030    110029.9    43534.17   32222.22   266666.7
 av_rooms_oo |      1030    5.793189    .8613944   2.434783   9.777778

. /* Blocks with at least 5 rental units*/
. summ av_rent if year==1970 & tierno==1 & lnavrent!=. 

    Variable |       Obs        Mean    Std. Dev.       Min        Max
-------------+--------------------------------------------------------
     av_rent |      1504    550.2925    166.6626   155.5556   1507.937

. summ av_rent if year==1970 & tierno==1 & lnavrent!=. & bigside_m==1

    Variable |       Obs        Mean    Std. Dev.       Min        Max
-------------+--------------------------------------------------------
     av_rent |       765    545.2931    156.3394   208.8889    1291.86

. summ av_rent if year==1970 & tierno==1 & lnavrent!=. & bigside_m==0

    Variable |       Obs        Mean    Std. Dev.       Min        Max
-------------+--------------------------------------------------------
     av_rent |       739    555.4678    176.6727   155.5556   1507.937

. 
. /* See below for Table 4 - Exposure results*/
. 
. /* Table 5: Price results*/
. /* Gaps in 1970 - if order by 1980*/
. areg lnavval desegmax if tierno<2 & year==1970 & yesorder_m==1 [aw=house_ownocc], absorb(borderno) cluster(jurcode)

Linear regression, absorbing indicators                Number of obs =     764
                                                       F(  1,    42) =   11.94
                                                       Prob > F      =  0.0013
                                                       R-squared     =  0.6816
                                                       Adj R-squared =  0.6685
                                                       Root MSE      =  .21151

                               (Std. Err. adjusted for 43 clusters in jurcode)
------------------------------------------------------------------------------
             |               Robust
     lnavval |      Coef.   Std. Err.      t    P>|t|     [95% Conf. Interval]
-------------+----------------------------------------------------------------
    desegmax |   -.047366   .0137092    -3.46   0.001    -.0750323   -.0196997
       _cons |   11.56854   .0086147  1342.89   0.000     11.55116    11.58593
-------------+----------------------------------------------------------------
    borderno |   absorbed                                      (30 categories)

. /* Gaps in 1970 - if no order by 1980*/
. areg lnavval bigside_m if tierno<2 & year==1970 & yesorder_m==0 [aw=house_ownocc], absorb(borderno) cluster(jurcode)

Linear regression, absorbing indicators                Number of obs =    1311
                                                       F(  1,    80) =    3.00
                                                       Prob > F      =  0.0871
                                                       R-squared     =  0.5998
                                                       Adj R-squared =  0.5839
                                                       Root MSE      =  .21494

                               (Std. Err. adjusted for 81 clusters in jurcode)
------------------------------------------------------------------------------
             |               Robust
     lnavval |      Coef.   Std. Err.      t    P>|t|     [95% Conf. Interval]
-------------+----------------------------------------------------------------
   bigside_m |  -.0258897   .0149468    -1.73   0.087    -.0556348    .0038555
       _cons |   11.56769   .0114301  1012.03   0.000     11.54494    11.59043
-------------+----------------------------------------------------------------
    borderno |   absorbed                                      (50 categories)

. /* Gaps in 1980 - if order by 1980*/
. areg lnavval desegmax if tierno<2 & year==1980 & yesorder_m==1 [aw=house_ownocc], absorb(borderno) cluster(jurcode)

Linear regression, absorbing indicators                Number of obs =     741
                                                       F(  1,    42) =   11.52
                                                       Prob > F      =  0.0015
                                                       R-squared     =  0.8790
                                                       Adj R-squared =  0.8739
                                                       Root MSE      =  .20695

                               (Std. Err. adjusted for 43 clusters in jurcode)
------------------------------------------------------------------------------
             |               Robust
     lnavval |      Coef.   Std. Err.      t    P>|t|     [95% Conf. Interval]
-------------+----------------------------------------------------------------
    desegmax |  -.0964967   .0284362    -3.39   0.002    -.1538833     -.03911
       _cons |    11.9254   .0163731   728.35   0.000     11.89235    11.95844
-------------+----------------------------------------------------------------
    borderno |   absorbed                                      (30 categories)

. /* Gaps in 1980 - if no order by 1980*/
. areg lnavval bigside_m if tierno<2 & year==1980 & yesorder_m==0 [aw=house_ownocc], absorb(borderno) cluster(jurcode)

Linear regression, absorbing indicators                Number of obs =    1536
                                                       F(  1,    79) =    0.97
                                                       Prob > F      =  0.3288
                                                       R-squared     =  0.7861
                                                       Adj R-squared =  0.7789
                                                       Root MSE      =  .22148

                               (Std. Err. adjusted for 80 clusters in jurcode)
------------------------------------------------------------------------------
             |               Robust
     lnavval |      Coef.   Std. Err.      t    P>|t|     [95% Conf. Interval]
-------------+----------------------------------------------------------------
   bigside_m |  -.0218508   .0222369    -0.98   0.329    -.0661122    .0224107
       _cons |   11.92686   .0150428   792.86   0.000     11.89692     11.9568
-------------+----------------------------------------------------------------
    borderno |   absorbed                                      (50 categories)

. /* 1970: Order vs. no order*/
. gen yesbig=yesorder_m*bigside_m

. areg lnavval bigside_m yesbig if tierno<2 & year==1970 [aw=house_ownocc], absorb(borderno) cluster(jurcode)

Linear regression, absorbing indicators                Number of obs =    2075
                                                       F(  2,   117) =    7.69
                                                       Prob > F      =  0.0007
                                                       R-squared     =  0.6320
                                                       Adj R-squared =  0.6170
                                                       Root MSE      =  .21376

                              (Std. Err. adjusted for 118 clusters in jurcode)
------------------------------------------------------------------------------
             |               Robust
     lnavval |      Coef.   Std. Err.      t    P>|t|     [95% Conf. Interval]
-------------+----------------------------------------------------------------
   bigside_m |  -.0258897   .0149245    -1.73   0.085    -.0554468    .0036675
      yesbig |  -.0214764   .0203904    -1.05   0.294    -.0618584    .0189057
       _cons |   11.56798   .0080206  1442.28   0.000      11.5521    11.58387
-------------+----------------------------------------------------------------
    borderno |   absorbed                                      (80 categories)

. /* 1980: Order vs. no order*/
. areg lnavval bigside_m yesbig if tierno<2 & year==1980 [aw=house_ownocc], absorb(borderno) cluster(jurcode)

Linear regression, absorbing indicators                Number of obs =    2277
                                                       F(  2,   116) =    6.36
                                                       Prob > F      =  0.0024
                                                       R-squared     =  0.8243
                                                       Adj R-squared =  0.8178
                                                       Root MSE      =   .2171

                              (Std. Err. adjusted for 117 clusters in jurcode)
------------------------------------------------------------------------------
             |               Robust
     lnavval |      Coef.   Std. Err.      t    P>|t|     [95% Conf. Interval]
-------------+----------------------------------------------------------------
   bigside_m |  -.0218508   .0222272    -0.98   0.328    -.0658746     .022173
      yesbig |  -.0746459   .0358783    -2.08   0.040    -.1457073   -.0035845
       _cons |   11.92641   .0115826  1029.69   0.000     11.90346    11.94935
-------------+----------------------------------------------------------------
    borderno |   absorbed                                      (80 categories)

. /* 1970 vs. 1980: Order*/
. gen yesbig1980=yesbig*Cyear_1980

. gen big1980=bigside_m*Cyear_1980

. areg lnavval bigside_m big1980 Cyear_1980 if tierno<2 & yesorder_m==1 [aw=house_ownocc], absorb(borderno) cluster(jurcode)

Linear regression, absorbing indicators                Number of obs =    1505
                                                       F(  3,    42) =   14.43
                                                       Prob > F      =  0.0000
                                                       R-squared     =  0.7424
                                                       Adj R-squared =  0.7368
                                                       Root MSE      =  .25961

                               (Std. Err. adjusted for 43 clusters in jurcode)
------------------------------------------------------------------------------
             |               Robust
     lnavval |      Coef.   Std. Err.      t    P>|t|     [95% Conf. Interval]
-------------+----------------------------------------------------------------
   bigside_m |  -.0438686    .064993    -0.67   0.503    -.1750298    .0872926
     big1980 |  -.0539443   .1446793    -0.37   0.711     -.345919    .2380303
  Cyear_1980 |   .3356796   .0743761     4.51   0.000     .1855825    .4857767
       _cons |   11.57764   .0356362   324.88   0.000     11.50573    11.64956
-------------+----------------------------------------------------------------
    borderno |   absorbed                                      (30 categories)

. areg lnavval big1980 Cyear_1980 A* if tierno<2 & yesorder_m==1 [aw=house_ownocc], absorb(extra) cluster(jurcode)
note: Aborderno_1 omitted because of collinearity
note: Aborderno_2 omitted because of collinearity
note: Aborderno_3 omitted because of collinearity
note: Aborderno_4 omitted because of collinearity
note: Aborderno_5 omitted because of collinearity
note: Aborderno_8 omitted because of collinearity
note: Aborderno_9 omitted because of collinearity
note: Aborderno_10 omitted because of collinearity
note: Aborderno_11 omitted because of collinearity
note: Aborderno_12 omitted because of collinearity
note: Aborderno_13 omitted because of collinearity
note: Aborderno_14 omitted because of collinearity
note: Aborderno_15 omitted because of collinearity
note: Aborderno_16 omitted because of collinearity
note: Aborderno_17 omitted because of collinearity
note: Aborderno_18 omitted because of collinearity
note: Aborderno_19 omitted because of collinearity
note: Aborderno_20 omitted because of collinearity
note: Aborderno_22 omitted because of collinearity
note: Aborderno_24 omitted because of collinearity
note: Aborderno_25 omitted because of collinearity
note: Aborderno_26 omitted because of collinearity
note: Aborderno_27 omitted because of collinearity
note: Aborderno_28 omitted because of collinearity
note: Aborderno_31 omitted because of collinearity
note: Aborderno_32 omitted because of collinearity
note: Aborderno_33 omitted because of collinearity
note: Aborderno_34 omitted because of collinearity
note: Aborderno_35 omitted because of collinearity
note: Aborderno_36 omitted because of collinearity
note: Aborderno_37 omitted because of collinearity
note: Aborderno_38 omitted because of collinearity
note: Aborderno_39 omitted because of collinearity
note: Aborderno_40 omitted because of collinearity
note: Aborderno_41 omitted because of collinearity
note: Aborderno_43 omitted because of collinearity
note: Aborderno_47 omitted because of collinearity
note: Aborderno_61 omitted because of collinearity
note: Aborderno_62 omitted because of collinearity
note: Aborderno_64 omitted because of collinearity
note: Aborderno_66 omitted because of collinearity
note: Aborderno_67 omitted because of collinearity
note: Aborderno_73 omitted because of collinearity
note: Aborderno_74 omitted because of collinearity
note: Aborderno_75 omitted because of collinearity
note: Aborderno_76 omitted because of collinearity
note: Aborderno_101 omitted because of collinearity
note: Aborderno_102 omitted because of collinearity
note: Aborderno_103 omitted because of collinearity
note: Aborderno_104 omitted because of collinearity
note: Aborderno_105 omitted because of collinearity
note: Aborderno_111 omitted because of collinearity
note: Aborderno_114 omitted because of collinearity
note: Aborderno_116 omitted because of collinearity
note: Aborderno_117 omitted because of collinearity
note: Aborderno_118 omitted because of collinearity
note: Aborderno_120 omitted because of collinearity
note: Aborderno_121 omitted because of collinearity
note: Aborderno_122 omitted because of collinearity
note: Aborderno_125 omitted because of collinearity
note: Aborderno_128 omitted because of collinearity
note: Aborderno_129 omitted because of collinearity
note: Aborderno_130 omitted because of collinearity
note: Aborderno_131 omitted because of collinearity
note: Aborderno_300 omitted because of collinearity
note: Aborderno_301 omitted because of collinearity
note: Aborderno_302 omitted because of collinearity
note: Aborderno_307 omitted because of collinearity
note: Aborderno_309 omitted because of collinearity
note: Aborderno_312 omitted because of collinearity
note: Aborderno_313 omitted because of collinearity
note: Aborderno_314 omitted because of collinearity
note: Aborderno_316 omitted because of collinearity
note: Aborderno_320 omitted because of collinearity
note: Aborderno_321 omitted because of collinearity
note: Aborderno_322 omitted because of collinearity
note: Aborderno_324 omitted because of collinearity
note: Aborderno_329 omitted because of collinearity
note: Aborderno_330 omitted because of collinearity
note: Ayear_1980 omitted because of collinearity
note: AborXyea_1_1980 omitted because of collinearity
note: AborXyea_2_1980 omitted because of collinearity
note: AborXyea_4_1980 omitted because of collinearity
note: AborXyea_8_1980 omitted because of collinearity
note: AborXyea_13_1980 omitted because of collinearity
note: AborXyea_14_1980 omitted because of collinearity
note: AborXyea_17_1980 omitted because of collinearity
note: AborXyea_18_1980 omitted because of collinearity
note: AborXyea_19_1980 omitted because of collinearity
note: AborXyea_20_1980 omitted because of collinearity
note: AborXyea_22_1980 omitted because of collinearity
note: AborXyea_25_1980 omitted because of collinearity
note: AborXyea_26_1980 omitted because of collinearity
note: AborXyea_27_1980 omitted because of collinearity
note: AborXyea_32_1980 omitted because of collinearity
note: AborXyea_33_1980 omitted because of collinearity
note: AborXyea_34_1980 omitted because of collinearity
note: AborXyea_35_1980 omitted because of collinearity
note: AborXyea_36_1980 omitted because of collinearity
note: AborXyea_37_1980 omitted because of collinearity
note: AborXyea_38_1980 omitted because of collinearity
note: AborXyea_39_1980 omitted because of collinearity
note: AborXyea_40_1980 omitted because of collinearity
note: AborXyea_41_1980 omitted because of collinearity
note: AborXyea_47_1980 omitted because of collinearity
note: AborXyea_64_1980 omitted because of collinearity
note: AborXyea_73_1980 omitted because of collinearity
note: AborXyea_76_1980 omitted because of collinearity
note: AborXyea_101_1980 omitted because of collinearity
note: AborXyea_102_1980 omitted because of collinearity
note: AborXyea_103_1980 omitted because of collinearity
note: AborXyea_104_1980 omitted because of collinearity
note: AborXyea_105_1980 omitted because of collinearity
note: AborXyea_111_1980 omitted because of collinearity
note: AborXyea_114_1980 omitted because of collinearity
note: AborXyea_116_1980 omitted because of collinearity
note: AborXyea_117_1980 omitted because of collinearity
note: AborXyea_118_1980 omitted because of collinearity
note: AborXyea_120_1980 omitted because of collinearity
note: AborXyea_121_1980 omitted because of collinearity
note: AborXyea_122_1980 omitted because of collinearity
note: AborXyea_125_1980 omitted because of collinearity
note: AborXyea_128_1980 omitted because of collinearity
note: AborXyea_129_1980 omitted because of collinearity
note: AborXyea_301_1980 omitted because of collinearity
note: AborXyea_302_1980 omitted because of collinearity
note: AborXyea_307_1980 omitted because of collinearity
note: AborXyea_309_1980 omitted because of collinearity
note: AborXyea_324_1980 omitted because of collinearity
note: AborXyea_330_1980 omitted because of collinearity

Linear regression, absorbing indicators                Number of obs =    1505
                                                       F( 29, 42)    =       .
                                                       Prob > F      =
                                                       R-squared     =  0.8473
                                                       Adj R-squared =  0.8376
                                                       Root MSE      =   .2038

                               (Std. Err. adjusted for 43 clusters in jurcode)
------------------------------------------------------------------------------
             |               Robust
     lnavval |      Coef.   Std. Err.      t    P>|t|     [95% Conf. Interval]
-------------+----------------------------------------------------------------
     big1980 |  -.0638351   .0232962    -2.74   0.009    -.1108488   -.0168214
  Cyear_1980 |    .017402   .1651046     0.11   0.917    -.3157926    .3505966
 Aborderno_1 |  (omitted)
 Aborderno_2 |  (omitted)
 Aborderno_3 |  (omitted)
 Aborderno_4 |  (omitted)
 Aborderno_5 |  (omitted)
 Aborderno_8 |  (omitted)
 Aborderno_9 |  (omitted)
Aborderno_10 |  (omitted)
Aborderno_11 |  (omitted)
Aborderno_12 |  (omitted)
Aborderno_13 |  (omitted)
Aborderno_14 |  (omitted)
Aborderno_15 |  (omitted)
Aborderno_16 |  (omitted)
Aborderno_17 |  (omitted)
Aborderno_18 |  (omitted)
Aborderno_19 |  (omitted)
Aborderno_20 |  (omitted)
Aborderno_22 |  (omitted)
Aborderno_24 |  (omitted)
Aborderno_25 |  (omitted)
Aborderno_26 |  (omitted)
Aborderno_27 |  (omitted)
Aborderno_28 |  (omitted)
Aborderno_31 |  (omitted)
Aborderno_32 |  (omitted)
Aborderno_33 |  (omitted)
Aborderno_34 |  (omitted)
Aborderno_35 |  (omitted)
Aborderno_36 |  (omitted)
Aborderno_37 |  (omitted)
Aborderno_38 |  (omitted)
Aborderno_39 |  (omitted)
Aborderno_40 |  (omitted)
Aborderno_41 |  (omitted)
Aborderno_43 |  (omitted)
Aborderno_47 |  (omitted)
Aborderno_61 |  (omitted)
Aborderno_62 |  (omitted)
Aborderno_64 |  (omitted)
Aborderno_66 |  (omitted)
Aborderno_67 |  (omitted)
Aborderno_73 |  (omitted)
Aborderno_74 |  (omitted)
Aborderno_75 |  (omitted)
Aborderno_76 |  (omitted)
Abordern~101 |  (omitted)
Abordern~102 |  (omitted)
Abordern~103 |  (omitted)
Abordern~104 |  (omitted)
Abordern~105 |  (omitted)
Abordern~111 |  (omitted)
Abordern~114 |  (omitted)
Abordern~116 |  (omitted)
Abordern~117 |  (omitted)
Abordern~118 |  (omitted)
Abordern~120 |  (omitted)
Abordern~121 |  (omitted)
Abordern~122 |  (omitted)
Abordern~125 |  (omitted)
Abordern~128 |  (omitted)
Abordern~129 |  (omitted)
Abordern~130 |  (omitted)
Abordern~131 |  (omitted)
Abordern~300 |  (omitted)
Abordern~301 |  (omitted)
Abordern~302 |  (omitted)
Abordern~307 |  (omitted)
Abordern~309 |  (omitted)
Abordern~312 |  (omitted)
Abordern~313 |  (omitted)
Abordern~314 |  (omitted)
Abordern~316 |  (omitted)
Abordern~320 |  (omitted)
Abordern~321 |  (omitted)
Abordern~322 |  (omitted)
Abordern~324 |  (omitted)
Abordern~329 |  (omitted)
Abordern~330 |  (omitted)
  Ayear_1980 |  (omitted)
Abor~_1_1980 |  (omitted)
Abor~_2_1980 |  (omitted)
Abor~_3_1980 |   .2299198   .1739854     1.32   0.193     -.121197    .5810366
Abor~_4_1980 |  (omitted)
AborXyea_5~0 |   .0896711   .1915857     0.47   0.642    -.2969646    .4763068
AborXyea_8~0 |  (omitted)
AborXyea_9~0 |   .6183096   .1735774     3.56   0.001     .2680162    .9686029
Abor~10_1980 |   .6479282   .1650864     3.92   0.000     .3147703    .9810861
Abo~_11_1980 |   .5967524    .165227     3.61   0.001     .2633108    .9301941
Abo~_12_1980 |   .3625007   .1655679     2.19   0.034     .0283712    .6966303
Abo~_13_1980 |  (omitted)
Abo~_14_1980 |  (omitted)
Abor~15_1980 |   .9574711   .1649546     5.80   0.000     .6245792    1.290363
Abo~_16_1980 |   .7135618   .1664581     4.29   0.000     .3776357    1.049488
Abo~_17_1980 |  (omitted)
Abo~_18_1980 |  (omitted)
Abor~19_1980 |  (omitted)
Abo~_20_1980 |  (omitted)
Abo~_22_1980 |  (omitted)
Abo~_24_1980 |   .2374316   .1651046     1.44   0.158     -.095763    .5706262
Abo~_25_1980 |  (omitted)
Abor~26_1980 |  (omitted)
Abor~27_1980 |  (omitted)
Abo~_28_1980 |   .4008362    .183029     2.19   0.034     .0314686    .7702037
Abo~_31_1980 |   .1104514   .1693372     0.65   0.518    -.2312849    .4521877
Abor~32_1980 |  (omitted)
Abor~33_1980 |  (omitted)
Abor~34_1980 |  (omitted)
Abor~35_1980 |  (omitted)
Abor~36_1980 |  (omitted)
Abor~37_1980 |  (omitted)
Abor~38_1980 |  (omitted)
Abor~39_1980 |  (omitted)
Abor~40_1980 |  (omitted)
Abor~41_1980 |  (omitted)
Abor~43_1980 |   .8155382   .1783804     4.57   0.000      .455552    1.175524
Abor~47_1980 |  (omitted)
Abor~61_1980 |   .3741006   .1925462     1.94   0.059    -.0144735    .7626746
Abor~62_1980 |   .3070579   .1699718     1.81   0.078    -.0359592     .650075
Abor~64_1980 |  (omitted)
Abor~66_1980 |   .1092711   .1654835     0.66   0.513    -.2246882    .4432303
Abor~67_1980 |   .0652018   .1650349     0.40   0.695     -.267852    .3982556
Abor~73_1980 |  (omitted)
Abor~74_1980 |   .8273891   .1650442     5.01   0.000     .4943165    1.160462
Abor~75_1980 |   .1063612   .1659379     0.64   0.525     -.228515    .4412375
Abor~76_1980 |  (omitted)
Abo~101_1980 |  (omitted)
Abo~102_1980 |  (omitted)
Abor~03_1980 |  (omitted)
Abor~04_1980 |  (omitted)
Abor~05_1980 |  (omitted)
Abo~111_1980 |  (omitted)
Abo~114_1980 |  (omitted)
Abo~116_1980 |  (omitted)
Abo~117_1980 |  (omitted)
Abo~118_1980 |  (omitted)
Abo~120_1980 |  (omitted)
Abo~121_1980 |  (omitted)
Abo~122_1980 |  (omitted)
Abo~125_1980 |  (omitted)
Abo~128_1980 |  (omitted)
Abo~129_1980 |  (omitted)
Abo~130_1980 |   .2090851   .1703666     1.23   0.227    -.1347286    .5528989
Abo~131_1980 |   .0594342   .1659092     0.36   0.722    -.2753841    .3942526
Abor~00_1980 |   .1152085   .1657252     0.70   0.491    -.2192384    .4496554
Abo~301_1980 |  (omitted)
Abo~302_1980 |  (omitted)
Abor~07_1980 |  (omitted)
Abor~09_1980 |  (omitted)
Abo~312_1980 |   -.236127   .1672795    -1.41   0.165    -.5737107    .1014567
Abo~313_1980 |   .1306068   .1651046     0.79   0.433    -.2025878    .4638014
Abo~314_1980 |  -.2515797    .164985    -1.52   0.135    -.5845329    .0813734
Abo~316_1980 |   -.062535   .1773098    -0.35   0.726    -.4203606    .2952906
Abo~320_1980 |   .7309702   .1926377     3.79   0.000     .3422116    1.119729
Abo~321_1980 |   .8055034   .1653856     4.87   0.000     .4717418    1.139265
Abo~322_1980 |   .3492264   .1659773     2.10   0.041     .0142707    .6841821
Abo~324_1980 |  (omitted)
Abo~329_1980 |   .0832442   .1869715     0.45   0.658    -.2940795    .4605679
Abo~330_1980 |  (omitted)
       _cons |   11.55278   .0044849  2575.94   0.000     11.54373    11.56184
-------------+----------------------------------------------------------------
       extra |   absorbed                                      (60 categories)

. /* 1970 vs. 1980: No order*/
. areg lnavval bigside_m big1980 Cyear_1980 if tierno<2 & yesorder_m==0 [aw=house_ownocc], absorb(borderno) cluster(jurcode)

Linear regression, absorbing indicators                Number of obs =    2847
                                                       F(  3,    80) =   36.80
                                                       Prob > F      =  0.0000
                                                       R-squared     =  0.6917
                                                       Adj R-squared =  0.6860
                                                       Root MSE      =  .24992

                               (Std. Err. adjusted for 81 clusters in jurcode)
------------------------------------------------------------------------------
             |               Robust
     lnavval |      Coef.   Std. Err.      t    P>|t|     [95% Conf. Interval]
-------------+----------------------------------------------------------------
   bigside_m |  -.0341856   .0378755    -0.90   0.369    -.1095603    .0411892
     big1980 |    .031732   .0749738     0.42   0.673    -.1174707    .1809347
  Cyear_1980 |   .3489344   .0466866     7.47   0.000     .2560251    .4418438
       _cons |   11.56998   .0282268   409.89   0.000     11.51381    11.62615
-------------+----------------------------------------------------------------
    borderno |   absorbed                                      (50 categories)

. areg lnavval big1980 Cyear_1980 A* if tierno<2 & yesorder_m==0 [aw=house_ownocc], absorb(extra) cluster(jurcode)
note: Aborderno_1 omitted because of collinearity
note: Aborderno_2 omitted because of collinearity
note: Aborderno_3 omitted because of collinearity
note: Aborderno_4 omitted because of collinearity
note: Aborderno_5 omitted because of collinearity
note: Aborderno_8 omitted because of collinearity
note: Aborderno_9 omitted because of collinearity
note: Aborderno_10 omitted because of collinearity
note: Aborderno_11 omitted because of collinearity
note: Aborderno_12 omitted because of collinearity
note: Aborderno_13 omitted because of collinearity
note: Aborderno_14 omitted because of collinearity
note: Aborderno_15 omitted because of collinearity
note: Aborderno_16 omitted because of collinearity
note: Aborderno_17 omitted because of collinearity
note: Aborderno_18 omitted because of collinearity
note: Aborderno_19 omitted because of collinearity
note: Aborderno_20 omitted because of collinearity
note: Aborderno_22 omitted because of collinearity
note: Aborderno_24 omitted because of collinearity
note: Aborderno_25 omitted because of collinearity
note: Aborderno_26 omitted because of collinearity
note: Aborderno_27 omitted because of collinearity
note: Aborderno_28 omitted because of collinearity
note: Aborderno_31 omitted because of collinearity
note: Aborderno_32 omitted because of collinearity
note: Aborderno_33 omitted because of collinearity
note: Aborderno_34 omitted because of collinearity
note: Aborderno_35 omitted because of collinearity
note: Aborderno_36 omitted because of collinearity
note: Aborderno_37 omitted because of collinearity
note: Aborderno_38 omitted because of collinearity
note: Aborderno_39 omitted because of collinearity
note: Aborderno_40 omitted because of collinearity
note: Aborderno_41 omitted because of collinearity
note: Aborderno_43 omitted because of collinearity
note: Aborderno_47 omitted because of collinearity
note: Aborderno_61 omitted because of collinearity
note: Aborderno_62 omitted because of collinearity
note: Aborderno_64 omitted because of collinearity
note: Aborderno_66 omitted because of collinearity
note: Aborderno_67 omitted because of collinearity
note: Aborderno_73 omitted because of collinearity
note: Aborderno_74 omitted because of collinearity
note: Aborderno_75 omitted because of collinearity
note: Aborderno_76 omitted because of collinearity
note: Aborderno_101 omitted because of collinearity
note: Aborderno_102 omitted because of collinearity
note: Aborderno_103 omitted because of collinearity
note: Aborderno_104 omitted because of collinearity
note: Aborderno_105 omitted because of collinearity
note: Aborderno_111 omitted because of collinearity
note: Aborderno_114 omitted because of collinearity
note: Aborderno_116 omitted because of collinearity
note: Aborderno_117 omitted because of collinearity
note: Aborderno_118 omitted because of collinearity
note: Aborderno_120 omitted because of collinearity
note: Aborderno_121 omitted because of collinearity
note: Aborderno_122 omitted because of collinearity
note: Aborderno_125 omitted because of collinearity
note: Aborderno_128 omitted because of collinearity
note: Aborderno_129 omitted because of collinearity
note: Aborderno_130 omitted because of collinearity
note: Aborderno_131 omitted because of collinearity
note: Aborderno_300 omitted because of collinearity
note: Aborderno_301 omitted because of collinearity
note: Aborderno_302 omitted because of collinearity
note: Aborderno_307 omitted because of collinearity
note: Aborderno_309 omitted because of collinearity
note: Aborderno_312 omitted because of collinearity
note: Aborderno_313 omitted because of collinearity
note: Aborderno_314 omitted because of collinearity
note: Aborderno_316 omitted because of collinearity
note: Aborderno_320 omitted because of collinearity
note: Aborderno_321 omitted because of collinearity
note: Aborderno_322 omitted because of collinearity
note: Aborderno_324 omitted because of collinearity
note: Aborderno_329 omitted because of collinearity
note: Aborderno_330 omitted because of collinearity
note: Ayear_1980 omitted because of collinearity
note: AborXyea_3_1980 omitted because of collinearity
note: AborXyea_5_1980 omitted because of collinearity
note: AborXyea_9_1980 omitted because of collinearity
note: AborXyea_10_1980 omitted because of collinearity
note: AborXyea_11_1980 omitted because of collinearity
note: AborXyea_12_1980 omitted because of collinearity
note: AborXyea_15_1980 omitted because of collinearity
note: AborXyea_16_1980 omitted because of collinearity
note: AborXyea_24_1980 omitted because of collinearity
note: AborXyea_25_1980 omitted because of collinearity
note: AborXyea_28_1980 omitted because of collinearity
note: AborXyea_31_1980 omitted because of collinearity
note: AborXyea_43_1980 omitted because of collinearity
note: AborXyea_61_1980 omitted because of collinearity
note: AborXyea_62_1980 omitted because of collinearity
note: AborXyea_66_1980 omitted because of collinearity
note: AborXyea_67_1980 omitted because of collinearity
note: AborXyea_74_1980 omitted because of collinearity
note: AborXyea_75_1980 omitted because of collinearity
note: AborXyea_130_1980 omitted because of collinearity
note: AborXyea_131_1980 omitted because of collinearity
note: AborXyea_300_1980 omitted because of collinearity
note: AborXyea_312_1980 omitted because of collinearity
note: AborXyea_313_1980 omitted because of collinearity
note: AborXyea_314_1980 omitted because of collinearity
note: AborXyea_316_1980 omitted because of collinearity
note: AborXyea_320_1980 omitted because of collinearity
note: AborXyea_321_1980 omitted because of collinearity
note: AborXyea_322_1980 omitted because of collinearity
note: AborXyea_329_1980 omitted because of collinearity

Linear regression, absorbing indicators                Number of obs =    2847
                                                       F( 49, 80)    =       .
                                                       Prob > F      =
                                                       R-squared     =  0.7941
                                                       Adj R-squared =  0.7826
                                                       Root MSE      =  .20786

                               (Std. Err. adjusted for 81 clusters in jurcode)
------------------------------------------------------------------------------
             |               Robust
     lnavval |      Coef.   Std. Err.      t    P>|t|     [95% Conf. Interval]
-------------+----------------------------------------------------------------
     big1980 |  -.0043182    .016074    -0.27   0.789    -.0363065    .0276701
  Cyear_1980 |   .5365164   .0211523    25.36   0.000     .4944219     .578611
 Aborderno_1 |  (omitted)
 Aborderno_2 |  (omitted)
 Aborderno_3 |  (omitted)
 Aborderno_4 |  (omitted)
 Aborderno_5 |  (omitted)
 Aborderno_8 |  (omitted)
 Aborderno_9 |  (omitted)
Aborderno_10 |  (omitted)
Aborderno_11 |  (omitted)
Aborderno_12 |  (omitted)
Aborderno_13 |  (omitted)
Aborderno_14 |  (omitted)
Aborderno_15 |  (omitted)
Aborderno_16 |  (omitted)
Aborderno_17 |  (omitted)
Aborderno_18 |  (omitted)
Aborderno_19 |  (omitted)
Aborderno_20 |  (omitted)
Aborderno_22 |  (omitted)
Aborderno_24 |  (omitted)
Aborderno_25 |  (omitted)
Aborderno_26 |  (omitted)
Aborderno_27 |  (omitted)
Aborderno_28 |  (omitted)
Aborderno_31 |  (omitted)
Aborderno_32 |  (omitted)
Aborderno_33 |  (omitted)
Aborderno_34 |  (omitted)
Aborderno_35 |  (omitted)
Aborderno_36 |  (omitted)
Aborderno_37 |  (omitted)
Aborderno_38 |  (omitted)
Aborderno_39 |  (omitted)
Aborderno_40 |  (omitted)
Aborderno_41 |  (omitted)
Aborderno_43 |  (omitted)
Aborderno_47 |  (omitted)
Aborderno_61 |  (omitted)
Aborderno_62 |  (omitted)
Aborderno_64 |  (omitted)
Aborderno_66 |  (omitted)
Aborderno_67 |  (omitted)
Aborderno_73 |  (omitted)
Aborderno_74 |  (omitted)
Aborderno_75 |  (omitted)
Aborderno_76 |  (omitted)
Abordern~101 |  (omitted)
Abordern~102 |  (omitted)
Abordern~103 |  (omitted)
Abordern~104 |  (omitted)
Abordern~105 |  (omitted)
Abordern~111 |  (omitted)
Abordern~114 |  (omitted)
Abordern~116 |  (omitted)
Abordern~117 |  (omitted)
Abordern~118 |  (omitted)
Abordern~120 |  (omitted)
Abordern~121 |  (omitted)
Abordern~122 |  (omitted)
Abordern~125 |  (omitted)
Abordern~128 |  (omitted)
Abordern~129 |  (omitted)
Abordern~130 |  (omitted)
Abordern~131 |  (omitted)
Abordern~300 |  (omitted)
Abordern~301 |  (omitted)
Abordern~302 |  (omitted)
Abordern~307 |  (omitted)
Abordern~309 |  (omitted)
Abordern~312 |  (omitted)
Abordern~313 |  (omitted)
Abordern~314 |  (omitted)
Abordern~316 |  (omitted)
Abordern~320 |  (omitted)
Abordern~321 |  (omitted)
Abordern~322 |  (omitted)
Abordern~324 |  (omitted)
Abordern~329 |  (omitted)
Abordern~330 |  (omitted)
  Ayear_1980 |  (omitted)
Abor~_1_1980 |  -.2928275   .0231222   -12.66   0.000    -.3388422   -.2468129
Abor~_2_1980 |  -.2934717   .0487409    -6.02   0.000    -.3904692   -.1964741
Abor~_3_1980 |  (omitted)
Abor~_4_1980 |  -.5454802   .3101881    -1.76   0.082    -1.162774    .0718138
AborXyea_5~0 |  (omitted)
AborXyea_8~0 |   .0826205   .0329266     2.51   0.014     .0170944    .1481466
AborXyea_9~0 |  (omitted)
Abor~10_1980 |  (omitted)
Abo~_11_1980 |  (omitted)
Abo~_12_1980 |  (omitted)
Abo~_13_1980 |   .2994966   .0396843     7.55   0.000     .2205224    .3784708
Abo~_14_1980 |   .1102842    .018599     5.93   0.000     .0732709    .1472974
Abor~15_1980 |  (omitted)
Abo~_16_1980 |  (omitted)
Abo~_17_1980 |  -.0492419   .0463734    -1.06   0.291     -.141528    .0430442
Abo~_18_1980 |   .1063074   .0240728     4.42   0.000     .0584011    .1542137
Abor~19_1980 |  -.0002238   .0186723    -0.01   0.990    -.0373829    .0369354
Abo~_20_1980 |  -.0428018   .0276685    -1.55   0.126    -.0978638    .0122602
Abo~_22_1980 |  -.3157418   .0246137   -12.83   0.000    -.3647247    -.266759
Abo~_24_1980 |  (omitted)
Abo~_25_1980 |  (omitted)
Abor~26_1980 |  -.2571036   .0334304    -7.69   0.000    -.3236322   -.1905751
Abor~27_1980 |  -.1348263   .0567497    -2.38   0.020    -.2477618   -.0218909
Abo~_28_1980 |  (omitted)
Abo~_31_1980 |  (omitted)
Abor~32_1980 |  -.3922018   .0415217    -9.45   0.000    -.4748327   -.3095709
Abor~33_1980 |  -.3778901   .0302059   -12.51   0.000    -.4380018   -.3177784
Abor~34_1980 |  -.3411213   .0692828    -4.92   0.000    -.4789984   -.2032442
Abor~35_1980 |  -.4744042   .0274781   -17.26   0.000    -.5290872   -.4197211
Abor~36_1980 |   -.365548    .032155   -11.37   0.000    -.4295385   -.3015575
Abor~37_1980 |  -.6243253   .0515983   -12.10   0.000    -.7270092   -.5216413
Abor~38_1980 |  -.6495545    .018244   -35.60   0.000    -.6858612   -.6132478
Abor~39_1980 |   -.009318   .0714612    -0.13   0.897    -.1515303    .1328942
Abor~40_1980 |  -.0632395   .0360632    -1.75   0.083    -.1350076    .0085286
Abor~41_1980 |   .3112025   .0379905     8.19   0.000     .2355991     .386806
Abor~43_1980 |  (omitted)
Abor~47_1980 |  -.3597547   .0296959   -12.11   0.000    -.4188514    -.300658
Abor~61_1980 |  (omitted)
Abor~62_1980 |  (omitted)
Abor~64_1980 |   .0040194   .0212511     0.19   0.850    -.0382716    .0463104
Abor~66_1980 |  (omitted)
Abor~67_1980 |  (omitted)
Abor~73_1980 |  -.3266104   .0376327    -8.68   0.000    -.4015018    -.251719
Abor~74_1980 |  (omitted)
Abor~75_1980 |  (omitted)
Abor~76_1980 |  -.0889491    .050958    -1.75   0.085    -.1903587    .0124605
Abo~101_1980 |  -.3190897   .0226251   -14.10   0.000     -.364115   -.2740644
Abo~102_1980 |  -.3110136   .0215446   -14.44   0.000    -.3538888   -.2681385
Abor~03_1980 |  -.2327893   .0642045    -3.63   0.001    -.3605602   -.1050183
Abor~04_1980 |  -.3034796   .0621013    -4.89   0.000    -.4270652   -.1798941
Abor~05_1980 |  -.1863588   .0190139    -9.80   0.000    -.2241977   -.1485199
Abo~111_1980 |  -.2214126   .0554696    -3.99   0.000    -.3318005   -.1110246
Abo~114_1980 |   -.425954   .0378512   -11.25   0.000    -.5012803   -.3506277
Abo~116_1980 |  -.2822164   .0461806    -6.11   0.000    -.3741187   -.1903141
Abo~117_1980 |  -.4651626   .1158941    -4.01   0.000    -.6957992    -.234526
Abo~118_1980 |  -.4485633   .0209771   -21.38   0.000     -.490309   -.4068177
Abo~120_1980 |  -.3768203   .0741525    -5.08   0.000    -.5243884   -.2292522
Abo~121_1980 |  -.3965828   .0387126   -10.24   0.000    -.4736234   -.3195423
Abo~122_1980 |  -.4188068   .0313154   -13.37   0.000    -.4811264   -.3564872
Abo~125_1980 |  -.1950151    .020882    -9.34   0.000    -.2365716   -.1534587
Abo~128_1980 |  -.0346746   .0284483    -1.22   0.226    -.0912885    .0219392
Abo~129_1980 |  -.3678954   .0678667    -5.42   0.000    -.5029544   -.2328365
Abo~130_1980 |  (omitted)
Abo~131_1980 |  (omitted)
Abor~00_1980 |  (omitted)
Abo~301_1980 |  -.2726218   .0982541    -2.77   0.007    -.4681536   -.0770899
Abo~302_1980 |   -.458797   .0192029   -23.89   0.000     -.497012   -.4205821
Abor~07_1980 |  -.2148458   .0224292    -9.58   0.000    -.2594814   -.1702102
Abor~09_1980 |   .0281076   .0324613     0.87   0.389    -.0364924    .0927077
Abo~312_1980 |  (omitted)
Abo~313_1980 |  (omitted)
Abo~314_1980 |  (omitted)
Abo~316_1980 |  (omitted)
Abo~320_1980 |  (omitted)
Abo~321_1980 |  (omitted)
Abo~322_1980 |  (omitted)
Abo~324_1980 |   .1277257   .0207174     6.17   0.000     .0864968    .1689546
Abo~329_1980 |  (omitted)
Abo~330_1980 |  -.1262269   .0382556    -3.30   0.001     -.202358   -.0500958
       _cons |   11.55534   .0044923  2572.25   0.000      11.5464    11.56428
-------------+----------------------------------------------------------------
       extra |   absorbed                                     (100 categories)

. /* Full sample*/
. areg lnavval yesbig1980 big1980 bigside_m yesbig if tierno<2 [aw=house_ownocc], absorb(extra1) cluster(jurcode)

Linear regression, absorbing indicators                Number of obs =    4352
                                                       F(  4,   117) =    4.26
                                                       Prob > F      =  0.0030
                                                       R-squared     =  0.7952
                                                       Adj R-squared =  0.7872
                                                       Root MSE      =  .21537

                              (Std. Err. adjusted for 118 clusters in jurcode)
------------------------------------------------------------------------------
             |               Robust
     lnavval |      Coef.   Std. Err.      t    P>|t|     [95% Conf. Interval]
-------------+----------------------------------------------------------------
  yesbig1980 |  -.0531695   .0254568    -2.09   0.039    -.1035853   -.0027537
     big1980 |   .0040389   .0163433     0.25   0.805    -.0283282    .0364059
   bigside_m |  -.0258897   .0149121    -1.74   0.085    -.0554224    .0036431
      yesbig |  -.0214764   .0203735    -1.05   0.294     -.061825    .0188723
       _cons |   11.74192   .0089756  1308.20   0.000     11.72415     11.7597
-------------+----------------------------------------------------------------
      extra1 |   absorbed                                     (160 categories)

. areg lnavval yesbig1980 big1980 A* if tierno<2 [aw=house_ownocc], absorb(extra) cluster(jurcode)
note: Aborderno_1 omitted because of collinearity
note: Aborderno_2 omitted because of collinearity
note: Aborderno_3 omitted because of collinearity
note: Aborderno_4 omitted because of collinearity
note: Aborderno_5 omitted because of collinearity
note: Aborderno_8 omitted because of collinearity
note: Aborderno_9 omitted because of collinearity
note: Aborderno_10 omitted because of collinearity
note: Aborderno_11 omitted because of collinearity
note: Aborderno_12 omitted because of collinearity
note: Aborderno_13 omitted because of collinearity
note: Aborderno_14 omitted because of collinearity
note: Aborderno_15 omitted because of collinearity
note: Aborderno_16 omitted because of collinearity
note: Aborderno_17 omitted because of collinearity
note: Aborderno_18 omitted because of collinearity
note: Aborderno_19 omitted because of collinearity
note: Aborderno_20 omitted because of collinearity
note: Aborderno_22 omitted because of collinearity
note: Aborderno_24 omitted because of collinearity
note: Aborderno_25 omitted because of collinearity
note: Aborderno_26 omitted because of collinearity
note: Aborderno_27 omitted because of collinearity
note: Aborderno_28 omitted because of collinearity
note: Aborderno_31 omitted because of collinearity
note: Aborderno_32 omitted because of collinearity
note: Aborderno_33 omitted because of collinearity
note: Aborderno_34 omitted because of collinearity
note: Aborderno_35 omitted because of collinearity
note: Aborderno_36 omitted because of collinearity
note: Aborderno_37 omitted because of collinearity
note: Aborderno_38 omitted because of collinearity
note: Aborderno_39 omitted because of collinearity
note: Aborderno_40 omitted because of collinearity
note: Aborderno_41 omitted because of collinearity
note: Aborderno_43 omitted because of collinearity
note: Aborderno_47 omitted because of collinearity
note: Aborderno_61 omitted because of collinearity
note: Aborderno_62 omitted because of collinearity
note: Aborderno_64 omitted because of collinearity
note: Aborderno_66 omitted because of collinearity
note: Aborderno_67 omitted because of collinearity
note: Aborderno_73 omitted because of collinearity
note: Aborderno_74 omitted because of collinearity
note: Aborderno_75 omitted because of collinearity
note: Aborderno_76 omitted because of collinearity
note: Aborderno_101 omitted because of collinearity
note: Aborderno_102 omitted because of collinearity
note: Aborderno_103 omitted because of collinearity
note: Aborderno_104 omitted because of collinearity
note: Aborderno_105 omitted because of collinearity
note: Aborderno_111 omitted because of collinearity
note: Aborderno_114 omitted because of collinearity
note: Aborderno_116 omitted because of collinearity
note: Aborderno_117 omitted because of collinearity
note: Aborderno_118 omitted because of collinearity
note: Aborderno_120 omitted because of collinearity
note: Aborderno_121 omitted because of collinearity
note: Aborderno_122 omitted because of collinearity
note: Aborderno_125 omitted because of collinearity
note: Aborderno_128 omitted because of collinearity
note: Aborderno_129 omitted because of collinearity
note: Aborderno_130 omitted because of collinearity
note: Aborderno_131 omitted because of collinearity
note: Aborderno_300 omitted because of collinearity
note: Aborderno_301 omitted because of collinearity
note: Aborderno_302 omitted because of collinearity
note: Aborderno_307 omitted because of collinearity
note: Aborderno_309 omitted because of collinearity
note: Aborderno_312 omitted because of collinearity
note: Aborderno_313 omitted because of collinearity
note: Aborderno_314 omitted because of collinearity
note: Aborderno_316 omitted because of collinearity
note: Aborderno_320 omitted because of collinearity
note: Aborderno_321 omitted because of collinearity
note: Aborderno_322 omitted because of collinearity
note: Aborderno_324 omitted because of collinearity
note: Aborderno_329 omitted because of collinearity
note: Aborderno_330 omitted because of collinearity

Linear regression, absorbing indicators                Number of obs =    4352
                                                       F( 77, 117)   =       .
                                                       Prob > F      =
                                                       R-squared     =  0.8150
                                                       Adj R-squared =  0.8041
                                                       Root MSE      =  .20652

                              (Std. Err. adjusted for 118 clusters in jurcode)
------------------------------------------------------------------------------
             |               Robust
     lnavval |      Coef.   Std. Err.      t    P>|t|     [95% Conf. Interval]
-------------+----------------------------------------------------------------
  yesbig1980 |  -.0595169   .0278213    -2.14   0.034    -.1146156   -.0044182
     big1980 |  -.0043182   .0160654    -0.27   0.789    -.0361349    .0274984
 Aborderno_1 |  (omitted)
 Aborderno_2 |  (omitted)
 Aborderno_3 |  (omitted)
 Aborderno_4 |  (omitted)
 Aborderno_5 |  (omitted)
 Aborderno_8 |  (omitted)
 Aborderno_9 |  (omitted)
Aborderno_10 |  (omitted)
Aborderno_11 |  (omitted)
Aborderno_12 |  (omitted)
Aborderno_13 |  (omitted)
Aborderno_14 |  (omitted)
Aborderno_15 |  (omitted)
Aborderno_16 |  (omitted)
Aborderno_17 |  (omitted)
Aborderno_18 |  (omitted)
Aborderno_19 |  (omitted)
Aborderno_20 |  (omitted)
Aborderno_22 |  (omitted)
Aborderno_24 |  (omitted)
Aborderno_25 |  (omitted)
Aborderno_26 |  (omitted)
Aborderno_27 |  (omitted)
Aborderno_28 |  (omitted)
Aborderno_31 |  (omitted)
Aborderno_32 |  (omitted)
Aborderno_33 |  (omitted)
Aborderno_34 |  (omitted)
Aborderno_35 |  (omitted)
Aborderno_36 |  (omitted)
Aborderno_37 |  (omitted)
Aborderno_38 |  (omitted)
Aborderno_39 |  (omitted)
Aborderno_40 |  (omitted)
Aborderno_41 |  (omitted)
Aborderno_43 |  (omitted)
Aborderno_47 |  (omitted)
Aborderno_61 |  (omitted)
Aborderno_62 |  (omitted)
Aborderno_64 |  (omitted)
Aborderno_66 |  (omitted)
Aborderno_67 |  (omitted)
Aborderno_73 |  (omitted)
Aborderno_74 |  (omitted)
Aborderno_75 |  (omitted)
Aborderno_76 |  (omitted)
Abordern~101 |  (omitted)
Abordern~102 |  (omitted)
Abordern~103 |  (omitted)
Abordern~104 |  (omitted)
Abordern~105 |  (omitted)
Abordern~111 |  (omitted)
Abordern~114 |  (omitted)
Abordern~116 |  (omitted)
Abordern~117 |  (omitted)
Abordern~118 |  (omitted)
Abordern~120 |  (omitted)
Abordern~121 |  (omitted)
Abordern~122 |  (omitted)
Abordern~125 |  (omitted)
Abordern~128 |  (omitted)
Abordern~129 |  (omitted)
Abordern~130 |  (omitted)
Abordern~131 |  (omitted)
Abordern~300 |  (omitted)
Abordern~301 |  (omitted)
Abordern~302 |  (omitted)
Abordern~307 |  (omitted)
Abordern~309 |  (omitted)
Abordern~312 |  (omitted)
Abordern~313 |  (omitted)
Abordern~314 |  (omitted)
Abordern~316 |  (omitted)
Abordern~320 |  (omitted)
Abordern~321 |  (omitted)
Abordern~322 |  (omitted)
Abordern~324 |  (omitted)
Abordern~329 |  (omitted)
Abordern~330 |  (omitted)
  Ayear_1980 |   .5365164    .021141    25.38   0.000     .4946478    .5783851
Abor~_1_1980 |  -.2928275   .0231098   -12.67   0.000    -.3385953   -.2470598
Abor~_2_1980 |  -.2934717   .0487148    -6.02   0.000    -.3899487   -.1969947
Abor~_3_1980 |  -.2891946   .0588277    -4.92   0.000    -.4056999   -.1726894
Abor~_4_1980 |  -.5454802   .3100215    -1.76   0.081    -1.159462    .0685012
AborXyea_5~0 |  -.4294433   .0986888    -4.35   0.000    -.6248914   -.2339953
AborXyea_8~0 |   .0826205    .032909     2.51   0.013      .017446     .147795
AborXyea_9~0 |   .0991951   .0590165     1.68   0.095     -.017684    .2160742
Abor~10_1980 |   .1288138    .024488     5.26   0.000     .0803165     .177311
Abo~_11_1980 |    .077638   .0243488     3.19   0.002     .0294164    .1258596
Abo~_12_1980 |  -.1566137   .0277601    -5.64   0.000     -.211591   -.1016364
Abo~_13_1980 |   .2994966   .0396629     7.55   0.000     .2209462     .378047
Abo~_14_1980 |   .1102842    .018589     5.93   0.000     .0734695    .1470988
Abor~15_1980 |   .4383566   .0224846    19.50   0.000      .393827    .4828863
Abo~_16_1980 |   .1944474   .0350006     5.56   0.000     .1251306    .2637643
Abo~_17_1980 |  -.0492419   .0463485    -1.06   0.290    -.1410327     .042549
Abo~_18_1980 |   .1063074   .0240598     4.42   0.000     .0586582    .1539566
Abor~19_1980 |  -.0002238   .0186623    -0.01   0.990    -.0371835     .036736
Abo~_20_1980 |  -.0428018   .0276536    -1.55   0.124    -.0975683    .0119647
Abo~_22_1980 |  -.3157418   .0246005   -12.83   0.000    -.3644618   -.2670218
Abo~_24_1980 |  -.2816828    .021141   -13.32   0.000    -.3235514   -.2398142
Abo~_25_1980 |  -.5191144    .164831    -3.15   0.002    -.8455536   -.1926753
Abor~26_1980 |  -.2571036   .0334124    -7.69   0.000    -.3232752   -.1909321
Abor~27_1980 |  -.1348263   .0567192    -2.38   0.019    -.2471557   -.0224969
Abo~_28_1980 |  -.1182783    .082617    -1.43   0.155    -.2818969    .0453403
Abo~_31_1980 |   -.408663   .0453466    -9.01   0.000    -.4984696   -.3188564
Abor~32_1980 |  -.3922018   .0414994    -9.45   0.000    -.4743892   -.3100143
Abor~33_1980 |  -.3778901   .0301897   -12.52   0.000    -.4376792    -.318101
Abor~34_1980 |  -.3411213   .0692456    -4.93   0.000    -.4782585   -.2039841
Abor~35_1980 |  -.4744042   .0274633   -17.27   0.000    -.5287938   -.4200145
Abor~36_1980 |   -.365548   .0321377   -11.37   0.000    -.4291951   -.3019009
Abor~37_1980 |  -.6243253   .0515706   -12.11   0.000    -.7264582   -.5221923
Abor~38_1980 |  -.6495545   .0182342   -35.62   0.000    -.6856663   -.6134427
Abor~39_1980 |   -.009318   .0714228    -0.13   0.896    -.1507671    .1321311
Abor~40_1980 |  -.0632395   .0360438    -1.75   0.082    -.1346225    .0081434
Abor~41_1980 |   .3112025   .0379701     8.20   0.000     .2360048    .3864003
Abor~43_1980 |   .2964238    .071322     4.16   0.000     .1551743    .4376733
Abor~47_1980 |  -.3597547     .02968   -12.12   0.000    -.4185343   -.3009751
Abor~61_1980 |  -.1450139   .1006214    -1.44   0.152    -.3442894    .0542616
Abor~62_1980 |  -.2120565   .0463511    -4.58   0.000    -.3038524   -.1202607
Abor~64_1980 |   .0040194   .0212397     0.19   0.850    -.0380447    .0460835
Abor~66_1980 |  -.4098434   .0245906   -16.67   0.000    -.4585438   -.3611429
Abor~67_1980 |  -.4539126   .0237352   -19.12   0.000    -.5009189   -.4069063
Abor~73_1980 |  -.3266104   .0376125    -8.68   0.000    -.4010999   -.2521209
Abor~74_1980 |   .3082747   .0244169    12.63   0.000     .2599183    .3566311
Abor~75_1980 |  -.4127532   .0307107   -13.44   0.000    -.4735742   -.3519322
Abor~76_1980 |  -.0889491   .0509306    -1.75   0.083    -.1898145    .0119163
Abo~101_1980 |  -.3190897   .0226129   -14.11   0.000    -.3638734    -.274306
Abo~102_1980 |  -.3110136    .021533   -14.44   0.000    -.3536587   -.2683686
Abor~03_1980 |  -.2327893     .06417    -3.63   0.000    -.3598746    -.105704
Abor~04_1980 |  -.3034796    .062068    -4.89   0.000     -.426402   -.1805573
Abor~05_1980 |  -.1863588   .0190037    -9.81   0.000    -.2239946    -.148723
Abo~111_1980 |  -.2214126   .0554398    -3.99   0.000    -.3312081    -.111617
Abo~114_1980 |   -.425954   .0378309   -11.26   0.000    -.5008761   -.3510319
Abo~116_1980 |  -.2822164   .0461558    -6.11   0.000    -.3736255   -.1908073
Abo~117_1980 |  -.4651626   .1158319    -4.02   0.000    -.6945616   -.2357637
Abo~118_1980 |  -.4485633   .0209658   -21.40   0.000     -.490085   -.4070417
Abo~120_1980 |  -.3768203   .0741126    -5.08   0.000    -.5235965   -.2300441
Abo~121_1980 |  -.3965828   .0386918   -10.25   0.000    -.4732099   -.3199558
Abo~122_1980 |  -.4188068   .0312986   -13.38   0.000     -.480792   -.3568216
Abo~125_1980 |  -.1950151   .0208708    -9.34   0.000    -.2363486   -.1536817
Abo~128_1980 |  -.0346746    .028433    -1.22   0.225    -.0909846    .0216354
Abo~129_1980 |  -.3678954   .0678302    -5.42   0.000    -.5022296   -.2335612
Abo~130_1980 |  -.3100293    .048692    -6.37   0.000    -.4064613   -.2135973
Abo~131_1980 |  -.4596802   .0289201   -15.89   0.000     -.516955   -.4024054
Abor~00_1980 |  -.4039059   .0304053   -13.28   0.000     -.464122   -.3436898
Abo~301_1980 |  -.2726218   .0982013    -2.78   0.006    -.4671043   -.0781393
Abo~302_1980 |   -.458797   .0191926   -23.90   0.000    -.4968069   -.4207872
Abor~07_1980 |  -.2148458   .0224172    -9.58   0.000    -.2592419   -.1704497
Abor~09_1980 |   .0281076   .0324439     0.87   0.388    -.0361457     .092361
Abo~312_1980 |  -.7552414   .0345058   -21.89   0.000    -.8235783   -.6869045
Abo~313_1980 |  -.3885077    .021141   -18.38   0.000    -.4303763    -.346639
Abo~314_1980 |  -.7706942   .0234231   -32.90   0.000    -.8170825   -.7243059
Abo~316_1980 |  -.5816495   .0659725    -8.82   0.000    -.7123046   -.4509943
Abo~320_1980 |   .2118558   .1017944     2.08   0.040     .0102574    .4134542
Abo~321_1980 |    .286389   .0255138    11.22   0.000     .2358602    .3369178
Abo~322_1980 |   -.169888    .029598    -5.74   0.000    -.2285052   -.1112708
Abo~324_1980 |   .1277257   .0207063     6.17   0.000     .0867181    .1687334
Abo~329_1980 |  -.4358702   .0885526    -4.92   0.000    -.6112441   -.2604964
Abo~330_1980 |  -.1262269   .0382351    -3.30   0.001    -.2019494   -.0505044
       _cons |    11.5545   .0033723  3426.35   0.000     11.54782    11.56117
-------------+----------------------------------------------------------------
       extra |   absorbed                                     (160 categories)

. /* See below for last row of Table 5 - 1960 to 70 placebo*/
. 
. /* Table 7: Other dependent variables */
. /* Rent*/
. areg lnavrent big1980 Cyear_1980 A* if tierno<2 & yesorder_m==1 [aw=house_rent], absorb(extra) cluster(jurcode)
Warning:  variance matrix is nonsymmetric or highly singular
note: Aborderno_1 omitted because of collinearity
note: Aborderno_2 omitted because of collinearity
note: Aborderno_3 omitted because of collinearity
note: Aborderno_4 omitted because of collinearity
note: Aborderno_5 omitted because of collinearity
note: Aborderno_8 omitted because of collinearity
note: Aborderno_9 omitted because of collinearity
note: Aborderno_10 omitted because of collinearity
note: Aborderno_11 omitted because of collinearity
note: Aborderno_12 omitted because of collinearity
note: Aborderno_13 omitted because of collinearity
note: Aborderno_14 omitted because of collinearity
note: Aborderno_15 omitted because of collinearity
note: Aborderno_16 omitted because of collinearity
note: Aborderno_17 omitted because of collinearity
note: Aborderno_18 omitted because of collinearity
note: Aborderno_19 omitted because of collinearity
note: Aborderno_20 omitted because of collinearity
note: Aborderno_22 omitted because of collinearity
note: Aborderno_24 omitted because of collinearity
note: Aborderno_25 omitted because of collinearity
note: Aborderno_26 omitted because of collinearity
note: Aborderno_27 omitted because of collinearity
note: Aborderno_28 omitted because of collinearity
note: Aborderno_31 omitted because of collinearity
note: Aborderno_32 omitted because of collinearity
note: Aborderno_33 omitted because of collinearity
note: Aborderno_34 omitted because of collinearity
note: Aborderno_35 omitted because of collinearity
note: Aborderno_36 omitted because of collinearity
note: Aborderno_37 omitted because of collinearity
note: Aborderno_38 omitted because of collinearity
note: Aborderno_39 omitted because of collinearity
note: Aborderno_40 omitted because of collinearity
note: Aborderno_41 omitted because of collinearity
note: Aborderno_43 omitted because of collinearity
note: Aborderno_47 omitted because of collinearity
note: Aborderno_61 omitted because of collinearity
note: Aborderno_62 omitted because of collinearity
note: Aborderno_64 omitted because of collinearity
note: Aborderno_66 omitted because of collinearity
note: Aborderno_67 omitted because of collinearity
note: Aborderno_73 omitted because of collinearity
note: Aborderno_74 omitted because of collinearity
note: Aborderno_75 omitted because of collinearity
note: Aborderno_76 omitted because of collinearity
note: Aborderno_101 omitted because of collinearity
note: Aborderno_102 omitted because of collinearity
note: Aborderno_103 omitted because of collinearity
note: Aborderno_104 omitted because of collinearity
note: Aborderno_105 omitted because of collinearity
note: Aborderno_111 omitted because of collinearity
note: Aborderno_114 omitted because of collinearity
note: Aborderno_116 omitted because of collinearity
note: Aborderno_117 omitted because of collinearity
note: Aborderno_118 omitted because of collinearity
note: Aborderno_120 omitted because of collinearity
note: Aborderno_121 omitted because of collinearity
note: Aborderno_122 omitted because of collinearity
note: Aborderno_125 omitted because of collinearity
note: Aborderno_128 omitted because of collinearity
note: Aborderno_129 omitted because of collinearity
note: Aborderno_130 omitted because of collinearity
note: Aborderno_131 omitted because of collinearity
note: Aborderno_300 omitted because of collinearity
note: Aborderno_301 omitted because of collinearity
note: Aborderno_302 omitted because of collinearity
note: Aborderno_307 omitted because of collinearity
note: Aborderno_309 omitted because of collinearity
note: Aborderno_312 omitted because of collinearity
note: Aborderno_313 omitted because of collinearity
note: Aborderno_314 omitted because of collinearity
note: Aborderno_316 omitted because of collinearity
note: Aborderno_320 omitted because of collinearity
note: Aborderno_321 omitted because of collinearity
note: Aborderno_322 omitted because of collinearity
note: Aborderno_324 omitted because of collinearity
note: Aborderno_329 omitted because of collinearity
note: Aborderno_330 omitted because of collinearity
note: Ayear_1980 omitted because of collinearity
note: AborXyea_1_1980 omitted because of collinearity
note: AborXyea_2_1980 omitted because of collinearity
note: AborXyea_4_1980 omitted because of collinearity
note: AborXyea_8_1980 omitted because of collinearity
note: AborXyea_13_1980 omitted because of collinearity
note: AborXyea_14_1980 omitted because of collinearity
note: AborXyea_17_1980 omitted because of collinearity
note: AborXyea_18_1980 omitted because of collinearity
note: AborXyea_19_1980 omitted because of collinearity
note: AborXyea_20_1980 omitted because of collinearity
note: AborXyea_22_1980 omitted because of collinearity
note: AborXyea_24_1980 omitted because of collinearity
note: AborXyea_25_1980 omitted because of collinearity
note: AborXyea_26_1980 omitted because of collinearity
note: AborXyea_27_1980 omitted because of collinearity
note: AborXyea_32_1980 omitted because of collinearity
note: AborXyea_33_1980 omitted because of collinearity
note: AborXyea_34_1980 omitted because of collinearity
note: AborXyea_35_1980 omitted because of collinearity
note: AborXyea_36_1980 omitted because of collinearity
note: AborXyea_37_1980 omitted because of collinearity
note: AborXyea_38_1980 omitted because of collinearity
note: AborXyea_39_1980 omitted because of collinearity
note: AborXyea_40_1980 omitted because of collinearity
note: AborXyea_41_1980 omitted because of collinearity
note: AborXyea_47_1980 omitted because of collinearity
note: AborXyea_64_1980 omitted because of collinearity
note: AborXyea_67_1980 omitted because of collinearity
note: AborXyea_73_1980 omitted because of collinearity
note: AborXyea_76_1980 omitted because of collinearity
note: AborXyea_101_1980 omitted because of collinearity
note: AborXyea_102_1980 omitted because of collinearity
note: AborXyea_103_1980 omitted because of collinearity
note: AborXyea_104_1980 omitted because of collinearity
note: AborXyea_105_1980 omitted because of collinearity
note: AborXyea_111_1980 omitted because of collinearity
note: AborXyea_114_1980 omitted because of collinearity
note: AborXyea_116_1980 omitted because of collinearity
note: AborXyea_117_1980 omitted because of collinearity
note: AborXyea_118_1980 omitted because of collinearity
note: AborXyea_120_1980 omitted because of collinearity
note: AborXyea_121_1980 omitted because of collinearity
note: AborXyea_122_1980 omitted because of collinearity
note: AborXyea_125_1980 omitted because of collinearity
note: AborXyea_128_1980 omitted because of collinearity
note: AborXyea_129_1980 omitted because of collinearity
note: AborXyea_301_1980 omitted because of collinearity
note: AborXyea_302_1980 omitted because of collinearity
note: AborXyea_307_1980 omitted because of collinearity
note: AborXyea_309_1980 omitted because of collinearity
note: AborXyea_312_1980 omitted because of collinearity
note: AborXyea_313_1980 omitted because of collinearity
note: AborXyea_314_1980 omitted because of collinearity
note: AborXyea_316_1980 omitted because of collinearity
note: AborXyea_324_1980 omitted because of collinearity
note: AborXyea_330_1980 omitted because of collinearity

Linear regression, absorbing indicators                Number of obs =     968
                                                       F( 0, 39)     =       .
                                                       Prob > F      =
                                                       R-squared     =  0.5498
                                                       Adj R-squared =  0.5092
                                                       Root MSE      =  .19053

                               (Std. Err. adjusted for 40 clusters in jurcode)
------------------------------------------------------------------------------
             |               Robust
    lnavrent |      Coef.   Std. Err.      t    P>|t|     [95% Conf. Interval]
-------------+----------------------------------------------------------------
     big1980 |  -.0664042          .        .       .            .           .
  Cyear_1980 |  -.1404399          .        .       .            .           .
 Aborderno_1 |  (omitted)
 Aborderno_2 |  (omitted)
 Aborderno_3 |  (omitted)
 Aborderno_4 |  (omitted)
 Aborderno_5 |  (omitted)
 Aborderno_8 |  (omitted)
 Aborderno_9 |  (omitted)
Aborderno_10 |  (omitted)
Aborderno_11 |  (omitted)
Aborderno_12 |  (omitted)
Aborderno_13 |  (omitted)
Aborderno_14 |  (omitted)
Aborderno_15 |  (omitted)
Aborderno_16 |  (omitted)
Aborderno_17 |  (omitted)
Aborderno_18 |  (omitted)
Aborderno_19 |  (omitted)
Aborderno_20 |  (omitted)
Aborderno_22 |  (omitted)
Aborderno_24 |  (omitted)
Aborderno_25 |  (omitted)
Aborderno_26 |  (omitted)
Aborderno_27 |  (omitted)
Aborderno_28 |  (omitted)
Aborderno_31 |  (omitted)
Aborderno_32 |  (omitted)
Aborderno_33 |  (omitted)
Aborderno_34 |  (omitted)
Aborderno_35 |  (omitted)
Aborderno_36 |  (omitted)
Aborderno_37 |  (omitted)
Aborderno_38 |  (omitted)
Aborderno_39 |  (omitted)
Aborderno_40 |  (omitted)
Aborderno_41 |  (omitted)
Aborderno_43 |  (omitted)
Aborderno_47 |  (omitted)
Aborderno_61 |  (omitted)
Aborderno_62 |  (omitted)
Aborderno_64 |  (omitted)
Aborderno_66 |  (omitted)
Aborderno_67 |  (omitted)
Aborderno_73 |  (omitted)
Aborderno_74 |  (omitted)
Aborderno_75 |  (omitted)
Aborderno_76 |  (omitted)
Abordern~101 |  (omitted)
Abordern~102 |  (omitted)
Abordern~103 |  (omitted)
Abordern~104 |  (omitted)
Abordern~105 |  (omitted)
Abordern~111 |  (omitted)
Abordern~114 |  (omitted)
Abordern~116 |  (omitted)
Abordern~117 |  (omitted)
Abordern~118 |  (omitted)
Abordern~120 |  (omitted)
Abordern~121 |  (omitted)
Abordern~122 |  (omitted)
Abordern~125 |  (omitted)
Abordern~128 |  (omitted)
Abordern~129 |  (omitted)
Abordern~130 |  (omitted)
Abordern~131 |  (omitted)
Abordern~300 |  (omitted)
Abordern~301 |  (omitted)
Abordern~302 |  (omitted)
Abordern~307 |  (omitted)
Abordern~309 |  (omitted)
Abordern~312 |  (omitted)
Abordern~313 |  (omitted)
Abordern~314 |  (omitted)
Abordern~316 |  (omitted)
Abordern~320 |  (omitted)
Abordern~321 |  (omitted)
Abordern~322 |  (omitted)
Abordern~324 |  (omitted)
Abordern~329 |  (omitted)
Abordern~330 |  (omitted)
  Ayear_1980 |  (omitted)
Abor~_1_1980 |  (omitted)
Abor~_2_1980 |  (omitted)
Abor~_3_1980 |   .2840311          .        .       .            .           .
Abor~_4_1980 |  (omitted)
AborXyea_5~0 |   .1480389          .        .       .            .           .
AborXyea_8~0 |  (omitted)
AborXyea_9~0 |   .2577092          .        .       .            .           .
Abor~10_1980 |   .3225806          .        .       .            .           .
Abo~_11_1980 |   .3226935          .        .       .            .           .
Abo~_12_1980 |   .2447413          .        .       .            .           .
Abo~_13_1980 |  (omitted)
Abo~_14_1980 |  (omitted)
Abor~15_1980 |   .4041104          .        .       .            .           .
Abo~_16_1980 |   .3085968          .        .       .            .           .
Abo~_17_1980 |  (omitted)
Abo~_18_1980 |  (omitted)
Abor~19_1980 |  (omitted)
Abo~_20_1980 |  (omitted)
Abo~_22_1980 |  (omitted)
Abo~_24_1980 |  (omitted)
Abo~_25_1980 |  (omitted)
Abor~26_1980 |  (omitted)
Abor~27_1980 |  (omitted)
Abo~_28_1980 |   .0998756          .        .       .            .           .
Abo~_31_1980 |   .0671033          .        .       .            .           .
Abor~32_1980 |  (omitted)
Abor~33_1980 |  (omitted)
Abor~34_1980 |  (omitted)
Abor~35_1980 |  (omitted)
Abor~36_1980 |  (omitted)
Abor~37_1980 |  (omitted)
Abor~38_1980 |  (omitted)
Abor~39_1980 |  (omitted)
Abor~40_1980 |  (omitted)
Abor~41_1980 |  (omitted)
Abor~43_1980 |   .1240709          .        .       .            .           .
Abor~47_1980 |  (omitted)
Abor~61_1980 |   .2448734          .        .       .            .           .
Abor~62_1980 |   .2449717          .        .       .            .           .
Abor~64_1980 |  (omitted)
Abor~66_1980 |   .0469526          .        .       .            .           .
Abor~67_1980 |  (omitted)
Abor~73_1980 |  (omitted)
Abor~74_1980 |   .3762467          .        .       .            .           .
Abor~75_1980 |   .1661222          .        .       .            .           .
Abor~76_1980 |  (omitted)
Abo~101_1980 |  (omitted)
Abo~102_1980 |  (omitted)
Abor~03_1980 |  (omitted)
Abor~04_1980 |  (omitted)
Abor~05_1980 |  (omitted)
Abo~111_1980 |  (omitted)
Abo~114_1980 |  (omitted)
Abo~116_1980 |  (omitted)
Abo~117_1980 |  (omitted)
Abo~118_1980 |  (omitted)
Abo~120_1980 |  (omitted)
Abo~121_1980 |  (omitted)
Abo~122_1980 |  (omitted)
Abo~125_1980 |  (omitted)
Abo~128_1980 |  (omitted)
Abo~129_1980 |  (omitted)
Abo~130_1980 |   .4172028          .        .       .            .           .
Abo~131_1980 |   .0329395          .        .       .            .           .
Abor~00_1980 |   .0559033          .        .       .            .           .
Abo~301_1980 |  (omitted)
Abo~302_1980 |  (omitted)
Abor~07_1980 |  (omitted)
Abor~09_1980 |  (omitted)
Abo~312_1980 |  (omitted)
Abo~313_1980 |  (omitted)
Abo~314_1980 |  (omitted)
Abo~316_1980 |  (omitted)
Abo~320_1980 |   .4075382          .        .       .            .           .
Abo~321_1980 |   .1698307          .        .       .            .           .
Abo~322_1980 |   .3092456          .        .       .            .           .
Abo~324_1980 |  (omitted)
Abo~329_1980 |   -.032257          .        .       .            .           .
Abo~330_1980 |  (omitted)
       _cons |   6.437052          .        .       .            .           .
-------------+----------------------------------------------------------------
       extra |   absorbed                                      (56 categories)

. areg lnavrent big1980 Cyear_1980 A* if tierno<2 & yesorder_m==0 [aw=house_rent], absorb(extra) cluster(jurcode)
note: Aborderno_1 omitted because of collinearity
note: Aborderno_2 omitted because of collinearity
note: Aborderno_3 omitted because of collinearity
note: Aborderno_4 omitted because of collinearity
note: Aborderno_5 omitted because of collinearity
note: Aborderno_8 omitted because of collinearity
note: Aborderno_9 omitted because of collinearity
note: Aborderno_10 omitted because of collinearity
note: Aborderno_11 omitted because of collinearity
note: Aborderno_12 omitted because of collinearity
note: Aborderno_13 omitted because of collinearity
note: Aborderno_14 omitted because of collinearity
note: Aborderno_15 omitted because of collinearity
note: Aborderno_16 omitted because of collinearity
note: Aborderno_17 omitted because of collinearity
note: Aborderno_18 omitted because of collinearity
note: Aborderno_19 omitted because of collinearity
note: Aborderno_20 omitted because of collinearity
note: Aborderno_22 omitted because of collinearity
note: Aborderno_24 omitted because of collinearity
note: Aborderno_25 omitted because of collinearity
note: Aborderno_26 omitted because of collinearity
note: Aborderno_27 omitted because of collinearity
note: Aborderno_28 omitted because of collinearity
note: Aborderno_31 omitted because of collinearity
note: Aborderno_32 omitted because of collinearity
note: Aborderno_33 omitted because of collinearity
note: Aborderno_34 omitted because of collinearity
note: Aborderno_35 omitted because of collinearity
note: Aborderno_36 omitted because of collinearity
note: Aborderno_37 omitted because of collinearity
note: Aborderno_38 omitted because of collinearity
note: Aborderno_39 omitted because of collinearity
note: Aborderno_40 omitted because of collinearity
note: Aborderno_41 omitted because of collinearity
note: Aborderno_43 omitted because of collinearity
note: Aborderno_47 omitted because of collinearity
note: Aborderno_61 omitted because of collinearity
note: Aborderno_62 omitted because of collinearity
note: Aborderno_64 omitted because of collinearity
note: Aborderno_66 omitted because of collinearity
note: Aborderno_67 omitted because of collinearity
note: Aborderno_73 omitted because of collinearity
note: Aborderno_74 omitted because of collinearity
note: Aborderno_75 omitted because of collinearity
note: Aborderno_76 omitted because of collinearity
note: Aborderno_101 omitted because of collinearity
note: Aborderno_102 omitted because of collinearity
note: Aborderno_103 omitted because of collinearity
note: Aborderno_104 omitted because of collinearity
note: Aborderno_105 omitted because of collinearity
note: Aborderno_111 omitted because of collinearity
note: Aborderno_114 omitted because of collinearity
note: Aborderno_116 omitted because of collinearity
note: Aborderno_117 omitted because of collinearity
note: Aborderno_118 omitted because of collinearity
note: Aborderno_120 omitted because of collinearity
note: Aborderno_121 omitted because of collinearity
note: Aborderno_122 omitted because of collinearity
note: Aborderno_125 omitted because of collinearity
note: Aborderno_128 omitted because of collinearity
note: Aborderno_129 omitted because of collinearity
note: Aborderno_130 omitted because of collinearity
note: Aborderno_131 omitted because of collinearity
note: Aborderno_300 omitted because of collinearity
note: Aborderno_301 omitted because of collinearity
note: Aborderno_302 omitted because of collinearity
note: Aborderno_307 omitted because of collinearity
note: Aborderno_309 omitted because of collinearity
note: Aborderno_312 omitted because of collinearity
note: Aborderno_313 omitted because of collinearity
note: Aborderno_314 omitted because of collinearity
note: Aborderno_316 omitted because of collinearity
note: Aborderno_320 omitted because of collinearity
note: Aborderno_321 omitted because of collinearity
note: Aborderno_322 omitted because of collinearity
note: Aborderno_324 omitted because of collinearity
note: Aborderno_329 omitted because of collinearity
note: Aborderno_330 omitted because of collinearity
note: Ayear_1980 omitted because of collinearity
note: AborXyea_3_1980 omitted because of collinearity
note: AborXyea_5_1980 omitted because of collinearity
note: AborXyea_9_1980 omitted because of collinearity
note: AborXyea_10_1980 omitted because of collinearity
note: AborXyea_11_1980 omitted because of collinearity
note: AborXyea_12_1980 omitted because of collinearity
note: AborXyea_15_1980 omitted because of collinearity
note: AborXyea_16_1980 omitted because of collinearity
note: AborXyea_24_1980 omitted because of collinearity
note: AborXyea_25_1980 omitted because of collinearity
note: AborXyea_28_1980 omitted because of collinearity
note: AborXyea_31_1980 omitted because of collinearity
note: AborXyea_43_1980 omitted because of collinearity
note: AborXyea_61_1980 omitted because of collinearity
note: AborXyea_62_1980 omitted because of collinearity
note: AborXyea_66_1980 omitted because of collinearity
note: AborXyea_67_1980 omitted because of collinearity
note: AborXyea_73_1980 omitted because of collinearity
note: AborXyea_74_1980 omitted because of collinearity
note: AborXyea_75_1980 omitted because of collinearity
note: AborXyea_105_1980 omitted because of collinearity
note: AborXyea_130_1980 omitted because of collinearity
note: AborXyea_131_1980 omitted because of collinearity
note: AborXyea_300_1980 omitted because of collinearity
note: AborXyea_312_1980 omitted because of collinearity
note: AborXyea_313_1980 omitted because of collinearity
note: AborXyea_314_1980 omitted because of collinearity
note: AborXyea_316_1980 omitted because of collinearity
note: AborXyea_320_1980 omitted because of collinearity
note: AborXyea_321_1980 omitted because of collinearity
note: AborXyea_322_1980 omitted because of collinearity
note: AborXyea_329_1980 omitted because of collinearity

Linear regression, absorbing indicators                Number of obs =    1989
                                                       F( 42, 77)    =       .
                                                       Prob > F      =
                                                       R-squared     =  0.5736
                                                       Adj R-squared =  0.5405
                                                       Root MSE      =  .19699

                               (Std. Err. adjusted for 78 clusters in jurcode)
------------------------------------------------------------------------------
             |               Robust
    lnavrent |      Coef.   Std. Err.      t    P>|t|     [95% Conf. Interval]
-------------+----------------------------------------------------------------
     big1980 |  -.0268094    .021577    -1.24   0.218    -.0697748     .016156
  Cyear_1980 |   .0085277   .0136694     0.62   0.535    -.0186916     .035747
 Aborderno_1 |  (omitted)
 Aborderno_2 |  (omitted)
 Aborderno_3 |  (omitted)
 Aborderno_4 |  (omitted)
 Aborderno_5 |  (omitted)
 Aborderno_8 |  (omitted)
 Aborderno_9 |  (omitted)
Aborderno_10 |  (omitted)
Aborderno_11 |  (omitted)
Aborderno_12 |  (omitted)
Aborderno_13 |  (omitted)
Aborderno_14 |  (omitted)
Aborderno_15 |  (omitted)
Aborderno_16 |  (omitted)
Aborderno_17 |  (omitted)
Aborderno_18 |  (omitted)
Aborderno_19 |  (omitted)
Aborderno_20 |  (omitted)
Aborderno_22 |  (omitted)
Aborderno_24 |  (omitted)
Aborderno_25 |  (omitted)
Aborderno_26 |  (omitted)
Aborderno_27 |  (omitted)
Aborderno_28 |  (omitted)
Aborderno_31 |  (omitted)
Aborderno_32 |  (omitted)
Aborderno_33 |  (omitted)
Aborderno_34 |  (omitted)
Aborderno_35 |  (omitted)
Aborderno_36 |  (omitted)
Aborderno_37 |  (omitted)
Aborderno_38 |  (omitted)
Aborderno_39 |  (omitted)
Aborderno_40 |  (omitted)
Aborderno_41 |  (omitted)
Aborderno_43 |  (omitted)
Aborderno_47 |  (omitted)
Aborderno_61 |  (omitted)
Aborderno_62 |  (omitted)
Aborderno_64 |  (omitted)
Aborderno_66 |  (omitted)
Aborderno_67 |  (omitted)
Aborderno_73 |  (omitted)
Aborderno_74 |  (omitted)
Aborderno_75 |  (omitted)
Aborderno_76 |  (omitted)
Abordern~101 |  (omitted)
Abordern~102 |  (omitted)
Abordern~103 |  (omitted)
Abordern~104 |  (omitted)
Abordern~105 |  (omitted)
Abordern~111 |  (omitted)
Abordern~114 |  (omitted)
Abordern~116 |  (omitted)
Abordern~117 |  (omitted)
Abordern~118 |  (omitted)
Abordern~120 |  (omitted)
Abordern~121 |  (omitted)
Abordern~122 |  (omitted)
Abordern~125 |  (omitted)
Abordern~128 |  (omitted)
Abordern~129 |  (omitted)
Abordern~130 |  (omitted)
Abordern~131 |  (omitted)
Abordern~300 |  (omitted)
Abordern~301 |  (omitted)
Abordern~302 |  (omitted)
Abordern~307 |  (omitted)
Abordern~309 |  (omitted)
Abordern~312 |  (omitted)
Abordern~313 |  (omitted)
Abordern~314 |  (omitted)
Abordern~316 |  (omitted)
Abordern~320 |  (omitted)
Abordern~321 |  (omitted)
Abordern~322 |  (omitted)
Abordern~324 |  (omitted)
Abordern~329 |  (omitted)
Abordern~330 |  (omitted)
  Ayear_1980 |  (omitted)
Abor~_1_1980 |  -.1738904   .0401673    -4.33   0.000    -.2538738    -.093907
Abor~_2_1980 |  -.2094344    .062397    -3.36   0.001    -.3336828    -.085186
Abor~_3_1980 |  (omitted)
Abor~_4_1980 |   .0914694   .0072282    12.65   0.000     .0770763    .1058625
AborXyea_5~0 |  (omitted)
AborXyea_8~0 |   .2555425   .0547837     4.66   0.000     .1464542    .3646309
AborXyea_9~0 |  (omitted)
Abor~10_1980 |  (omitted)
Abo~_11_1980 |  (omitted)
Abo~_12_1980 |  (omitted)
Abo~_13_1980 |   .1516579   .0395444     3.84   0.000     .0729151    .2304008
Abo~_14_1980 |   .4269695   .0121882    35.03   0.000     .4026997    .4512392
Abor~15_1980 |  (omitted)
Abo~_16_1980 |  (omitted)
Abo~_17_1980 |   .1217537   .0284204     4.28   0.000     .0651615    .1783459
Abo~_18_1980 |   .1092516   .0224066     4.88   0.000     .0646345    .1538688
Abor~19_1980 |   .1480441   .0141236    10.48   0.000     .1199203    .1761679
Abo~_20_1980 |   .0894029   .0249586     3.58   0.001     .0397041    .1391017
Abo~_22_1980 |   .0224095   .0365647     0.61   0.542       -.0504     .095219
Abo~_24_1980 |  (omitted)
Abo~_25_1980 |  (omitted)
Abor~26_1980 |   .0310553   .0377637     0.82   0.413    -.0441419    .1062525
Abor~27_1980 |   .0898754    .037078     2.42   0.018     .0160436    .1637072
Abo~_28_1980 |  (omitted)
Abo~_31_1980 |  (omitted)
Abor~32_1980 |   .0666212   .0587772     1.13   0.261    -.0504191    .1836615
Abor~33_1980 |   .1814826     .06274     2.89   0.005     .0565513     .306414
Abor~34_1980 |   .2732375   .1173014     2.33   0.022     .0396605    .5068144
Abor~35_1980 |  -.2447837   .0400266    -6.12   0.000    -.3244868   -.1650806
Abor~36_1980 |  -.0330566   .0508556    -0.65   0.518    -.1343231    .0682099
Abor~37_1980 |    .002812   .0397545     0.07   0.944    -.0763494    .0819733
Abor~38_1980 |  -.0706693   .0505913    -1.40   0.166    -.1714096    .0300709
Abor~39_1980 |  -.0369638   .0290565    -1.27   0.207    -.0948226     .020895
Abor~40_1980 |  -.0431142   .0355623    -1.21   0.229    -.1139277    .0276994
Abor~41_1980 |  -.0402022    .016777    -2.40   0.019    -.0736095   -.0067949
Abor~43_1980 |  (omitted)
Abor~47_1980 |   .1797487   .0093393    19.25   0.000     .1611517    .1983457
Abor~61_1980 |  (omitted)
Abor~62_1980 |  (omitted)
Abor~64_1980 |   .0835947   .0381251     2.19   0.031     .0076779    .1595116
Abor~66_1980 |  (omitted)
Abor~67_1980 |  (omitted)
Abor~73_1980 |  (omitted)
Abor~74_1980 |  (omitted)
Abor~75_1980 |  (omitted)
Abor~76_1980 |   .0697119   .0608516     1.15   0.256     -.051459    .1908829
Abo~101_1980 |   .0311911    .008907     3.50   0.001      .013455    .0489272
Abo~102_1980 |  -.5218634   .2797392    -1.87   0.066    -1.078895    .0351684
Abor~03_1980 |   -.232488   .0136694   -17.01   0.000    -.2597073   -.2052687
Abor~04_1980 |  -.2417235   .0121882   -19.83   0.000    -.2659933   -.2174538
Abor~05_1980 |  (omitted)
Abo~111_1980 |  -.1868829   .0189554    -9.86   0.000    -.2246279    -.149138
Abo~114_1980 |  -.1242874   .0121882   -10.20   0.000    -.1485572   -.1000176
Abo~116_1980 |    .475031   .0136694    34.75   0.000     .4478117    .5022503
Abo~117_1980 |  -.1820734   .0588245    -3.10   0.003     -.299208   -.0649389
Abo~118_1980 |  -.2064952   .0216318    -9.55   0.000    -.2495696   -.1634208
Abo~120_1980 |  -.1339286    .020284    -6.60   0.000    -.1743192    -.093538
Abo~121_1980 |  -.1619257   .0284826    -5.69   0.000    -.2186418   -.1052095
Abo~122_1980 |  -.2177325   .0876213    -2.48   0.015    -.3922088   -.0432563
Abo~125_1980 |   .0066002    .013271     0.50   0.620    -.0198258    .0330262
Abo~128_1980 |   .2368023   .0129753    18.25   0.000     .2109652    .2626394
Abo~129_1980 |   .0920559   .0258009     3.57   0.001     .0406798     .143432
Abo~130_1980 |  (omitted)
Abo~131_1980 |  (omitted)
Abor~00_1980 |  (omitted)
Abo~301_1980 |   .2503361   .0989067     2.53   0.013     .0533876    .4472845
Abo~302_1980 |  -.2576481   .0313428    -8.22   0.000    -.3200595   -.1952367
Abor~07_1980 |  -.2833097   .0136694   -20.73   0.000     -.310529   -.2560903
Abor~09_1980 |   .3642382   .0825944     4.41   0.000     .1997718    .5287046
Abo~312_1980 |  (omitted)
Abo~313_1980 |  (omitted)
Abo~314_1980 |  (omitted)
Abo~316_1980 |  (omitted)
Abo~320_1980 |  (omitted)
Abo~321_1980 |  (omitted)
Abo~322_1980 |  (omitted)
Abo~324_1980 |   .0930597   .0644528     1.44   0.153    -.0352823    .2214017
Abo~329_1980 |  (omitted)
Abo~330_1980 |   .1707051   .0079335    21.52   0.000     .1549074    .1865028
       _cons |   6.287213    .004641  1354.70   0.000     6.277971    6.296454
-------------+----------------------------------------------------------------
       extra |   absorbed                                      (95 categories)

. areg lnavrent yesbig1980 big1980 A*  if tierno<2  [aw=house_rent], absorb(extra) cluster(jurcode)
note: Aborderno_1 omitted because of collinearity
note: Aborderno_2 omitted because of collinearity
note: Aborderno_3 omitted because of collinearity
note: Aborderno_4 omitted because of collinearity
note: Aborderno_5 omitted because of collinearity
note: Aborderno_8 omitted because of collinearity
note: Aborderno_9 omitted because of collinearity
note: Aborderno_10 omitted because of collinearity
note: Aborderno_11 omitted because of collinearity
note: Aborderno_12 omitted because of collinearity
note: Aborderno_13 omitted because of collinearity
note: Aborderno_14 omitted because of collinearity
note: Aborderno_15 omitted because of collinearity
note: Aborderno_16 omitted because of collinearity
note: Aborderno_17 omitted because of collinearity
note: Aborderno_18 omitted because of collinearity
note: Aborderno_19 omitted because of collinearity
note: Aborderno_20 omitted because of collinearity
note: Aborderno_22 omitted because of collinearity
note: Aborderno_24 omitted because of collinearity
note: Aborderno_25 omitted because of collinearity
note: Aborderno_26 omitted because of collinearity
note: Aborderno_27 omitted because of collinearity
note: Aborderno_28 omitted because of collinearity
note: Aborderno_31 omitted because of collinearity
note: Aborderno_32 omitted because of collinearity
note: Aborderno_33 omitted because of collinearity
note: Aborderno_34 omitted because of collinearity
note: Aborderno_35 omitted because of collinearity
note: Aborderno_36 omitted because of collinearity
note: Aborderno_37 omitted because of collinearity
note: Aborderno_38 omitted because of collinearity
note: Aborderno_39 omitted because of collinearity
note: Aborderno_40 omitted because of collinearity
note: Aborderno_41 omitted because of collinearity
note: Aborderno_43 omitted because of collinearity
note: Aborderno_47 omitted because of collinearity
note: Aborderno_61 omitted because of collinearity
note: Aborderno_62 omitted because of collinearity
note: Aborderno_64 omitted because of collinearity
note: Aborderno_66 omitted because of collinearity
note: Aborderno_67 omitted because of collinearity
note: Aborderno_73 omitted because of collinearity
note: Aborderno_74 omitted because of collinearity
note: Aborderno_75 omitted because of collinearity
note: Aborderno_76 omitted because of collinearity
note: Aborderno_101 omitted because of collinearity
note: Aborderno_102 omitted because of collinearity
note: Aborderno_103 omitted because of collinearity
note: Aborderno_104 omitted because of collinearity
note: Aborderno_105 omitted because of collinearity
note: Aborderno_111 omitted because of collinearity
note: Aborderno_114 omitted because of collinearity
note: Aborderno_116 omitted because of collinearity
note: Aborderno_117 omitted because of collinearity
note: Aborderno_118 omitted because of collinearity
note: Aborderno_120 omitted because of collinearity
note: Aborderno_121 omitted because of collinearity
note: Aborderno_122 omitted because of collinearity
note: Aborderno_125 omitted because of collinearity
note: Aborderno_128 omitted because of collinearity
note: Aborderno_129 omitted because of collinearity
note: Aborderno_130 omitted because of collinearity
note: Aborderno_131 omitted because of collinearity
note: Aborderno_300 omitted because of collinearity
note: Aborderno_301 omitted because of collinearity
note: Aborderno_302 omitted because of collinearity
note: Aborderno_307 omitted because of collinearity
note: Aborderno_309 omitted because of collinearity
note: Aborderno_312 omitted because of collinearity
note: Aborderno_313 omitted because of collinearity
note: Aborderno_314 omitted because of collinearity
note: Aborderno_316 omitted because of collinearity
note: Aborderno_320 omitted because of collinearity
note: Aborderno_321 omitted because of collinearity
note: Aborderno_322 omitted because of collinearity
note: Aborderno_324 omitted because of collinearity
note: Aborderno_329 omitted because of collinearity
note: Aborderno_330 omitted because of collinearity
note: AborXyea_24_1980 omitted because of collinearity
note: AborXyea_25_1980 omitted because of collinearity
note: AborXyea_67_1980 omitted because of collinearity
note: AborXyea_73_1980 omitted because of collinearity
note: AborXyea_105_1980 omitted because of collinearity
note: AborXyea_312_1980 omitted because of collinearity
note: AborXyea_313_1980 omitted because of collinearity
note: AborXyea_316_1980 omitted because of collinearity

Linear regression, absorbing indicators                Number of obs =    2957
                                                       F( 62, 111)   =       .
                                                       Prob > F      =
                                                       R-squared     =  0.5972
                                                       Adj R-squared =  0.5642
                                                       Root MSE      =  .19525

                              (Std. Err. adjusted for 112 clusters in jurcode)
------------------------------------------------------------------------------
             |               Robust
    lnavrent |      Coef.   Std. Err.      t    P>|t|     [95% Conf. Interval]
-------------+----------------------------------------------------------------
  yesbig1980 |  -.0395948   .0305141    -1.30   0.197    -.1000606    .0208709
     big1980 |  -.0268094   .0215794    -1.24   0.217    -.0695704    .0159517
 Aborderno_1 |  (omitted)
 Aborderno_2 |  (omitted)
 Aborderno_3 |  (omitted)
 Aborderno_4 |  (omitted)
 Aborderno_5 |  (omitted)
 Aborderno_8 |  (omitted)
 Aborderno_9 |  (omitted)
Aborderno_10 |  (omitted)
Aborderno_11 |  (omitted)
Aborderno_12 |  (omitted)
Aborderno_13 |  (omitted)
Aborderno_14 |  (omitted)
Aborderno_15 |  (omitted)
Aborderno_16 |  (omitted)
Aborderno_17 |  (omitted)
Aborderno_18 |  (omitted)
Aborderno_19 |  (omitted)
Aborderno_20 |  (omitted)
Aborderno_22 |  (omitted)
Aborderno_24 |  (omitted)
Aborderno_25 |  (omitted)
Aborderno_26 |  (omitted)
Aborderno_27 |  (omitted)
Aborderno_28 |  (omitted)
Aborderno_31 |  (omitted)
Aborderno_32 |  (omitted)
Aborderno_33 |  (omitted)
Aborderno_34 |  (omitted)
Aborderno_35 |  (omitted)
Aborderno_36 |  (omitted)
Aborderno_37 |  (omitted)
Aborderno_38 |  (omitted)
Aborderno_39 |  (omitted)
Aborderno_40 |  (omitted)
Aborderno_41 |  (omitted)
Aborderno_43 |  (omitted)
Aborderno_47 |  (omitted)
Aborderno_61 |  (omitted)
Aborderno_62 |  (omitted)
Aborderno_64 |  (omitted)
Aborderno_66 |  (omitted)
Aborderno_67 |  (omitted)
Aborderno_73 |  (omitted)
Aborderno_74 |  (omitted)
Aborderno_75 |  (omitted)
Aborderno_76 |  (omitted)
Abordern~101 |  (omitted)
Abordern~102 |  (omitted)
Abordern~103 |  (omitted)
Abordern~104 |  (omitted)
Abordern~105 |  (omitted)
Abordern~111 |  (omitted)
Abordern~114 |  (omitted)
Abordern~116 |  (omitted)
Abordern~117 |  (omitted)
Abordern~118 |  (omitted)
Abordern~120 |  (omitted)
Abordern~121 |  (omitted)
Abordern~122 |  (omitted)
Abordern~125 |  (omitted)
Abordern~128 |  (omitted)
Abordern~129 |  (omitted)
Abordern~130 |  (omitted)
Abordern~131 |  (omitted)
Abordern~300 |  (omitted)
Abordern~301 |  (omitted)
Abordern~302 |  (omitted)
Abordern~307 |  (omitted)
Abordern~309 |  (omitted)
Abordern~312 |  (omitted)
Abordern~313 |  (omitted)
Abordern~314 |  (omitted)
Abordern~316 |  (omitted)
Abordern~320 |  (omitted)
Abordern~321 |  (omitted)
Abordern~322 |  (omitted)
Abordern~324 |  (omitted)
Abordern~329 |  (omitted)
Abordern~330 |  (omitted)
  Ayear_1980 |   .0085277   .0136709     0.62   0.534    -.0185622    .0356175
Abor~_1_1980 |  -.1738904   .0401717    -4.33   0.000    -.2534934   -.0942875
Abor~_2_1980 |  -.2094344   .0624039    -3.36   0.001    -.3330919    -.085777
Abor~_3_1980 |   .1350634   .0302156     4.47   0.000     .0751892    .1949377
Abor~_4_1980 |   .0914694   .0072289    12.65   0.000     .0771448     .105794
AborXyea_5~0 |  -.0009287   .0296815    -0.03   0.975    -.0597446    .0578872
AborXyea_8~0 |   .2555425   .0547897     4.66   0.000     .1469731     .364112
AborXyea_9~0 |   .1087416   .0249673     4.36   0.000     .0592672     .158216
Abor~10_1980 |    .173613   .0281383     6.17   0.000      .117855    .2293709
Abo~_11_1980 |   .1737259   .0159837    10.87   0.000     .1420532    .2053986
Abo~_12_1980 |   .0957737   .0339478     2.82   0.006     .0285038    .1630435
Abo~_13_1980 |   .1516579   .0395487     3.83   0.000     .0732896    .2300263
Abo~_14_1980 |   .4269695   .0121895    35.03   0.000     .4028151    .4511238
Abor~15_1980 |   .2551428   .0410222     6.22   0.000     .1738546    .3364309
Abo~_16_1980 |   .1596292   .1054557     1.51   0.133    -.0493383    .3685967
Abo~_17_1980 |   .1217537   .0284235     4.28   0.000     .0654307    .1780767
Abo~_18_1980 |   .1092516    .022409     4.88   0.000     .0648467    .1536565
Abor~19_1980 |   .1480441   .0141252    10.48   0.000     .1200541    .1760341
Abo~_20_1980 |   .0894029   .0249613     3.58   0.001     .0399404    .1388653
Abo~_22_1980 |   .0224095   .0365687     0.61   0.541    -.0500537    .0948727
Abo~_24_1980 |  (omitted)
Abo~_25_1980 |  (omitted)
Abor~26_1980 |   .0310553   .0377678     0.82   0.413    -.0437842    .1058948
Abor~27_1980 |   .0898754   .0370821     2.42   0.017     .0163948     .163356
Abo~_28_1980 |   -.049092   .0294656    -1.67   0.099      -.10748    .0092961
Abo~_31_1980 |  -.0818643   .0262398    -3.12   0.002    -.1338602   -.0298685
Abor~32_1980 |   .0666212   .0587836     1.13   0.260    -.0498624    .1831048
Abor~33_1980 |   .1814826   .0627469     2.89   0.005     .0571455    .3058198
Abor~34_1980 |   .2732375   .1173142     2.33   0.022     .0407715    .5057034
Abor~35_1980 |  -.2447837    .040031    -6.11   0.000    -.3241077   -.1654597
Abor~36_1980 |  -.0330566   .0508612    -0.65   0.517    -.1338414    .0677283
Abor~37_1980 |    .002812   .0397589     0.07   0.944    -.0759729    .0815968
Abor~38_1980 |  -.0706693   .0505969    -1.40   0.165    -.1709304    .0295918
Abor~39_1980 |  -.0369638   .0290596    -1.27   0.206    -.0945474    .0206198
Abor~40_1980 |  -.0431142   .0355662    -1.21   0.228    -.1135909    .0273625
Abor~41_1980 |  -.0402022   .0167788    -2.40   0.018    -.0734506   -.0069538
Abor~43_1980 |  -.0248967   .0141271    -1.76   0.081    -.0528905    .0030971
Abor~47_1980 |   .1797487   .0093404    19.24   0.000     .1612401    .1982572
Abor~61_1980 |   .0959058   .0435875     2.20   0.030     .0095342    .1822774
Abor~62_1980 |   .0960041    .054891     1.75   0.083     -.012766    .2047742
Abor~64_1980 |   .0835947   .0381293     2.19   0.030      .008039    .1591505
Abor~66_1980 |   -.102015   .0253434    -4.03   0.000    -.1522347   -.0517953
Abor~67_1980 |  (omitted)
Abor~73_1980 |  (omitted)
Abor~74_1980 |   .2272791   .0262398     8.66   0.000     .1752832     .279275
Abor~75_1980 |   .0171546   .0802775     0.21   0.831    -.1419207    .1762299
Abor~76_1980 |   .0697119   .0608582     1.15   0.254    -.0508827    .1903065
Abo~101_1980 |   .0311911    .008908     3.50   0.001     .0135393    .0488429
Abo~102_1980 |  -.5218634   .2797697    -1.87   0.065    -1.076246     .032519
Abor~03_1980 |   -.232488   .0136709   -17.01   0.000    -.2595779   -.2053982
Abor~04_1980 |  -.2417235   .0121895   -19.83   0.000    -.2658779   -.2175692
Abor~05_1980 |  (omitted)
Abo~111_1980 |  -.1868829   .0189574    -9.86   0.000    -.2244484   -.1493175
Abo~114_1980 |  -.1242874   .0121895   -10.20   0.000    -.1484417   -.1001331
Abo~116_1980 |    .475031   .0136709    34.75   0.000     .4479411    .5021208
Abo~117_1980 |  -.1820734   .0588309    -3.09   0.002    -.2986508   -.0654961
Abo~118_1980 |  -.2064952   .0216342    -9.54   0.000    -.2493647   -.1636257
Abo~120_1980 |  -.1339286   .0202862    -6.60   0.000    -.1741271   -.0937302
Abo~121_1980 |  -.1619257   .0284858    -5.68   0.000    -.2183721   -.1054792
Abo~122_1980 |  -.2177325   .0876308    -2.48   0.014    -.3913789   -.0440862
Abo~125_1980 |   .0066002   .0132725     0.50   0.620    -.0197001    .0329005
Abo~128_1980 |   .2368023   .0129767    18.25   0.000      .211088    .2625165
Abo~129_1980 |   .0920559   .0258037     3.57   0.001     .0409242    .1431877
Abo~130_1980 |   .2682352   .0526817     5.09   0.000      .163843    .3726274
Abo~131_1980 |  -.1160281   .0791416    -1.47   0.145    -.2728525    .0407963
Abor~00_1980 |  -.0930644   .1240158    -0.75   0.455    -.3388098    .1526811
Abo~301_1980 |   .2503361   .0989175     2.53   0.013     .0543244    .4463477
Abo~302_1980 |  -.2576481   .0313462    -8.22   0.000    -.3197627   -.1955336
Abor~07_1980 |  -.2833097   .0136709   -20.72   0.000    -.3103995   -.2562198
Abor~09_1980 |   .3642382   .0826034     4.41   0.000      .200554    .5279223
Abo~312_1980 |  (omitted)
Abo~313_1980 |  (omitted)
Abo~314_1980 |  -.1489676   .0262398    -5.68   0.000    -.2009635   -.0969717
Abo~316_1980 |  (omitted)
Abo~320_1980 |   .2585706     .02494    10.37   0.000     .2091503    .3079909
Abo~321_1980 |   .0208631   .0356305     0.59   0.559     -.049741    .0914673
Abo~322_1980 |    .160278   .0136709    11.72   0.000     .1331882    .1873679
Abo~324_1980 |   .0930597   .0644599     1.44   0.152    -.0346719    .2207912
Abo~329_1980 |  -.1812246    .079345    -2.28   0.024    -.3384521   -.0239971
Abo~330_1980 |   .1707051   .0079344    21.51   0.000     .1549826    .1864277
       _cons |   6.341789   .0032051  1978.64   0.000     6.335438     6.34814
-------------+----------------------------------------------------------------
       extra |   absorbed                                     (151 categories)

. /* User cost*/
. areg lnavcost big1980 Cyear_1980 A* if tierno<2 & yesorder_m==1 [aw=house_all], absorb(extra) cluster(jurcode)
note: Aborderno_1 omitted because of collinearity
note: Aborderno_2 omitted because of collinearity
note: Aborderno_3 omitted because of collinearity
note: Aborderno_4 omitted because of collinearity
note: Aborderno_5 omitted because of collinearity
note: Aborderno_8 omitted because of collinearity
note: Aborderno_9 omitted because of collinearity
note: Aborderno_10 omitted because of collinearity
note: Aborderno_11 omitted because of collinearity
note: Aborderno_12 omitted because of collinearity
note: Aborderno_13 omitted because of collinearity
note: Aborderno_14 omitted because of collinearity
note: Aborderno_15 omitted because of collinearity
note: Aborderno_16 omitted because of collinearity
note: Aborderno_17 omitted because of collinearity
note: Aborderno_18 omitted because of collinearity
note: Aborderno_19 omitted because of collinearity
note: Aborderno_20 omitted because of collinearity
note: Aborderno_22 omitted because of collinearity
note: Aborderno_24 omitted because of collinearity
note: Aborderno_25 omitted because of collinearity
note: Aborderno_26 omitted because of collinearity
note: Aborderno_27 omitted because of collinearity
note: Aborderno_28 omitted because of collinearity
note: Aborderno_31 omitted because of collinearity
note: Aborderno_32 omitted because of collinearity
note: Aborderno_33 omitted because of collinearity
note: Aborderno_34 omitted because of collinearity
note: Aborderno_35 omitted because of collinearity
note: Aborderno_36 omitted because of collinearity
note: Aborderno_37 omitted because of collinearity
note: Aborderno_38 omitted because of collinearity
note: Aborderno_39 omitted because of collinearity
note: Aborderno_40 omitted because of collinearity
note: Aborderno_41 omitted because of collinearity
note: Aborderno_43 omitted because of collinearity
note: Aborderno_47 omitted because of collinearity
note: Aborderno_61 omitted because of collinearity
note: Aborderno_62 omitted because of collinearity
note: Aborderno_64 omitted because of collinearity
note: Aborderno_66 omitted because of collinearity
note: Aborderno_67 omitted because of collinearity
note: Aborderno_73 omitted because of collinearity
note: Aborderno_74 omitted because of collinearity
note: Aborderno_75 omitted because of collinearity
note: Aborderno_76 omitted because of collinearity
note: Aborderno_101 omitted because of collinearity
note: Aborderno_102 omitted because of collinearity
note: Aborderno_103 omitted because of collinearity
note: Aborderno_104 omitted because of collinearity
note: Aborderno_105 omitted because of collinearity
note: Aborderno_111 omitted because of collinearity
note: Aborderno_114 omitted because of collinearity
note: Aborderno_116 omitted because of collinearity
note: Aborderno_117 omitted because of collinearity
note: Aborderno_118 omitted because of collinearity
note: Aborderno_120 omitted because of collinearity
note: Aborderno_121 omitted because of collinearity
note: Aborderno_122 omitted because of collinearity
note: Aborderno_125 omitted because of collinearity
note: Aborderno_128 omitted because of collinearity
note: Aborderno_129 omitted because of collinearity
note: Aborderno_130 omitted because of collinearity
note: Aborderno_131 omitted because of collinearity
note: Aborderno_300 omitted because of collinearity
note: Aborderno_301 omitted because of collinearity
note: Aborderno_302 omitted because of collinearity
note: Aborderno_307 omitted because of collinearity
note: Aborderno_309 omitted because of collinearity
note: Aborderno_312 omitted because of collinearity
note: Aborderno_313 omitted because of collinearity
note: Aborderno_314 omitted because of collinearity
note: Aborderno_316 omitted because of collinearity
note: Aborderno_320 omitted because of collinearity
note: Aborderno_321 omitted because of collinearity
note: Aborderno_322 omitted because of collinearity
note: Aborderno_324 omitted because of collinearity
note: Aborderno_329 omitted because of collinearity
note: Aborderno_330 omitted because of collinearity
note: Ayear_1980 omitted because of collinearity
note: AborXyea_1_1980 omitted because of collinearity
note: AborXyea_2_1980 omitted because of collinearity
note: AborXyea_4_1980 omitted because of collinearity
note: AborXyea_8_1980 omitted because of collinearity
note: AborXyea_13_1980 omitted because of collinearity
note: AborXyea_14_1980 omitted because of collinearity
note: AborXyea_17_1980 omitted because of collinearity
note: AborXyea_18_1980 omitted because of collinearity
note: AborXyea_19_1980 omitted because of collinearity
note: AborXyea_20_1980 omitted because of collinearity
note: AborXyea_22_1980 omitted because of collinearity
note: AborXyea_26_1980 omitted because of collinearity
note: AborXyea_27_1980 omitted because of collinearity
note: AborXyea_32_1980 omitted because of collinearity
note: AborXyea_33_1980 omitted because of collinearity
note: AborXyea_34_1980 omitted because of collinearity
note: AborXyea_35_1980 omitted because of collinearity
note: AborXyea_36_1980 omitted because of collinearity
note: AborXyea_37_1980 omitted because of collinearity
note: AborXyea_38_1980 omitted because of collinearity
note: AborXyea_39_1980 omitted because of collinearity
note: AborXyea_40_1980 omitted because of collinearity
note: AborXyea_41_1980 omitted because of collinearity
note: AborXyea_47_1980 omitted because of collinearity
note: AborXyea_64_1980 omitted because of collinearity
note: AborXyea_73_1980 omitted because of collinearity
note: AborXyea_76_1980 omitted because of collinearity
note: AborXyea_101_1980 omitted because of collinearity
note: AborXyea_102_1980 omitted because of collinearity
note: AborXyea_103_1980 omitted because of collinearity
note: AborXyea_104_1980 omitted because of collinearity
note: AborXyea_105_1980 omitted because of collinearity
note: AborXyea_111_1980 omitted because of collinearity
note: AborXyea_114_1980 omitted because of collinearity
note: AborXyea_116_1980 omitted because of collinearity
note: AborXyea_117_1980 omitted because of collinearity
note: AborXyea_118_1980 omitted because of collinearity
note: AborXyea_120_1980 omitted because of collinearity
note: AborXyea_121_1980 omitted because of collinearity
note: AborXyea_122_1980 omitted because of collinearity
note: AborXyea_125_1980 omitted because of collinearity
note: AborXyea_128_1980 omitted because of collinearity
note: AborXyea_129_1980 omitted because of collinearity
note: AborXyea_301_1980 omitted because of collinearity
note: AborXyea_302_1980 omitted because of collinearity
note: AborXyea_307_1980 omitted because of collinearity
note: AborXyea_309_1980 omitted because of collinearity
note: AborXyea_313_1980 omitted because of collinearity
note: AborXyea_324_1980 omitted because of collinearity
note: AborXyea_330_1980 omitted because of collinearity

Linear regression, absorbing indicators                Number of obs =    1745
                                                       F( 31,    42) = 1.1e+11
                                                       Prob > F      =  0.0000
                                                       R-squared     =  0.4982
                                                       Adj R-squared =  0.4709
                                                       Root MSE      =  .27699

                               (Std. Err. adjusted for 43 clusters in jurcode)
------------------------------------------------------------------------------
             |               Robust
    lnavcost |      Coef.   Std. Err.      t    P>|t|     [95% Conf. Interval]
-------------+----------------------------------------------------------------
     big1980 |  -.1208747   .0321306    -3.76   0.001    -.1857169   -.0560325
  Cyear_1980 |   .1480088   8.08e-08  1.8e+06   0.000     .1480086     .148009
 Aborderno_1 |  (omitted)
 Aborderno_2 |  (omitted)
 Aborderno_3 |  (omitted)
 Aborderno_4 |  (omitted)
 Aborderno_5 |  (omitted)
 Aborderno_8 |  (omitted)
 Aborderno_9 |  (omitted)
Aborderno_10 |  (omitted)
Aborderno_11 |  (omitted)
Aborderno_12 |  (omitted)
Aborderno_13 |  (omitted)
Aborderno_14 |  (omitted)
Aborderno_15 |  (omitted)
Aborderno_16 |  (omitted)
Aborderno_17 |  (omitted)
Aborderno_18 |  (omitted)
Aborderno_19 |  (omitted)
Aborderno_20 |  (omitted)
Aborderno_22 |  (omitted)
Aborderno_24 |  (omitted)
Aborderno_25 |  (omitted)
Aborderno_26 |  (omitted)
Aborderno_27 |  (omitted)
Aborderno_28 |  (omitted)
Aborderno_31 |  (omitted)
Aborderno_32 |  (omitted)
Aborderno_33 |  (omitted)
Aborderno_34 |  (omitted)
Aborderno_35 |  (omitted)
Aborderno_36 |  (omitted)
Aborderno_37 |  (omitted)
Aborderno_38 |  (omitted)
Aborderno_39 |  (omitted)
Aborderno_40 |  (omitted)
Aborderno_41 |  (omitted)
Aborderno_43 |  (omitted)
Aborderno_47 |  (omitted)
Aborderno_61 |  (omitted)
Aborderno_62 |  (omitted)
Aborderno_64 |  (omitted)
Aborderno_66 |  (omitted)
Aborderno_67 |  (omitted)
Aborderno_73 |  (omitted)
Aborderno_74 |  (omitted)
Aborderno_75 |  (omitted)
Aborderno_76 |  (omitted)
Abordern~101 |  (omitted)
Abordern~102 |  (omitted)
Abordern~103 |  (omitted)
Abordern~104 |  (omitted)
Abordern~105 |  (omitted)
Abordern~111 |  (omitted)
Abordern~114 |  (omitted)
Abordern~116 |  (omitted)
Abordern~117 |  (omitted)
Abordern~118 |  (omitted)
Abordern~120 |  (omitted)
Abordern~121 |  (omitted)
Abordern~122 |  (omitted)
Abordern~125 |  (omitted)
Abordern~128 |  (omitted)
Abordern~129 |  (omitted)
Abordern~130 |  (omitted)
Abordern~131 |  (omitted)
Abordern~300 |  (omitted)
Abordern~301 |  (omitted)
Abordern~302 |  (omitted)
Abordern~307 |  (omitted)
Abordern~309 |  (omitted)
Abordern~312 |  (omitted)
Abordern~313 |  (omitted)
Abordern~314 |  (omitted)
Abordern~316 |  (omitted)
Abordern~320 |  (omitted)
Abordern~321 |  (omitted)
Abordern~322 |  (omitted)
Abordern~324 |  (omitted)
Abordern~329 |  (omitted)
Abordern~330 |  (omitted)
  Ayear_1980 |  (omitted)
Abor~_1_1980 |  (omitted)
Abor~_2_1980 |  (omitted)
Abor~_3_1980 |   .0887047    .062488     1.42   0.163    -.0374012    .2148106
Abor~_4_1980 |  (omitted)
AborXyea_5~0 |   .0161385   .0772532     0.21   0.836    -.1397647    .1720417
AborXyea_8~0 |  (omitted)
AborXyea_9~0 |   .2212514   .0208345    10.62   0.000     .1792057    .2632971
Abor~10_1980 |   .3398109    .030367    11.19   0.000     .2785278     .401094
Abo~_11_1980 |    .177774   .1249552     1.42   0.162    -.0743957    .4299438
Abo~_12_1980 |   .1812347   .0205098     8.84   0.000     .1398443    .2226251
Abo~_13_1980 |  (omitted)
Abo~_14_1980 |  (omitted)
Abor~15_1980 |   .4508921   .0252495    17.86   0.000     .3999367    .5018476
Abo~_16_1980 |   .2602969   .0783587     3.32   0.002     .1021627    .4184311
Abo~_17_1980 |  (omitted)
Abo~_18_1980 |  (omitted)
Abor~19_1980 |  (omitted)
Abo~_20_1980 |  (omitted)
Abo~_22_1980 |  (omitted)
Abo~_24_1980 |  -1.059301    .107446    -9.86   0.000    -1.276135   -.8424658
Abo~_25_1980 |  -.3896238   .3489384    -1.12   0.271     -1.09381    .3145624
Abor~26_1980 |  (omitted)
Abor~27_1980 |  (omitted)
Abo~_28_1980 |   .0444797   .0265862     1.67   0.102    -.0091734    .0981328
Abo~_31_1980 |   -.195419    .079035    -2.47   0.018    -.3549181     -.03592
Abor~32_1980 |  (omitted)
Abor~33_1980 |  (omitted)
Abor~34_1980 |  (omitted)
Abor~35_1980 |  (omitted)
Abor~36_1980 |  (omitted)
Abor~37_1980 |  (omitted)
Abor~38_1980 |  (omitted)
Abor~39_1980 |  (omitted)
Abor~40_1980 |  (omitted)
Abor~41_1980 |  (omitted)
Abor~43_1980 |   .1435976   .0531753     2.70   0.010     .0362855    .2509097
Abor~47_1980 |  (omitted)
Abor~61_1980 |   .0674098   .0969531     0.70   0.491    -.1282494     .263069
Abor~62_1980 |    .175438   .0820449     2.14   0.038     .0098647    .3410112
Abor~64_1980 |  (omitted)
Abor~66_1980 |  -.0160849    .033024    -0.49   0.629      -.08273    .0505602
Abor~67_1980 |  -.1986347    .027493    -7.22   0.000    -.2541177   -.1431516
Abor~73_1980 |  (omitted)
Abor~74_1980 |   .4472309   .0713071     6.27   0.000     .3033274    .5911344
Abor~75_1980 |  -.0441883   .0845767    -0.52   0.604    -.2148709    .1264944
Abor~76_1980 |  (omitted)
Abo~101_1980 |  (omitted)
Abo~102_1980 |  (omitted)
Abor~03_1980 |  (omitted)
Abor~04_1980 |  (omitted)
Abor~05_1980 |  (omitted)
Abo~111_1980 |  (omitted)
Abo~114_1980 |  (omitted)
Abo~116_1980 |  (omitted)
Abo~117_1980 |  (omitted)
Abo~118_1980 |  (omitted)
Abo~120_1980 |  (omitted)
Abo~121_1980 |  (omitted)
Abo~122_1980 |  (omitted)
Abo~125_1980 |  (omitted)
Abo~128_1980 |  (omitted)
Abo~129_1980 |  (omitted)
Abo~130_1980 |   .1642097   .0363361     4.52   0.000     .0908804     .237539
Abo~131_1980 |  -.0596871   .0247539    -2.41   0.020    -.1096424   -.0097317
Abor~00_1980 |  -.2484011   .0280454    -8.86   0.000    -.3049991   -.1918031
Abo~301_1980 |  (omitted)
Abo~302_1980 |  (omitted)
Abor~07_1980 |  (omitted)
Abor~09_1980 |  (omitted)
Abo~312_1980 |  -.3442973   .0174432   -19.74   0.000    -.3794992   -.3090954
Abo~313_1980 |  (omitted)
Abo~314_1980 |  -.3537941   .0371821    -9.52   0.000    -.4288306   -.2787577
Abo~316_1980 |   -.175998   .0472557    -3.72   0.001    -.2713639   -.0806322
Abo~320_1980 |   .1757605   .0417374     4.21   0.000      .091531    .2599901
Abo~321_1980 |   .1092158   .0732324     1.49   0.143    -.0385731    .2570048
Abo~322_1980 |   .2157559   .0140804    15.32   0.000     .1873405    .2441713
Abo~324_1980 |  (omitted)
Abo~329_1980 |  -.2187972    .068965    -3.17   0.003    -.3579742   -.0796202
Abo~330_1980 |  (omitted)
       _cons |   9.057811   .0075306  1202.80   0.000     9.042613    9.073008
-------------+----------------------------------------------------------------
       extra |   absorbed                                      (60 categories)

. areg lnavcost big1980 Cyear_1980 A* if tierno<2 & yesorder_m==0 [aw=house_all], absorb(extra) cluster(jurcode)
note: Aborderno_1 omitted because of collinearity
note: Aborderno_2 omitted because of collinearity
note: Aborderno_3 omitted because of collinearity
note: Aborderno_4 omitted because of collinearity
note: Aborderno_5 omitted because of collinearity
note: Aborderno_8 omitted because of collinearity
note: Aborderno_9 omitted because of collinearity
note: Aborderno_10 omitted because of collinearity
note: Aborderno_11 omitted because of collinearity
note: Aborderno_12 omitted because of collinearity
note: Aborderno_13 omitted because of collinearity
note: Aborderno_14 omitted because of collinearity
note: Aborderno_15 omitted because of collinearity
note: Aborderno_16 omitted because of collinearity
note: Aborderno_17 omitted because of collinearity
note: Aborderno_18 omitted because of collinearity
note: Aborderno_19 omitted because of collinearity
note: Aborderno_20 omitted because of collinearity
note: Aborderno_22 omitted because of collinearity
note: Aborderno_24 omitted because of collinearity
note: Aborderno_25 omitted because of collinearity
note: Aborderno_26 omitted because of collinearity
note: Aborderno_27 omitted because of collinearity
note: Aborderno_28 omitted because of collinearity
note: Aborderno_31 omitted because of collinearity
note: Aborderno_32 omitted because of collinearity
note: Aborderno_33 omitted because of collinearity
note: Aborderno_34 omitted because of collinearity
note: Aborderno_35 omitted because of collinearity
note: Aborderno_36 omitted because of collinearity
note: Aborderno_37 omitted because of collinearity
note: Aborderno_38 omitted because of collinearity
note: Aborderno_39 omitted because of collinearity
note: Aborderno_40 omitted because of collinearity
note: Aborderno_41 omitted because of collinearity
note: Aborderno_43 omitted because of collinearity
note: Aborderno_47 omitted because of collinearity
note: Aborderno_61 omitted because of collinearity
note: Aborderno_62 omitted because of collinearity
note: Aborderno_64 omitted because of collinearity
note: Aborderno_66 omitted because of collinearity
note: Aborderno_67 omitted because of collinearity
note: Aborderno_73 omitted because of collinearity
note: Aborderno_74 omitted because of collinearity
note: Aborderno_75 omitted because of collinearity
note: Aborderno_76 omitted because of collinearity
note: Aborderno_101 omitted because of collinearity
note: Aborderno_102 omitted because of collinearity
note: Aborderno_103 omitted because of collinearity
note: Aborderno_104 omitted because of collinearity
note: Aborderno_105 omitted because of collinearity
note: Aborderno_111 omitted because of collinearity
note: Aborderno_114 omitted because of collinearity
note: Aborderno_116 omitted because of collinearity
note: Aborderno_117 omitted because of collinearity
note: Aborderno_118 omitted because of collinearity
note: Aborderno_120 omitted because of collinearity
note: Aborderno_121 omitted because of collinearity
note: Aborderno_122 omitted because of collinearity
note: Aborderno_125 omitted because of collinearity
note: Aborderno_128 omitted because of collinearity
note: Aborderno_129 omitted because of collinearity
note: Aborderno_130 omitted because of collinearity
note: Aborderno_131 omitted because of collinearity
note: Aborderno_300 omitted because of collinearity
note: Aborderno_301 omitted because of collinearity
note: Aborderno_302 omitted because of collinearity
note: Aborderno_307 omitted because of collinearity
note: Aborderno_309 omitted because of collinearity
note: Aborderno_312 omitted because of collinearity
note: Aborderno_313 omitted because of collinearity
note: Aborderno_314 omitted because of collinearity
note: Aborderno_316 omitted because of collinearity
note: Aborderno_320 omitted because of collinearity
note: Aborderno_321 omitted because of collinearity
note: Aborderno_322 omitted because of collinearity
note: Aborderno_324 omitted because of collinearity
note: Aborderno_329 omitted because of collinearity
note: Aborderno_330 omitted because of collinearity
note: Ayear_1980 omitted because of collinearity
note: AborXyea_3_1980 omitted because of collinearity
note: AborXyea_5_1980 omitted because of collinearity
note: AborXyea_9_1980 omitted because of collinearity
note: AborXyea_10_1980 omitted because of collinearity
note: AborXyea_11_1980 omitted because of collinearity
note: AborXyea_12_1980 omitted because of collinearity
note: AborXyea_15_1980 omitted because of collinearity
note: AborXyea_16_1980 omitted because of collinearity
note: AborXyea_24_1980 omitted because of collinearity
note: AborXyea_25_1980 omitted because of collinearity
note: AborXyea_28_1980 omitted because of collinearity
note: AborXyea_31_1980 omitted because of collinearity
note: AborXyea_43_1980 omitted because of collinearity
note: AborXyea_61_1980 omitted because of collinearity
note: AborXyea_62_1980 omitted because of collinearity
note: AborXyea_66_1980 omitted because of collinearity
note: AborXyea_67_1980 omitted because of collinearity
note: AborXyea_74_1980 omitted because of collinearity
note: AborXyea_75_1980 omitted because of collinearity
note: AborXyea_130_1980 omitted because of collinearity
note: AborXyea_131_1980 omitted because of collinearity
note: AborXyea_300_1980 omitted because of collinearity
note: AborXyea_312_1980 omitted because of collinearity
note: AborXyea_313_1980 omitted because of collinearity
note: AborXyea_314_1980 omitted because of collinearity
note: AborXyea_316_1980 omitted because of collinearity
note: AborXyea_320_1980 omitted because of collinearity
note: AborXyea_321_1980 omitted because of collinearity
note: AborXyea_322_1980 omitted because of collinearity
note: AborXyea_329_1980 omitted because of collinearity

Linear regression, absorbing indicators                Number of obs =    3234
                                                       F( 49, 80)    =       .
                                                       Prob > F      =
                                                       R-squared     =  0.5823
                                                       Adj R-squared =  0.5619
                                                       Root MSE      =  .28274

                               (Std. Err. adjusted for 81 clusters in jurcode)
------------------------------------------------------------------------------
             |               Robust
    lnavcost |      Coef.   Std. Err.      t    P>|t|     [95% Conf. Interval]
-------------+----------------------------------------------------------------
     big1980 |  -.0322384   .0226843    -1.42   0.159    -.0773816    .0129048
  Cyear_1980 |   .3021032   .0403473     7.49   0.000     .2218096    .3823969
 Aborderno_1 |  (omitted)
 Aborderno_2 |  (omitted)
 Aborderno_3 |  (omitted)
 Aborderno_4 |  (omitted)
 Aborderno_5 |  (omitted)
 Aborderno_8 |  (omitted)
 Aborderno_9 |  (omitted)
Aborderno_10 |  (omitted)
Aborderno_11 |  (omitted)
Aborderno_12 |  (omitted)
Aborderno_13 |  (omitted)
Aborderno_14 |  (omitted)
Aborderno_15 |  (omitted)
Aborderno_16 |  (omitted)
Aborderno_17 |  (omitted)
Aborderno_18 |  (omitted)
Aborderno_19 |  (omitted)
Aborderno_20 |  (omitted)
Aborderno_22 |  (omitted)
Aborderno_24 |  (omitted)
Aborderno_25 |  (omitted)
Aborderno_26 |  (omitted)
Aborderno_27 |  (omitted)
Aborderno_28 |  (omitted)
Aborderno_31 |  (omitted)
Aborderno_32 |  (omitted)
Aborderno_33 |  (omitted)
Aborderno_34 |  (omitted)
Aborderno_35 |  (omitted)
Aborderno_36 |  (omitted)
Aborderno_37 |  (omitted)
Aborderno_38 |  (omitted)
Aborderno_39 |  (omitted)
Aborderno_40 |  (omitted)
Aborderno_41 |  (omitted)
Aborderno_43 |  (omitted)
Aborderno_47 |  (omitted)
Aborderno_61 |  (omitted)
Aborderno_62 |  (omitted)
Aborderno_64 |  (omitted)
Aborderno_66 |  (omitted)
Aborderno_67 |  (omitted)
Aborderno_73 |  (omitted)
Aborderno_74 |  (omitted)
Aborderno_75 |  (omitted)
Aborderno_76 |  (omitted)
Abordern~101 |  (omitted)
Abordern~102 |  (omitted)
Abordern~103 |  (omitted)
Abordern~104 |  (omitted)
Abordern~105 |  (omitted)
Abordern~111 |  (omitted)
Abordern~114 |  (omitted)
Abordern~116 |  (omitted)
Abordern~117 |  (omitted)
Abordern~118 |  (omitted)
Abordern~120 |  (omitted)
Abordern~121 |  (omitted)
Abordern~122 |  (omitted)
Abordern~125 |  (omitted)
Abordern~128 |  (omitted)
Abordern~129 |  (omitted)
Abordern~130 |  (omitted)
Abordern~131 |  (omitted)
Abordern~300 |  (omitted)
Abordern~301 |  (omitted)
Abordern~302 |  (omitted)
Abordern~307 |  (omitted)
Abordern~309 |  (omitted)
Abordern~312 |  (omitted)
Abordern~313 |  (omitted)
Abordern~314 |  (omitted)
Abordern~316 |  (omitted)
Abordern~320 |  (omitted)
Abordern~321 |  (omitted)
Abordern~322 |  (omitted)
Abordern~324 |  (omitted)
Abordern~329 |  (omitted)
Abordern~330 |  (omitted)
  Ayear_1980 |  (omitted)
Abor~_1_1980 |   -.167374    .041299    -4.05   0.000    -.2495617   -.0851864
Abor~_2_1980 |  -.3899118   .0764728    -5.10   0.000    -.5420975   -.2377262
Abor~_3_1980 |  (omitted)
Abor~_4_1980 |  -.1191516   .0402579    -2.96   0.004    -.1992673   -.0390359
AborXyea_5~0 |  (omitted)
AborXyea_8~0 |   .1476718   .0509143     2.90   0.005      .046349    .2489945
AborXyea_9~0 |  (omitted)
Abor~10_1980 |  (omitted)
Abo~_11_1980 |  (omitted)
Abo~_12_1980 |  (omitted)
Abo~_13_1980 |   .1139983   .0898559     1.27   0.208    -.0648207    .2928173
Abo~_14_1980 |   .5122468   .1226523     4.18   0.000      .268161    .7563326
Abor~15_1980 |  (omitted)
Abo~_16_1980 |  (omitted)
Abo~_17_1980 |  -.1112825   .0428288    -2.60   0.011    -.1965146   -.0260504
Abo~_18_1980 |   .0858402   .0865068     0.99   0.324    -.0863139    .2579943
Abor~19_1980 |   .1296309   .1022487     1.27   0.209    -.0738505    .3331124
Abo~_20_1980 |  -.0281059     .06346    -0.44   0.659    -.1543954    .0981835
Abo~_22_1980 |  -.0514471   .0570994    -0.90   0.370    -.1650785    .0621844
Abo~_24_1980 |  (omitted)
Abo~_25_1980 |  (omitted)
Abor~26_1980 |   -.128457   .0526834    -2.44   0.017    -.2333003   -.0236137
Abor~27_1980 |  -.0548288   .0588086    -0.93   0.354    -.1718616     .062204
Abo~_28_1980 |  (omitted)
Abo~_31_1980 |  (omitted)
Abor~32_1980 |  -.2043473   .0576919    -3.54   0.001    -.3191579   -.0895366
Abor~33_1980 |   -.107993   .0711502    -1.52   0.133    -.2495865    .0336004
Abor~34_1980 |  -.0257916     .10594    -0.24   0.808    -.2366189    .1850356
Abor~35_1980 |  -.5103671   .0415891   -12.27   0.000     -.593132   -.4276022
Abor~36_1980 |  -.2527812   .0643331    -3.93   0.000    -.3808081   -.1247542
Abor~37_1980 |  -.3024344   .0531759    -5.69   0.000    -.4082579   -.1966109
Abor~38_1980 |   -.368981   .0598456    -6.17   0.000    -.4880777   -.2498844
Abor~39_1980 |  -.0644952   .0879715    -0.73   0.466    -.2395641    .1105737
Abor~40_1980 |  -.1028923   .0651695    -1.58   0.118    -.2325837    .0267992
Abor~41_1980 |   .2409252   .1588685     1.52   0.133    -.0752331    .5570836
Abor~43_1980 |  (omitted)
Abor~47_1980 |  -.0901548   .0381866    -2.36   0.021    -.1661485   -.0141612
Abor~61_1980 |  (omitted)
Abor~62_1980 |  (omitted)
Abor~64_1980 |  -.0131225   .0499987    -0.26   0.794    -.1126232    .0863781
Abor~66_1980 |  (omitted)
Abor~67_1980 |  (omitted)
Abor~73_1980 |  -.0858063   .0588855    -1.46   0.149    -.2029922    .0313797
Abor~74_1980 |  (omitted)
Abor~75_1980 |  (omitted)
Abor~76_1980 |   .0467261   .0392966     1.19   0.238    -.0314767    .1249288
Abo~101_1980 |  -.1346497    .051315    -2.62   0.010    -.2367697   -.0325297
Abo~102_1980 |   -.122925   .0845231    -1.45   0.150    -.2911314    .0452814
Abor~03_1980 |  -.2402159   .0705078    -3.41   0.001    -.3805309   -.0999008
Abor~04_1980 |  -.4021544   .1338036    -3.01   0.004    -.6684322   -.1358767
Abor~05_1980 |   .0341509   .0389113     0.88   0.383     -.043285    .1115868
Abo~111_1980 |  -.1696875   .0395329    -4.29   0.000    -.2483604   -.0910145
Abo~114_1980 |  -.2100302   .0591519    -3.55   0.001    -.3277463   -.0923141
Abo~116_1980 |  -.0500976   .0595871    -0.84   0.403    -.1686797    .0684846
Abo~117_1980 |  -.3026577   .0621982    -4.87   0.000    -.4264361   -.1788793
Abo~118_1980 |  -.2372188   .0437923    -5.42   0.000    -.3243682   -.1500694
Abo~120_1980 |  -.2550601   .0504758    -5.05   0.000      -.35551   -.1546102
Abo~121_1980 |  -.1761712   .0461807    -3.81   0.000    -.2680737   -.0842686
Abo~122_1980 |  -.2886678   .0884383    -3.26   0.002    -.4646656     -.11267
Abo~125_1980 |  -.0661054   .0777722    -0.85   0.398     -.220877    .0886662
Abo~128_1980 |   .1291632   .0404235     3.20   0.002     .0487178    .2096085
Abo~129_1980 |  -.1323086    .066166    -2.00   0.049    -.2639832    -.000634
Abo~130_1980 |  (omitted)
Abo~131_1980 |  (omitted)
Abor~00_1980 |  (omitted)
Abo~301_1980 |  -.0718961   .0680079    -1.06   0.294    -.2072362     .063444
Abo~302_1980 |   -.226656   .0383086    -5.92   0.000    -.3028925   -.1504195
Abor~07_1980 |  -.0882596   .0850857    -1.04   0.303    -.2575855    .0810664
Abor~09_1980 |   .2521397   .0444453     5.67   0.000     .1636908    .3405886
Abo~312_1980 |  (omitted)
Abo~313_1980 |  (omitted)
Abo~314_1980 |  (omitted)
Abo~316_1980 |  (omitted)
Abo~320_1980 |  (omitted)
Abo~321_1980 |  (omitted)
Abo~322_1980 |  (omitted)
Abo~324_1980 |   .2771222   .0769356     3.60   0.001     .1240155    .4302289
Abo~329_1980 |  (omitted)
Abo~330_1980 |   .0973206   .0582403     1.67   0.099    -.0185814    .2132225
       _cons |   8.955705   .0054306  1649.12   0.000     8.944898    8.966512
-------------+----------------------------------------------------------------
       extra |   absorbed                                     (100 categories)

. areg lnavcost yesbig1980 big1980 A* if tierno<2 [aw=house_all], absorb(extra) cluster(jurcode)
note: Aborderno_1 omitted because of collinearity
note: Aborderno_2 omitted because of collinearity
note: Aborderno_3 omitted because of collinearity
note: Aborderno_4 omitted because of collinearity
note: Aborderno_5 omitted because of collinearity
note: Aborderno_8 omitted because of collinearity
note: Aborderno_9 omitted because of collinearity
note: Aborderno_10 omitted because of collinearity
note: Aborderno_11 omitted because of collinearity
note: Aborderno_12 omitted because of collinearity
note: Aborderno_13 omitted because of collinearity
note: Aborderno_14 omitted because of collinearity
note: Aborderno_15 omitted because of collinearity
note: Aborderno_16 omitted because of collinearity
note: Aborderno_17 omitted because of collinearity
note: Aborderno_18 omitted because of collinearity
note: Aborderno_19 omitted because of collinearity
note: Aborderno_20 omitted because of collinearity
note: Aborderno_22 omitted because of collinearity
note: Aborderno_24 omitted because of collinearity
note: Aborderno_25 omitted because of collinearity
note: Aborderno_26 omitted because of collinearity
note: Aborderno_27 omitted because of collinearity
note: Aborderno_28 omitted because of collinearity
note: Aborderno_31 omitted because of collinearity
note: Aborderno_32 omitted because of collinearity
note: Aborderno_33 omitted because of collinearity
note: Aborderno_34 omitted because of collinearity
note: Aborderno_35 omitted because of collinearity
note: Aborderno_36 omitted because of collinearity
note: Aborderno_37 omitted because of collinearity
note: Aborderno_38 omitted because of collinearity
note: Aborderno_39 omitted because of collinearity
note: Aborderno_40 omitted because of collinearity
note: Aborderno_41 omitted because of collinearity
note: Aborderno_43 omitted because of collinearity
note: Aborderno_47 omitted because of collinearity
note: Aborderno_61 omitted because of collinearity
note: Aborderno_62 omitted because of collinearity
note: Aborderno_64 omitted because of collinearity
note: Aborderno_66 omitted because of collinearity
note: Aborderno_67 omitted because of collinearity
note: Aborderno_73 omitted because of collinearity
note: Aborderno_74 omitted because of collinearity
note: Aborderno_75 omitted because of collinearity
note: Aborderno_76 omitted because of collinearity
note: Aborderno_101 omitted because of collinearity
note: Aborderno_102 omitted because of collinearity
note: Aborderno_103 omitted because of collinearity
note: Aborderno_104 omitted because of collinearity
note: Aborderno_105 omitted because of collinearity
note: Aborderno_111 omitted because of collinearity
note: Aborderno_114 omitted because of collinearity
note: Aborderno_116 omitted because of collinearity
note: Aborderno_117 omitted because of collinearity
note: Aborderno_118 omitted because of collinearity
note: Aborderno_120 omitted because of collinearity
note: Aborderno_121 omitted because of collinearity
note: Aborderno_122 omitted because of collinearity
note: Aborderno_125 omitted because of collinearity
note: Aborderno_128 omitted because of collinearity
note: Aborderno_129 omitted because of collinearity
note: Aborderno_130 omitted because of collinearity
note: Aborderno_131 omitted because of collinearity
note: Aborderno_300 omitted because of collinearity
note: Aborderno_301 omitted because of collinearity
note: Aborderno_302 omitted because of collinearity
note: Aborderno_307 omitted because of collinearity
note: Aborderno_309 omitted because of collinearity
note: Aborderno_312 omitted because of collinearity
note: Aborderno_313 omitted because of collinearity
note: Aborderno_314 omitted because of collinearity
note: Aborderno_316 omitted because of collinearity
note: Aborderno_320 omitted because of collinearity
note: Aborderno_321 omitted because of collinearity
note: Aborderno_322 omitted because of collinearity
note: Aborderno_324 omitted because of collinearity
note: Aborderno_329 omitted because of collinearity
note: Aborderno_330 omitted because of collinearity

Linear regression, absorbing indicators                Number of obs =    4979
                                                       F( 78, 117)   =       .
                                                       Prob > F      =
                                                       R-squared     =  0.5577
                                                       Adj R-squared =  0.5352
                                                       Root MSE      =   .2806

                              (Std. Err. adjusted for 118 clusters in jurcode)
------------------------------------------------------------------------------
             |               Robust
    lnavcost |      Coef.   Std. Err.      t    P>|t|     [95% Conf. Interval]
-------------+----------------------------------------------------------------
  yesbig1980 |  -.0886363   .0379325    -2.34   0.021    -.1637595    -.013513
     big1980 |  -.0322384   .0226639    -1.42   0.158    -.0771232    .0126463
 Aborderno_1 |  (omitted)
 Aborderno_2 |  (omitted)
 Aborderno_3 |  (omitted)
 Aborderno_4 |  (omitted)
 Aborderno_5 |  (omitted)
 Aborderno_8 |  (omitted)
 Aborderno_9 |  (omitted)
Aborderno_10 |  (omitted)
Aborderno_11 |  (omitted)
Aborderno_12 |  (omitted)
Aborderno_13 |  (omitted)
Aborderno_14 |  (omitted)
Aborderno_15 |  (omitted)
Aborderno_16 |  (omitted)
Aborderno_17 |  (omitted)
Aborderno_18 |  (omitted)
Aborderno_19 |  (omitted)
Aborderno_20 |  (omitted)
Aborderno_22 |  (omitted)
Aborderno_24 |  (omitted)
Aborderno_25 |  (omitted)
Aborderno_26 |  (omitted)
Aborderno_27 |  (omitted)
Aborderno_28 |  (omitted)
Aborderno_31 |  (omitted)
Aborderno_32 |  (omitted)
Aborderno_33 |  (omitted)
Aborderno_34 |  (omitted)
Aborderno_35 |  (omitted)
Aborderno_36 |  (omitted)
Aborderno_37 |  (omitted)
Aborderno_38 |  (omitted)
Aborderno_39 |  (omitted)
Aborderno_40 |  (omitted)
Aborderno_41 |  (omitted)
Aborderno_43 |  (omitted)
Aborderno_47 |  (omitted)
Aborderno_61 |  (omitted)
Aborderno_62 |  (omitted)
Aborderno_64 |  (omitted)
Aborderno_66 |  (omitted)
Aborderno_67 |  (omitted)
Aborderno_73 |  (omitted)
Aborderno_74 |  (omitted)
Aborderno_75 |  (omitted)
Aborderno_76 |  (omitted)
Abordern~101 |  (omitted)
Abordern~102 |  (omitted)
Abordern~103 |  (omitted)
Abordern~104 |  (omitted)
Abordern~105 |  (omitted)
Abordern~111 |  (omitted)
Abordern~114 |  (omitted)
Abordern~116 |  (omitted)
Abordern~117 |  (omitted)
Abordern~118 |  (omitted)
Abordern~120 |  (omitted)
Abordern~121 |  (omitted)
Abordern~122 |  (omitted)
Abordern~125 |  (omitted)
Abordern~128 |  (omitted)
Abordern~129 |  (omitted)
Abordern~130 |  (omitted)
Abordern~131 |  (omitted)
Abordern~300 |  (omitted)
Abordern~301 |  (omitted)
Abordern~302 |  (omitted)
Abordern~307 |  (omitted)
Abordern~309 |  (omitted)
Abordern~312 |  (omitted)
Abordern~313 |  (omitted)
Abordern~314 |  (omitted)
Abordern~316 |  (omitted)
Abordern~320 |  (omitted)
Abordern~321 |  (omitted)
Abordern~322 |  (omitted)
Abordern~324 |  (omitted)
Abordern~329 |  (omitted)
Abordern~330 |  (omitted)
  Ayear_1980 |   .3021032   .0403111     7.49   0.000     .2222692    .3819373
Abor~_1_1980 |   -.167374    .041262    -4.06   0.000    -.2490912   -.0856569
Abor~_2_1980 |  -.3899118   .0764042    -5.10   0.000    -.5412263   -.2385974
Abor~_3_1980 |  -.0653897   .0736628    -0.89   0.377    -.2112751    .0804957
Abor~_4_1980 |  -.1191516   .0402217    -2.96   0.004    -.1988086   -.0394946
AborXyea_5~0 |   -.137956   .0863255    -1.60   0.113    -.3089191    .0330072
AborXyea_8~0 |   .1476718   .0508686     2.90   0.004     .0469291    .2484144
AborXyea_9~0 |   .0671569   .0451542     1.49   0.140    -.0222686    .1565825
Abor~10_1980 |   .1857164   .0499899     3.72   0.000     .0867141    .2847187
Abo~_11_1980 |   .0236796   .1299705     0.18   0.856    -.2337202    .2810793
Abo~_12_1980 |   .0271403   .0448779     0.60   0.547    -.0617381    .1160187
Abo~_13_1980 |   .1139983   .0897753     1.27   0.207     -.063797    .2917937
Abo~_14_1980 |   .5122468   .1225422     4.18   0.000     .2695583    .7549352
Abor~15_1980 |   .2967977   .0472718     6.28   0.000     .2031784     .390417
Abo~_16_1980 |   .1062024   .0843676     1.26   0.211    -.0608833    .2732881
Abo~_17_1980 |  -.1112825   .0427904    -2.60   0.011    -.1960266   -.0265384
Abo~_18_1980 |   .0858402   .0864292     0.99   0.323    -.0853284    .2570087
Abor~19_1980 |   .1296309    .102157     1.27   0.207    -.0726856    .3319475
Abo~_20_1980 |  -.0281059   .0634031    -0.44   0.658    -.1536724    .0974606
Abo~_22_1980 |  -.0514471   .0570482    -0.90   0.369     -.164428    .0615339
Abo~_24_1980 |  -1.213395   .1137772   -10.66   0.000    -1.438725   -.9880652
Abo~_25_1980 |  -.5437183   .3480523    -1.56   0.121    -1.233018    .1455811
Abor~26_1980 |   -.128457   .0526361    -2.44   0.016    -.2327002   -.0242139
Abor~27_1980 |  -.0548288   .0587558    -0.93   0.353    -.1711916     .061534
Abo~_28_1980 |  -.1096148   .0476883    -2.30   0.023     -.204059   -.0151705
Abo~_31_1980 |  -.3495135   .0878167    -3.98   0.000    -.5234299    -.175597
Abor~32_1980 |  -.2043473   .0576402    -3.55   0.001    -.3185006   -.0901939
Abor~33_1980 |   -.107993   .0710864    -1.52   0.131    -.2487759    .0327898
Abor~34_1980 |  -.0257916   .1058449    -0.24   0.808     -.235412    .1838287
Abor~35_1980 |  -.5103671   .0415518   -12.28   0.000    -.5926582    -.428076
Abor~36_1980 |  -.2527812   .0642754    -3.93   0.000    -.3800752   -.1254871
Abor~37_1980 |  -.3024344   .0531282    -5.69   0.000    -.4076521   -.1972167
Abor~38_1980 |   -.368981    .059792    -6.17   0.000    -.4873959   -.2505662
Abor~39_1980 |  -.0644952   .0878926    -0.73   0.465    -.2385619    .1095715
Abor~40_1980 |  -.1028923    .065111    -1.58   0.117    -.2318412    .0260567
Abor~41_1980 |   .2409252    .158726     1.52   0.132    -.0734232    .5552736
Abor~43_1980 |  -.0104969   .0662471    -0.16   0.874    -.1416959    .1207022
Abor~47_1980 |  -.0901548   .0381523    -2.36   0.020    -.1657135   -.0145962
Abor~61_1980 |  -.0866847   .1040608    -0.83   0.407    -.2927717    .1194023
Abor~62_1980 |   .0213435   .0906155     0.24   0.814    -.1581158    .2008028
Abor~64_1980 |  -.0131225   .0499539    -0.26   0.793    -.1120535    .0858085
Abor~66_1980 |  -.1701793   .0519207    -3.28   0.001    -.2730056   -.0673531
Abor~67_1980 |  -.3527291   .0484013    -7.29   0.000    -.4485854   -.2568728
Abor~73_1980 |  -.0858063   .0588327    -1.46   0.147    -.2023213    .0307088
Abor~74_1980 |   .2931365   .0781897     3.75   0.000     .1382859    .4479871
Abor~75_1980 |  -.1982827   .0928519    -2.14   0.035     -.382171   -.0143944
Abor~76_1980 |   .0467261   .0392614     1.19   0.236     -.031029    .1244812
Abo~101_1980 |  -.1346497   .0512689    -2.63   0.010    -.2361851   -.0331143
Abo~102_1980 |   -.122925   .0844473    -1.46   0.148    -.2901684    .0443185
Abor~03_1980 |  -.2402159   .0704446    -3.41   0.001    -.3797277   -.1007041
Abor~04_1980 |  -.4021544   .1336836    -3.01   0.003    -.6669078    -.137401
Abor~05_1980 |   .0341509   .0388764     0.88   0.382    -.0428417    .1111435
Abo~111_1980 |  -.1696875   .0394974    -4.30   0.000      -.24791   -.0914649
Abo~114_1980 |  -.2100302   .0590989    -3.55   0.001    -.3270725    -.092988
Abo~116_1980 |  -.0500976   .0595337    -0.84   0.402    -.1680008    .0678057
Abo~117_1980 |  -.3026577   .0621424    -4.87   0.000    -.4257275   -.1795879
Abo~118_1980 |  -.2372188    .043753    -5.42   0.000    -.3238693   -.1505683
Abo~120_1980 |  -.2550601   .0504305    -5.06   0.000     -.354935   -.1551852
Abo~121_1980 |  -.1761712   .0461393    -3.82   0.000    -.2675476   -.0847947
Abo~122_1980 |  -.2886678   .0883589    -3.27   0.001     -.463658   -.1136775
Abo~125_1980 |  -.0661054   .0777024    -0.85   0.397     -.219991    .0877802
Abo~128_1980 |   .1291632   .0403873     3.20   0.002     .0491783     .209148
Abo~129_1980 |  -.1323086   .0661067    -2.00   0.048    -.2632294   -.0013878
Abo~130_1980 |   .0101152   .0537151     0.19   0.851    -.0962646    .1164951
Abo~131_1980 |  -.2137815   .0469153    -4.56   0.000    -.3066949   -.1208681
Abor~00_1980 |  -.4024956    .048543    -8.29   0.000    -.4986325   -.3063587
Abo~301_1980 |  -.0718961   .0679469    -1.06   0.292    -.2064615    .0626692
Abo~302_1980 |   -.226656   .0382742    -5.92   0.000    -.3024561   -.1508559
Abor~07_1980 |  -.0882596   .0850094    -1.04   0.301    -.2566162     .080097
Abor~09_1980 |   .2521397   .0444054     5.68   0.000     .1641971    .3400822
Abo~312_1980 |  -.4983918   .0435755   -11.44   0.000    -.5846907   -.4120928
Abo~313_1980 |  -.1540944   .0403111    -3.82   0.000    -.2339285   -.0742604
Abo~314_1980 |  -.5078886   .0543796    -9.34   0.000    -.6155844   -.4001927
Abo~316_1980 |  -.3300925   .0616522    -5.35   0.000    -.4521915   -.2079934
Abo~320_1980 |   .0216661   .0571823     0.38   0.705    -.0915804    .1349126
Abo~321_1980 |  -.0448786   .0831239    -0.54   0.590    -.2095011    .1197439
Abo~322_1980 |   .0616615   .0424054     1.45   0.149    -.0223202    .1456431
Abo~324_1980 |   .2771222   .0768666     3.61   0.000      .124892    .4293524
Abo~329_1980 |  -.3728916   .0794749    -4.69   0.000    -.5302875   -.2154958
Abo~330_1980 |   .0973206   .0581881     1.67   0.097    -.0179179     .212559
       _cons |   8.992854   .0043565  2064.26   0.000     8.984226    9.001482
-------------+----------------------------------------------------------------
       extra |   absorbed                                     (160 categories)

. /* Average rooms*/
. *gen lnavrooms=ln(av_rooms_oo)
. areg av_rooms_oo big1980 Cyear_1980 A* if tierno<2 & yesorder_m==1 & lnavval!=., absorb(extra) cluster(jurcode)
note: Aborderno_1 omitted because of collinearity
note: Aborderno_2 omitted because of collinearity
note: Aborderno_3 omitted because of collinearity
note: Aborderno_4 omitted because of collinearity
note: Aborderno_5 omitted because of collinearity
note: Aborderno_8 omitted because of collinearity
note: Aborderno_9 omitted because of collinearity
note: Aborderno_10 omitted because of collinearity
note: Aborderno_11 omitted because of collinearity
note: Aborderno_12 omitted because of collinearity
note: Aborderno_13 omitted because of collinearity
note: Aborderno_14 omitted because of collinearity
note: Aborderno_15 omitted because of collinearity
note: Aborderno_16 omitted because of collinearity
note: Aborderno_17 omitted because of collinearity
note: Aborderno_18 omitted because of collinearity
note: Aborderno_19 omitted because of collinearity
note: Aborderno_20 omitted because of collinearity
note: Aborderno_22 omitted because of collinearity
note: Aborderno_24 omitted because of collinearity
note: Aborderno_25 omitted because of collinearity
note: Aborderno_26 omitted because of collinearity
note: Aborderno_27 omitted because of collinearity
note: Aborderno_28 omitted because of collinearity
note: Aborderno_31 omitted because of collinearity
note: Aborderno_32 omitted because of collinearity
note: Aborderno_33 omitted because of collinearity
note: Aborderno_34 omitted because of collinearity
note: Aborderno_35 omitted because of collinearity
note: Aborderno_36 omitted because of collinearity
note: Aborderno_37 omitted because of collinearity
note: Aborderno_38 omitted because of collinearity
note: Aborderno_39 omitted because of collinearity
note: Aborderno_40 omitted because of collinearity
note: Aborderno_41 omitted because of collinearity
note: Aborderno_43 omitted because of collinearity
note: Aborderno_47 omitted because of collinearity
note: Aborderno_61 omitted because of collinearity
note: Aborderno_62 omitted because of collinearity
note: Aborderno_64 omitted because of collinearity
note: Aborderno_66 omitted because of collinearity
note: Aborderno_67 omitted because of collinearity
note: Aborderno_73 omitted because of collinearity
note: Aborderno_74 omitted because of collinearity
note: Aborderno_75 omitted because of collinearity
note: Aborderno_76 omitted because of collinearity
note: Aborderno_101 omitted because of collinearity
note: Aborderno_102 omitted because of collinearity
note: Aborderno_103 omitted because of collinearity
note: Aborderno_104 omitted because of collinearity
note: Aborderno_105 omitted because of collinearity
note: Aborderno_111 omitted because of collinearity
note: Aborderno_114 omitted because of collinearity
note: Aborderno_116 omitted because of collinearity
note: Aborderno_117 omitted because of collinearity
note: Aborderno_118 omitted because of collinearity
note: Aborderno_120 omitted because of collinearity
note: Aborderno_121 omitted because of collinearity
note: Aborderno_122 omitted because of collinearity
note: Aborderno_125 omitted because of collinearity
note: Aborderno_128 omitted because of collinearity
note: Aborderno_129 omitted because of collinearity
note: Aborderno_130 omitted because of collinearity
note: Aborderno_131 omitted because of collinearity
note: Aborderno_300 omitted because of collinearity
note: Aborderno_301 omitted because of collinearity
note: Aborderno_302 omitted because of collinearity
note: Aborderno_307 omitted because of collinearity
note: Aborderno_309 omitted because of collinearity
note: Aborderno_312 omitted because of collinearity
note: Aborderno_313 omitted because of collinearity
note: Aborderno_314 omitted because of collinearity
note: Aborderno_316 omitted because of collinearity
note: Aborderno_320 omitted because of collinearity
note: Aborderno_321 omitted because of collinearity
note: Aborderno_322 omitted because of collinearity
note: Aborderno_324 omitted because of collinearity
note: Aborderno_329 omitted because of collinearity
note: Aborderno_330 omitted because of collinearity
note: Ayear_1980 omitted because of collinearity
note: AborXyea_1_1980 omitted because of collinearity
note: AborXyea_2_1980 omitted because of collinearity
note: AborXyea_4_1980 omitted because of collinearity
note: AborXyea_8_1980 omitted because of collinearity
note: AborXyea_13_1980 omitted because of collinearity
note: AborXyea_14_1980 omitted because of collinearity
note: AborXyea_17_1980 omitted because of collinearity
note: AborXyea_18_1980 omitted because of collinearity
note: AborXyea_19_1980 omitted because of collinearity
note: AborXyea_20_1980 omitted because of collinearity
note: AborXyea_22_1980 omitted because of collinearity
note: AborXyea_26_1980 omitted because of collinearity
note: AborXyea_27_1980 omitted because of collinearity
note: AborXyea_32_1980 omitted because of collinearity
note: AborXyea_33_1980 omitted because of collinearity
note: AborXyea_34_1980 omitted because of collinearity
note: AborXyea_35_1980 omitted because of collinearity
note: AborXyea_36_1980 omitted because of collinearity
note: AborXyea_37_1980 omitted because of collinearity
note: AborXyea_38_1980 omitted because of collinearity
note: AborXyea_39_1980 omitted because of collinearity
note: AborXyea_40_1980 omitted because of collinearity
note: AborXyea_41_1980 omitted because of collinearity
note: AborXyea_47_1980 omitted because of collinearity
note: AborXyea_64_1980 omitted because of collinearity
note: AborXyea_73_1980 omitted because of collinearity
note: AborXyea_74_1980 omitted because of collinearity
note: AborXyea_76_1980 omitted because of collinearity
note: AborXyea_101_1980 omitted because of collinearity
note: AborXyea_102_1980 omitted because of collinearity
note: AborXyea_103_1980 omitted because of collinearity
note: AborXyea_104_1980 omitted because of collinearity
note: AborXyea_105_1980 omitted because of collinearity
note: AborXyea_111_1980 omitted because of collinearity
note: AborXyea_114_1980 omitted because of collinearity
note: AborXyea_116_1980 omitted because of collinearity
note: AborXyea_117_1980 omitted because of collinearity
note: AborXyea_118_1980 omitted because of collinearity
note: AborXyea_120_1980 omitted because of collinearity
note: AborXyea_121_1980 omitted because of collinearity
note: AborXyea_122_1980 omitted because of collinearity
note: AborXyea_125_1980 omitted because of collinearity
note: AborXyea_128_1980 omitted because of collinearity
note: AborXyea_129_1980 omitted because of collinearity
note: AborXyea_301_1980 omitted because of collinearity
note: AborXyea_302_1980 omitted because of collinearity
note: AborXyea_307_1980 omitted because of collinearity
note: AborXyea_309_1980 omitted because of collinearity
note: AborXyea_324_1980 omitted because of collinearity
note: AborXyea_330_1980 omitted because of collinearity

Linear regression, absorbing indicators                Number of obs =    1505
                                                       F( 29, 42)    =       .
                                                       Prob > F      =
                                                       R-squared     =  0.4297
                                                       Adj R-squared =  0.3934
                                                       Root MSE      =  .75357

                               (Std. Err. adjusted for 43 clusters in jurcode)
------------------------------------------------------------------------------
             |               Robust
 av_rooms_oo |      Coef.   Std. Err.      t    P>|t|     [95% Conf. Interval]
-------------+----------------------------------------------------------------
     big1980 |  -.1132033   .0763614    -1.48   0.146    -.2673069    .0409003
  Cyear_1980 |  -.8824138   .4195143    -2.10   0.041    -1.729028   -.0357996
 Aborderno_1 |  (omitted)
 Aborderno_2 |  (omitted)
 Aborderno_3 |  (omitted)
 Aborderno_4 |  (omitted)
 Aborderno_5 |  (omitted)
 Aborderno_8 |  (omitted)
 Aborderno_9 |  (omitted)
Aborderno_10 |  (omitted)
Aborderno_11 |  (omitted)
Aborderno_12 |  (omitted)
Aborderno_13 |  (omitted)
Aborderno_14 |  (omitted)
Aborderno_15 |  (omitted)
Aborderno_16 |  (omitted)
Aborderno_17 |  (omitted)
Aborderno_18 |  (omitted)
Aborderno_19 |  (omitted)
Aborderno_20 |  (omitted)
Aborderno_22 |  (omitted)
Aborderno_24 |  (omitted)
Aborderno_25 |  (omitted)
Aborderno_26 |  (omitted)
Aborderno_27 |  (omitted)
Aborderno_28 |  (omitted)
Aborderno_31 |  (omitted)
Aborderno_32 |  (omitted)
Aborderno_33 |  (omitted)
Aborderno_34 |  (omitted)
Aborderno_35 |  (omitted)
Aborderno_36 |  (omitted)
Aborderno_37 |  (omitted)
Aborderno_38 |  (omitted)
Aborderno_39 |  (omitted)
Aborderno_40 |  (omitted)
Aborderno_41 |  (omitted)
Aborderno_43 |  (omitted)
Aborderno_47 |  (omitted)
Aborderno_61 |  (omitted)
Aborderno_62 |  (omitted)
Aborderno_64 |  (omitted)
Aborderno_66 |  (omitted)
Aborderno_67 |  (omitted)
Aborderno_73 |  (omitted)
Aborderno_74 |  (omitted)
Aborderno_75 |  (omitted)
Aborderno_76 |  (omitted)
Abordern~101 |  (omitted)
Abordern~102 |  (omitted)
Abordern~103 |  (omitted)
Abordern~104 |  (omitted)
Abordern~105 |  (omitted)
Abordern~111 |  (omitted)
Abordern~114 |  (omitted)
Abordern~116 |  (omitted)
Abordern~117 |  (omitted)
Abordern~118 |  (omitted)
Abordern~120 |  (omitted)
Abordern~121 |  (omitted)
Abordern~122 |  (omitted)
Abordern~125 |  (omitted)
Abordern~128 |  (omitted)
Abordern~129 |  (omitted)
Abordern~130 |  (omitted)
Abordern~131 |  (omitted)
Abordern~300 |  (omitted)
Abordern~301 |  (omitted)
Abordern~302 |  (omitted)
Abordern~307 |  (omitted)
Abordern~309 |  (omitted)
Abordern~312 |  (omitted)
Abordern~313 |  (omitted)
Abordern~314 |  (omitted)
Abordern~316 |  (omitted)
Abordern~320 |  (omitted)
Abordern~321 |  (omitted)
Abordern~322 |  (omitted)
Abordern~324 |  (omitted)
Abordern~329 |  (omitted)
Abordern~330 |  (omitted)
  Ayear_1980 |  (omitted)
Abor~_1_1980 |  (omitted)
Abor~_2_1980 |  (omitted)
Abor~_3_1980 |   .1103988   .4869792     0.23   0.822     -.872365    1.093163
Abor~_4_1980 |  (omitted)
AborXyea_5~0 |   1.696675   .4280563     3.96   0.000     .8328229    2.560528
AborXyea_8~0 |  (omitted)
AborXyea_9~0 |   .0598379   .4710923     0.13   0.900    -.8908649    1.010541
Abor~10_1980 |   .6410055   .4363883     1.47   0.149    -.2396617    1.521673
Abo~_11_1980 |   .0848767    .531777     0.16   0.874    -.9882928    1.158046
Abo~_12_1980 |   .6890508   .4199233     1.64   0.108    -.1583888     1.53649
Abo~_13_1980 |  (omitted)
Abo~_14_1980 |  (omitted)
Abor~15_1980 |   .6290146   .4285772     1.47   0.150    -.2358892    1.493918
Abo~_16_1980 |   .4225961   .4309988     0.98   0.332    -.4471948    1.292387
Abo~_17_1980 |  (omitted)
Abo~_18_1980 |  (omitted)
Abor~19_1980 |  (omitted)
Abo~_20_1980 |  (omitted)
Abo~_22_1980 |  (omitted)
Abo~_24_1980 |  -3.599456   .4195143    -8.58   0.000     -4.44607   -2.752842
Abo~_25_1980 |  -1.019454   1.179225    -0.86   0.392    -3.399226    1.360317
Abor~26_1980 |  (omitted)
Abor~27_1980 |  (omitted)
Abo~_28_1980 |   .5520099   .4546034     1.21   0.231    -.3654169    1.469437
Abo~_31_1980 |  -.1843956   .4239349    -0.43   0.666    -1.039931    .6711397
Abor~32_1980 |  (omitted)
Abor~33_1980 |  (omitted)
Abor~34_1980 |  (omitted)
Abor~35_1980 |  (omitted)
Abor~36_1980 |  (omitted)
Abor~37_1980 |  (omitted)
Abor~38_1980 |  (omitted)
Abor~39_1980 |  (omitted)
Abor~40_1980 |  (omitted)
Abor~41_1980 |  (omitted)
Abor~43_1980 |   .6012528    .429312     1.40   0.169    -.2651338    1.467639
Abor~47_1980 |  (omitted)
Abor~61_1980 |  -.0660579   .5567117    -0.12   0.906    -1.189548    1.057432
Abor~62_1980 |   .6246228   .5091197     1.23   0.227    -.4028223    1.652068
Abor~64_1980 |  (omitted)
Abor~66_1980 |   1.211727   .4309681     2.81   0.007     .3419985    2.081456
Abor~67_1980 |    .726285   .4266489     1.70   0.096    -.1347273    1.587297
Abor~73_1980 |  (omitted)
Abor~74_1980 |  (omitted)
Abor~75_1980 |   .4196943    .421616     1.00   0.325    -.4311612     1.27055
Abor~76_1980 |  (omitted)
Abo~101_1980 |  (omitted)
Abo~102_1980 |  (omitted)
Abor~03_1980 |  (omitted)
Abor~04_1980 |  (omitted)
Abor~05_1980 |  (omitted)
Abo~111_1980 |  (omitted)
Abo~114_1980 |  (omitted)
Abo~116_1980 |  (omitted)
Abo~117_1980 |  (omitted)
Abo~118_1980 |  (omitted)
Abo~120_1980 |  (omitted)
Abo~121_1980 |  (omitted)
Abo~122_1980 |  (omitted)
Abo~125_1980 |  (omitted)
Abo~128_1980 |  (omitted)
Abo~129_1980 |  (omitted)
Abo~130_1980 |   .8895744   .4186572     2.12   0.040     .0446901    1.734459
Abo~131_1980 |   1.026431   .4578182     2.24   0.030     .1025169    1.950346
Abor~00_1980 |    .333082   .4226398     0.79   0.435    -.5198397    1.186004
Abo~301_1980 |  (omitted)
Abo~302_1980 |  (omitted)
Abor~07_1980 |  (omitted)
Abor~09_1980 |  (omitted)
Abo~312_1980 |   .8317979   .4209367     1.98   0.055    -.0176868    1.681283
Abo~313_1980 |   1.189664   .4195143     2.84   0.007     .3430498    2.036278
Abo~314_1980 |   .8268807   .4221276     1.96   0.057    -.0250072    1.678769
Abo~316_1980 |   1.166584   .4200816     2.78   0.008     .3188253    2.014343
Abo~320_1980 |  -.6038259   .4282657    -1.41   0.166    -1.468101    .2604492
Abo~321_1980 |   .0946966   .4632977     0.20   0.839     -.840276    1.029669
Abo~322_1980 |   1.354675   .4767411     2.84   0.007     .3925724    2.316777
Abo~324_1980 |  (omitted)
Abo~329_1980 |   .7227633   .4404563     1.64   0.108    -.1661135     1.61164
Abo~330_1980 |  (omitted)
       _cons |    5.72102   .0180545   316.88   0.000     5.684584    5.757455
-------------+----------------------------------------------------------------
       extra |   absorbed                                      (60 categories)

. areg av_rooms_oo big1980 Cyear_1980 A* if tierno<2 & yesorder_m==0 & lnavval!=., absorb(extra) cluster(jurcode)
note: Aborderno_1 omitted because of collinearity
note: Aborderno_2 omitted because of collinearity
note: Aborderno_3 omitted because of collinearity
note: Aborderno_4 omitted because of collinearity
note: Aborderno_5 omitted because of collinearity
note: Aborderno_8 omitted because of collinearity
note: Aborderno_9 omitted because of collinearity
note: Aborderno_10 omitted because of collinearity
note: Aborderno_11 omitted because of collinearity
note: Aborderno_12 omitted because of collinearity
note: Aborderno_13 omitted because of collinearity
note: Aborderno_14 omitted because of collinearity
note: Aborderno_15 omitted because of collinearity
note: Aborderno_16 omitted because of collinearity
note: Aborderno_17 omitted because of collinearity
note: Aborderno_18 omitted because of collinearity
note: Aborderno_19 omitted because of collinearity
note: Aborderno_20 omitted because of collinearity
note: Aborderno_22 omitted because of collinearity
note: Aborderno_24 omitted because of collinearity
note: Aborderno_25 omitted because of collinearity
note: Aborderno_26 omitted because of collinearity
note: Aborderno_27 omitted because of collinearity
note: Aborderno_28 omitted because of collinearity
note: Aborderno_31 omitted because of collinearity
note: Aborderno_32 omitted because of collinearity
note: Aborderno_33 omitted because of collinearity
note: Aborderno_34 omitted because of collinearity
note: Aborderno_35 omitted because of collinearity
note: Aborderno_36 omitted because of collinearity
note: Aborderno_37 omitted because of collinearity
note: Aborderno_38 omitted because of collinearity
note: Aborderno_39 omitted because of collinearity
note: Aborderno_40 omitted because of collinearity
note: Aborderno_41 omitted because of collinearity
note: Aborderno_43 omitted because of collinearity
note: Aborderno_47 omitted because of collinearity
note: Aborderno_61 omitted because of collinearity
note: Aborderno_62 omitted because of collinearity
note: Aborderno_64 omitted because of collinearity
note: Aborderno_66 omitted because of collinearity
note: Aborderno_67 omitted because of collinearity
note: Aborderno_73 omitted because of collinearity
note: Aborderno_74 omitted because of collinearity
note: Aborderno_75 omitted because of collinearity
note: Aborderno_76 omitted because of collinearity
note: Aborderno_101 omitted because of collinearity
note: Aborderno_102 omitted because of collinearity
note: Aborderno_103 omitted because of collinearity
note: Aborderno_104 omitted because of collinearity
note: Aborderno_105 omitted because of collinearity
note: Aborderno_111 omitted because of collinearity
note: Aborderno_114 omitted because of collinearity
note: Aborderno_116 omitted because of collinearity
note: Aborderno_117 omitted because of collinearity
note: Aborderno_118 omitted because of collinearity
note: Aborderno_120 omitted because of collinearity
note: Aborderno_121 omitted because of collinearity
note: Aborderno_122 omitted because of collinearity
note: Aborderno_125 omitted because of collinearity
note: Aborderno_128 omitted because of collinearity
note: Aborderno_129 omitted because of collinearity
note: Aborderno_130 omitted because of collinearity
note: Aborderno_131 omitted because of collinearity
note: Aborderno_300 omitted because of collinearity
note: Aborderno_301 omitted because of collinearity
note: Aborderno_302 omitted because of collinearity
note: Aborderno_307 omitted because of collinearity
note: Aborderno_309 omitted because of collinearity
note: Aborderno_312 omitted because of collinearity
note: Aborderno_313 omitted because of collinearity
note: Aborderno_314 omitted because of collinearity
note: Aborderno_316 omitted because of collinearity
note: Aborderno_320 omitted because of collinearity
note: Aborderno_321 omitted because of collinearity
note: Aborderno_322 omitted because of collinearity
note: Aborderno_324 omitted because of collinearity
note: Aborderno_329 omitted because of collinearity
note: Aborderno_330 omitted because of collinearity
note: Ayear_1980 omitted because of collinearity
note: AborXyea_3_1980 omitted because of collinearity
note: AborXyea_5_1980 omitted because of collinearity
note: AborXyea_9_1980 omitted because of collinearity
note: AborXyea_10_1980 omitted because of collinearity
note: AborXyea_11_1980 omitted because of collinearity
note: AborXyea_12_1980 omitted because of collinearity
note: AborXyea_15_1980 omitted because of collinearity
note: AborXyea_16_1980 omitted because of collinearity
note: AborXyea_24_1980 omitted because of collinearity
note: AborXyea_25_1980 omitted because of collinearity
note: AborXyea_28_1980 omitted because of collinearity
note: AborXyea_31_1980 omitted because of collinearity
note: AborXyea_43_1980 omitted because of collinearity
note: AborXyea_61_1980 omitted because of collinearity
note: AborXyea_62_1980 omitted because of collinearity
note: AborXyea_66_1980 omitted because of collinearity
note: AborXyea_67_1980 omitted because of collinearity
note: AborXyea_74_1980 omitted because of collinearity
note: AborXyea_75_1980 omitted because of collinearity
note: AborXyea_130_1980 omitted because of collinearity
note: AborXyea_131_1980 omitted because of collinearity
note: AborXyea_300_1980 omitted because of collinearity
note: AborXyea_312_1980 omitted because of collinearity
note: AborXyea_313_1980 omitted because of collinearity
note: AborXyea_314_1980 omitted because of collinearity
note: AborXyea_316_1980 omitted because of collinearity
note: AborXyea_320_1980 omitted because of collinearity
note: AborXyea_321_1980 omitted because of collinearity
note: AborXyea_322_1980 omitted because of collinearity
note: AborXyea_329_1980 omitted because of collinearity

Linear regression, absorbing indicators                Number of obs =    2847
                                                       F( 49, 80)    =       .
                                                       Prob > F      =
                                                       R-squared     =  0.3478
                                                       Adj R-squared =  0.3116
                                                       Root MSE      =  .79519

                               (Std. Err. adjusted for 81 clusters in jurcode)
------------------------------------------------------------------------------
             |               Robust
 av_rooms_oo |      Coef.   Std. Err.      t    P>|t|     [95% Conf. Interval]
-------------+----------------------------------------------------------------
     big1980 |   .0511045   .0572825     0.89   0.375    -.0628913    .1651003
  Cyear_1980 |  -.1957006    .272385    -0.72   0.475    -.7377639    .3463628
 Aborderno_1 |  (omitted)
 Aborderno_2 |  (omitted)
 Aborderno_3 |  (omitted)
 Aborderno_4 |  (omitted)
 Aborderno_5 |  (omitted)
 Aborderno_8 |  (omitted)
 Aborderno_9 |  (omitted)
Aborderno_10 |  (omitted)
Aborderno_11 |  (omitted)
Aborderno_12 |  (omitted)
Aborderno_13 |  (omitted)
Aborderno_14 |  (omitted)
Aborderno_15 |  (omitted)
Aborderno_16 |  (omitted)
Aborderno_17 |  (omitted)
Aborderno_18 |  (omitted)
Aborderno_19 |  (omitted)
Aborderno_20 |  (omitted)
Aborderno_22 |  (omitted)
Aborderno_24 |  (omitted)
Aborderno_25 |  (omitted)
Aborderno_26 |  (omitted)
Aborderno_27 |  (omitted)
Aborderno_28 |  (omitted)
Aborderno_31 |  (omitted)
Aborderno_32 |  (omitted)
Aborderno_33 |  (omitted)
Aborderno_34 |  (omitted)
Aborderno_35 |  (omitted)
Aborderno_36 |  (omitted)
Aborderno_37 |  (omitted)
Aborderno_38 |  (omitted)
Aborderno_39 |  (omitted)
Aborderno_40 |  (omitted)
Aborderno_41 |  (omitted)
Aborderno_43 |  (omitted)
Aborderno_47 |  (omitted)
Aborderno_61 |  (omitted)
Aborderno_62 |  (omitted)
Aborderno_64 |  (omitted)
Aborderno_66 |  (omitted)
Aborderno_67 |  (omitted)
Aborderno_73 |  (omitted)
Aborderno_74 |  (omitted)
Aborderno_75 |  (omitted)
Aborderno_76 |  (omitted)
Abordern~101 |  (omitted)
Abordern~102 |  (omitted)
Abordern~103 |  (omitted)
Abordern~104 |  (omitted)
Abordern~105 |  (omitted)
Abordern~111 |  (omitted)
Abordern~114 |  (omitted)
Abordern~116 |  (omitted)
Abordern~117 |  (omitted)
Abordern~118 |  (omitted)
Abordern~120 |  (omitted)
Abordern~121 |  (omitted)
Abordern~122 |  (omitted)
Abordern~125 |  (omitted)
Abordern~128 |  (omitted)
Abordern~129 |  (omitted)
Abordern~130 |  (omitted)
Abordern~131 |  (omitted)
Abordern~300 |  (omitted)
Abordern~301 |  (omitted)
Abordern~302 |  (omitted)
Abordern~307 |  (omitted)
Abordern~309 |  (omitted)
Abordern~312 |  (omitted)
Abordern~313 |  (omitted)
Abordern~314 |  (omitted)
Abordern~316 |  (omitted)
Abordern~320 |  (omitted)
Abordern~321 |  (omitted)
Abordern~322 |  (omitted)
Abordern~324 |  (omitted)
Abordern~329 |  (omitted)
Abordern~330 |  (omitted)
  Ayear_1980 |  (omitted)
Abor~_1_1980 |  -.3912492   .4393374    -0.89   0.376    -1.265559    .4830601
Abor~_2_1980 |  -.4394621   .2813601    -1.56   0.122    -.9993865    .1204622
Abor~_3_1980 |  (omitted)
Abor~_4_1980 |  -1.795658   .5434604    -3.30   0.001    -2.877179   -.7141374
AborXyea_5~0 |  (omitted)
AborXyea_8~0 |  -.3646341   .2830274    -1.29   0.201    -.9278766    .1986083
AborXyea_9~0 |  (omitted)
Abor~10_1980 |  (omitted)
Abo~_11_1980 |  (omitted)
Abo~_12_1980 |  (omitted)
Abo~_13_1980 |   .0238394   .2711828     0.09   0.930    -.5158316    .5635104
Abo~_14_1980 |   .2343382   .2730985     0.86   0.393    -.3091452    .7778216
Abor~15_1980 |  (omitted)
Abo~_16_1980 |  (omitted)
Abo~_17_1980 |  -.5212294   .2851852    -1.83   0.071    -1.088766    .0463072
Abo~_18_1980 |  -.2068191   .4768559    -0.43   0.666    -1.155793    .7421544
Abor~19_1980 |  -.2281357   .2898183    -0.79   0.434    -.8048924    .3486211
Abo~_20_1980 |  -.0976395   .2866496    -0.34   0.734    -.6680903    .4728114
Abo~_22_1980 |   .0547706   .2908342     0.19   0.851    -.5240079    .6335491
Abo~_24_1980 |  (omitted)
Abo~_25_1980 |  (omitted)
Abor~26_1980 |  -.3883157    .428751    -0.91   0.368    -1.241557     .464926
Abor~27_1980 |  -.2474893   .2667406    -0.93   0.356    -.7783199    .2833414
Abo~_28_1980 |  (omitted)
Abo~_31_1980 |  (omitted)
Abor~32_1980 |  -.4449326   .3161004    -1.41   0.163    -1.073992    .1841271
Abor~33_1980 |  -.3601424   .2671686    -1.35   0.181    -.8918248    .1715401
Abor~34_1980 |  -.8897752   .3183943    -2.79   0.007      -1.5234   -.2561505
Abor~35_1980 |  -.6466925   .4455349    -1.45   0.151    -1.533335    .2399503
Abor~36_1980 |  -.4557607   .2686132    -1.70   0.094     -.990318    .0787965
Abor~37_1980 |  -.4468272   .2674498    -1.67   0.099    -.9790693     .085415
Abor~38_1980 |  -.5304859   .2737105    -1.94   0.056    -1.075187    .0142154
Abor~39_1980 |  -.7506665   .2879236    -2.61   0.011    -1.323653   -.1776802
Abor~40_1980 |  -.3828332   .2671503    -1.43   0.156    -.9144792    .1488127
Abor~41_1980 |   .1423136   .3952796     0.36   0.720    -.6443179     .928945
Abor~43_1980 |  (omitted)
Abor~47_1980 |  -.2104208   .2665722    -0.79   0.432    -.7409163    .3200747
Abor~61_1980 |  (omitted)
Abor~62_1980 |  (omitted)
Abor~64_1980 |  -.2201529   .2706001    -0.81   0.418    -.7586643    .3183584
Abor~66_1980 |  (omitted)
Abor~67_1980 |  (omitted)
Abor~73_1980 |   .3248262   .2655387     1.22   0.225    -.2036127    .8532651
Abor~74_1980 |  (omitted)
Abor~75_1980 |  (omitted)
Abor~76_1980 |   .0293826   .3514418     0.08   0.934    -.6700089    .7287741
Abo~101_1980 |   .0445931   .2684769     0.17   0.868    -.4896929    .5788792
Abo~102_1980 |   .6109628   .2689242     2.27   0.026     .0757867    1.146139
Abor~03_1980 |   .2362126   .2736316     0.86   0.391    -.3083316    .7807567
Abor~04_1980 |  -.1795017    .608992    -0.29   0.769    -1.391434    1.032431
Abor~05_1980 |   1.197225    .264573     4.53   0.000      .670708    1.723742
Abo~111_1980 |   .0881376   .2716728     0.32   0.746    -.4525084    .6287837
Abo~114_1980 |   .2148252   .3304159     0.65   0.517    -.4427233    .8723738
Abo~116_1980 |   .3562875   .2671777     1.33   0.186     -.175413     .887988
Abo~117_1980 |   .0442694   .2789713     0.16   0.874    -.5109011      .59944
Abo~118_1980 |   .1328376   .2671065     0.50   0.620    -.3987212    .6643964
Abo~120_1980 |  -.0813007   .3042695    -0.27   0.790    -.6868164     .524215
Abo~121_1980 |   .2807746   .3025896     0.93   0.356    -.3213978     .882947
Abo~122_1980 |   .2421089   .2930657     0.83   0.411    -.3411105    .8253283
Abo~125_1980 |   .2929522   .2724398     1.08   0.285    -.2492202    .8351247
Abo~128_1980 |  -.2566256   .2945162    -0.87   0.386    -.8427315    .3294803
Abo~129_1980 |  -.1977214   .2721774    -0.73   0.470    -.7393717     .343929
Abo~130_1980 |  (omitted)
Abo~131_1980 |  (omitted)
Abor~00_1980 |  (omitted)
Abo~301_1980 |   .2522485     .27309     0.92   0.358    -.2912178    .7957148
Abo~302_1980 |   .0960606   .2678717     0.36   0.721     -.437021    .6291422
Abor~07_1980 |   .4266288    .396308     1.08   0.285    -.3620492    1.215307
Abor~09_1980 |   .5402415   .2391777     2.26   0.027     .0642628     1.01622
Abo~312_1980 |  (omitted)
Abo~313_1980 |  (omitted)
Abo~314_1980 |  (omitted)
Abo~316_1980 |  (omitted)
Abo~320_1980 |  (omitted)
Abo~321_1980 |  (omitted)
Abo~322_1980 |  (omitted)
Abo~324_1980 |   .0061397   .3111727     0.02   0.984    -.6131138    .6253932
Abo~329_1980 |  (omitted)
Abo~330_1980 |   .4809274   .2883075     1.67   0.099    -.0928228    1.054678
       _cons |   5.803417   .0167418   346.64   0.000       5.7701    5.836735
-------------+----------------------------------------------------------------
       extra |   absorbed                                     (100 categories)

. areg av_rooms_oo yesbig1980 big1980 A* if tierno<2 & lnavval!=., absorb(extra) cluster(jurcode)
note: Aborderno_1 omitted because of collinearity
note: Aborderno_2 omitted because of collinearity
note: Aborderno_3 omitted because of collinearity
note: Aborderno_4 omitted because of collinearity
note: Aborderno_5 omitted because of collinearity
note: Aborderno_8 omitted because of collinearity
note: Aborderno_9 omitted because of collinearity
note: Aborderno_10 omitted because of collinearity
note: Aborderno_11 omitted because of collinearity
note: Aborderno_12 omitted because of collinearity
note: Aborderno_13 omitted because of collinearity
note: Aborderno_14 omitted because of collinearity
note: Aborderno_15 omitted because of collinearity
note: Aborderno_16 omitted because of collinearity
note: Aborderno_17 omitted because of collinearity
note: Aborderno_18 omitted because of collinearity
note: Aborderno_19 omitted because of collinearity
note: Aborderno_20 omitted because of collinearity
note: Aborderno_22 omitted because of collinearity
note: Aborderno_24 omitted because of collinearity
note: Aborderno_25 omitted because of collinearity
note: Aborderno_26 omitted because of collinearity
note: Aborderno_27 omitted because of collinearity
note: Aborderno_28 omitted because of collinearity
note: Aborderno_31 omitted because of collinearity
note: Aborderno_32 omitted because of collinearity
note: Aborderno_33 omitted because of collinearity
note: Aborderno_34 omitted because of collinearity
note: Aborderno_35 omitted because of collinearity
note: Aborderno_36 omitted because of collinearity
note: Aborderno_37 omitted because of collinearity
note: Aborderno_38 omitted because of collinearity
note: Aborderno_39 omitted because of collinearity
note: Aborderno_40 omitted because of collinearity
note: Aborderno_41 omitted because of collinearity
note: Aborderno_43 omitted because of collinearity
note: Aborderno_47 omitted because of collinearity
note: Aborderno_61 omitted because of collinearity
note: Aborderno_62 omitted because of collinearity
note: Aborderno_64 omitted because of collinearity
note: Aborderno_66 omitted because of collinearity
note: Aborderno_67 omitted because of collinearity
note: Aborderno_73 omitted because of collinearity
note: Aborderno_74 omitted because of collinearity
note: Aborderno_75 omitted because of collinearity
note: Aborderno_76 omitted because of collinearity
note: Aborderno_101 omitted because of collinearity
note: Aborderno_102 omitted because of collinearity
note: Aborderno_103 omitted because of collinearity
note: Aborderno_104 omitted because of collinearity
note: Aborderno_105 omitted because of collinearity
note: Aborderno_111 omitted because of collinearity
note: Aborderno_114 omitted because of collinearity
note: Aborderno_116 omitted because of collinearity
note: Aborderno_117 omitted because of collinearity
note: Aborderno_118 omitted because of collinearity
note: Aborderno_120 omitted because of collinearity
note: Aborderno_121 omitted because of collinearity
note: Aborderno_122 omitted because of collinearity
note: Aborderno_125 omitted because of collinearity
note: Aborderno_128 omitted because of collinearity
note: Aborderno_129 omitted because of collinearity
note: Aborderno_130 omitted because of collinearity
note: Aborderno_131 omitted because of collinearity
note: Aborderno_300 omitted because of collinearity
note: Aborderno_301 omitted because of collinearity
note: Aborderno_302 omitted because of collinearity
note: Aborderno_307 omitted because of collinearity
note: Aborderno_309 omitted because of collinearity
note: Aborderno_312 omitted because of collinearity
note: Aborderno_313 omitted because of collinearity
note: Aborderno_314 omitted because of collinearity
note: Aborderno_316 omitted because of collinearity
note: Aborderno_320 omitted because of collinearity
note: Aborderno_321 omitted because of collinearity
note: Aborderno_322 omitted because of collinearity
note: Aborderno_324 omitted because of collinearity
note: Aborderno_329 omitted because of collinearity
note: Aborderno_330 omitted because of collinearity

Linear regression, absorbing indicators                Number of obs =    4352
                                                       F( 77, 117)   =       .
                                                       Prob > F      =
                                                       R-squared     =  0.3783
                                                       Adj R-squared =  0.3418
                                                       Root MSE      =  .78102

                              (Std. Err. adjusted for 118 clusters in jurcode)
------------------------------------------------------------------------------
             |               Robust
 av_rooms_oo |      Coef.   Std. Err.      t    P>|t|     [95% Conf. Interval]
-------------+----------------------------------------------------------------
  yesbig1980 |  -.1643078   .0944207    -1.74   0.084     -.351303    .0226874
     big1980 |   .0511045   .0572517     0.89   0.374    -.0622795    .1644886
 Aborderno_1 |  (omitted)
 Aborderno_2 |  (omitted)
 Aborderno_3 |  (omitted)
 Aborderno_4 |  (omitted)
 Aborderno_5 |  (omitted)
 Aborderno_8 |  (omitted)
 Aborderno_9 |  (omitted)
Aborderno_10 |  (omitted)
Aborderno_11 |  (omitted)
Aborderno_12 |  (omitted)
Aborderno_13 |  (omitted)
Aborderno_14 |  (omitted)
Aborderno_15 |  (omitted)
Aborderno_16 |  (omitted)
Aborderno_17 |  (omitted)
Aborderno_18 |  (omitted)
Aborderno_19 |  (omitted)
Aborderno_20 |  (omitted)
Aborderno_22 |  (omitted)
Aborderno_24 |  (omitted)
Aborderno_25 |  (omitted)
Aborderno_26 |  (omitted)
Aborderno_27 |  (omitted)
Aborderno_28 |  (omitted)
Aborderno_31 |  (omitted)
Aborderno_32 |  (omitted)
Aborderno_33 |  (omitted)
Aborderno_34 |  (omitted)
Aborderno_35 |  (omitted)
Aborderno_36 |  (omitted)
Aborderno_37 |  (omitted)
Aborderno_38 |  (omitted)
Aborderno_39 |  (omitted)
Aborderno_40 |  (omitted)
Aborderno_41 |  (omitted)
Aborderno_43 |  (omitted)
Aborderno_47 |  (omitted)
Aborderno_61 |  (omitted)
Aborderno_62 |  (omitted)
Aborderno_64 |  (omitted)
Aborderno_66 |  (omitted)
Aborderno_67 |  (omitted)
Aborderno_73 |  (omitted)
Aborderno_74 |  (omitted)
Aborderno_75 |  (omitted)
Aborderno_76 |  (omitted)
Abordern~101 |  (omitted)
Abordern~102 |  (omitted)
Abordern~103 |  (omitted)
Abordern~104 |  (omitted)
Abordern~105 |  (omitted)
Abordern~111 |  (omitted)
Abordern~114 |  (omitted)
Abordern~116 |  (omitted)
Abordern~117 |  (omitted)
Abordern~118 |  (omitted)
Abordern~120 |  (omitted)
Abordern~121 |  (omitted)
Abordern~122 |  (omitted)
Abordern~125 |  (omitted)
Abordern~128 |  (omitted)
Abordern~129 |  (omitted)
Abordern~130 |  (omitted)
Abordern~131 |  (omitted)
Abordern~300 |  (omitted)
Abordern~301 |  (omitted)
Abordern~302 |  (omitted)
Abordern~307 |  (omitted)
Abordern~309 |  (omitted)
Abordern~312 |  (omitted)
Abordern~313 |  (omitted)
Abordern~314 |  (omitted)
Abordern~316 |  (omitted)
Abordern~320 |  (omitted)
Abordern~321 |  (omitted)
Abordern~322 |  (omitted)
Abordern~324 |  (omitted)
Abordern~329 |  (omitted)
Abordern~330 |  (omitted)
  Ayear_1980 |  -.1957006   .2722387    -0.72   0.474     -.734855    .3434539
Abor~_1_1980 |  -.3912492   .4391015    -0.89   0.375    -1.260867    .4783682
Abor~_2_1980 |  -.4394621   .2812089    -1.56   0.121    -.9963817    .1174574
Abor~_3_1980 |  -.5763144   .3653301    -1.58   0.117    -1.299832    .1472027
Abor~_4_1980 |  -1.795658   .5431686    -3.31   0.001    -2.871375   -.7199413
AborXyea_5~0 |   1.009962   .2891184     3.49   0.001     .4373784    1.582546
AborXyea_8~0 |  -.3646341   .2828754    -1.29   0.200     -.924854    .1955857
AborXyea_9~0 |  -.6268753   .3449133    -1.82   0.072    -1.309958    .0562074
Abor~10_1980 |  -.0457077   .3002873    -0.15   0.879     -.640411    .5489956
Abo~_11_1980 |  -.6018365   .4325146    -1.39   0.167    -1.458409    .2547359
Abo~_12_1980 |   .0023376   .2782853     0.01   0.993    -.5487919    .5534671
Abo~_13_1980 |   .0238394   .2710372     0.09   0.930    -.5129355    .5606143
Abo~_14_1980 |   .2343382   .2729519     0.86   0.392    -.3062286    .7749051
Abor~15_1980 |  -.0576986   .2877451    -0.20   0.841    -.6275627    .5121655
Abo~_16_1980 |  -.2641171   .2937893    -0.90   0.370    -.8459515    .3177173
Abo~_17_1980 |  -.5212294    .285032    -1.83   0.070     -1.08572    .0432616
Abo~_18_1980 |  -.2068191   .4765998    -0.43   0.665      -1.1507    .7370618
Abor~19_1980 |  -.2281357   .2896626    -0.79   0.433    -.8017973     .345526
Abo~_20_1980 |  -.0976395   .2864956    -0.34   0.734     -.665029    .4697501
Abo~_22_1980 |   .0547706    .290678     0.19   0.851    -.5209019    .6304431
Abo~_24_1980 |  -4.286169   .2722387   -15.74   0.000    -4.825323   -3.747014
Abo~_25_1980 |  -1.706168   1.125059    -1.52   0.132    -3.934288    .5219528
Abor~26_1980 |  -.3883157   .4285207    -0.91   0.367    -1.236979    .4603472
Abor~27_1980 |  -.2474893   .2665973    -0.93   0.355    -.7754712    .2804927
Abo~_28_1980 |  -.1347033   .3276258    -0.41   0.682    -.7835491    .5141425
Abo~_31_1980 |  -.8711088   .2845689    -3.06   0.003    -1.434683   -.3075349
Abor~32_1980 |  -.4449326   .3159306    -1.41   0.162    -1.070617    .1807513
Abor~33_1980 |  -.3601424   .2670251    -1.35   0.180    -.8889716    .1686869
Abor~34_1980 |  -.8897752   .3182233    -2.80   0.006        -1.52   -.2595507
Abor~35_1980 |  -.6466925   .4452957    -1.45   0.149    -1.528577    .2351922
Abor~36_1980 |  -.4557607   .2684689    -1.70   0.092    -.9874494    .0759279
Abor~37_1980 |  -.4468272   .2673062    -1.67   0.097    -.9762131    .0825587
Abor~38_1980 |  -.5304859   .2735635    -1.94   0.055    -1.072264    .0112923
Abor~39_1980 |  -.7506665    .287769    -2.61   0.010    -1.320578   -.1807551
Abor~40_1980 |  -.3828332   .2670068    -1.43   0.154    -.9116262    .1459597
Abor~41_1980 |   .1423136   .3950673     0.36   0.719    -.6400965    .9247237
Abor~43_1980 |  -.0854604   .2904423    -0.29   0.769    -.6606662    .4897455
Abor~47_1980 |  -.2104208    .266429    -0.79   0.431    -.7380694    .3172279
Abor~61_1980 |  -.7527711   .4518574    -1.67   0.098    -1.647651    .1421088
Abor~62_1980 |  -.0620904   .3963113    -0.16   0.876    -.8469642    .7227834
Abor~64_1980 |  -.2201529   .2704548    -0.81   0.417    -.7557745    .3154686
Abor~66_1980 |   .5250142   .2911065     1.80   0.074     -.051507    1.101535
Abor~67_1980 |   .0395718   .2867157     0.14   0.890    -.5282537    .6073972
Abor~73_1980 |   .3248262   .2653961     1.22   0.223    -.2007769    .8504293
Abor~74_1980 |  -.6867132   .4931815    -1.39   0.166    -1.663433    .2900068
Abor~75_1980 |  -.2670189   .2799449    -0.95   0.342    -.8214352    .2873973
Abor~76_1980 |   .0293826   .3512531     0.08   0.933    -.6662557    .7250209
Abo~101_1980 |   .0445931   .2683327     0.17   0.868    -.4868257     .576012
Abo~102_1980 |   .6109628   .2687797     2.27   0.025     .0786586    1.143267
Abor~03_1980 |   .2362126   .2734846     0.86   0.390    -.3054094    .7778345
Abor~04_1980 |  -.1795017   .6086649    -0.29   0.769    -1.384931    1.025927
Abor~05_1980 |   1.197225   .2644309     4.53   0.000     .6735335    1.720917
Abo~111_1980 |   .0881376   .2715269     0.32   0.746    -.4496071    .6258824
Abo~114_1980 |   .2148252   .3302384     0.65   0.517    -.4391946    .8688451
Abo~116_1980 |   .3562875   .2670342     1.33   0.185    -.1725597    .8851346
Abo~117_1980 |   .0442694   .2788215     0.16   0.874    -.5079219    .5964607
Abo~118_1980 |   .1328376    .266963     0.50   0.620    -.3958687    .6615439
Abo~120_1980 |  -.0813007   .3041061    -0.27   0.790    -.6835669    .5209655
Abo~121_1980 |   .2807746    .302427     0.93   0.355    -.3181663    .8797155
Abo~122_1980 |   .2421089   .2929083     0.83   0.410    -.3379807    .8221985
Abo~125_1980 |   .2929522   .2722934     1.08   0.284    -.2463107    .8322151
Abo~128_1980 |  -.2566256    .294358    -0.87   0.385    -.8395862     .326335
Abo~129_1980 |  -.1977214   .2720312    -0.73   0.469     -.736465    .3410223
Abo~130_1980 |   .2028612   .2750183     0.74   0.462    -.3417982    .7475206
Abo~131_1980 |   .3397183   .3293039     1.03   0.304    -.3124509    .9918874
Abor~00_1980 |  -.3536312   .2849971    -1.24   0.217     -.918053    .2107907
Abo~301_1980 |   .2522485   .2729433     0.92   0.357    -.2883014    .7927984
Abo~302_1980 |   .0960606   .2677278     0.36   0.720    -.4341603    .6262814
Abor~07_1980 |   .4266288   .3960951     1.08   0.284    -.3578169    1.211074
Abor~09_1980 |   .5402415   .2390492     2.26   0.026     .0668171    1.013666
Abo~312_1980 |   .1450847   .2788379     0.52   0.604     -.407139    .6973085
Abo~313_1980 |   .5029507   .2722387     1.85   0.067    -.0362037    1.042105
Abo~314_1980 |   .1401675   .2811279     0.50   0.619    -.4165915    .6969265
Abo~316_1980 |    .479871   .2761251     1.74   0.085    -.0669803    1.026722
Abo~320_1980 |  -1.290539   .2913311    -4.43   0.000    -1.867505   -.7135733
Abo~321_1980 |  -.5920166   .3356808    -1.76   0.080    -1.256815    .0727817
Abo~322_1980 |   .6679616   .3571833     1.87   0.064    -.0394212    1.375344
Abo~324_1980 |   .0061397   .3110056     0.02   0.984    -.6097906      .62207
Abo~329_1980 |   .0360501   .3047602     0.12   0.906    -.5675114    .6396116
Abo~330_1980 |   .4809274   .2881527     1.67   0.098    -.0897439    1.051599
       _cons |   5.774923   .0126326   457.15   0.000     5.749905    5.799941
-------------+----------------------------------------------------------------
       extra |   absorbed                                     (160 categories)

. /* Percent black*/
. areg perblack big1980 Cyear_1980 A* if tierno<2 & yesorder_m==1, absorb(extra) cluster(jurcode)
note: Aborderno_1 omitted because of collinearity
note: Aborderno_2 omitted because of collinearity
note: Aborderno_3 omitted because of collinearity
note: Aborderno_4 omitted because of collinearity
note: Aborderno_5 omitted because of collinearity
note: Aborderno_8 omitted because of collinearity
note: Aborderno_9 omitted because of collinearity
note: Aborderno_10 omitted because of collinearity
note: Aborderno_11 omitted because of collinearity
note: Aborderno_12 omitted because of collinearity
note: Aborderno_13 omitted because of collinearity
note: Aborderno_14 omitted because of collinearity
note: Aborderno_15 omitted because of collinearity
note: Aborderno_16 omitted because of collinearity
note: Aborderno_17 omitted because of collinearity
note: Aborderno_18 omitted because of collinearity
note: Aborderno_19 omitted because of collinearity
note: Aborderno_20 omitted because of collinearity
note: Aborderno_22 omitted because of collinearity
note: Aborderno_24 omitted because of collinearity
note: Aborderno_25 omitted because of collinearity
note: Aborderno_26 omitted because of collinearity
note: Aborderno_27 omitted because of collinearity
note: Aborderno_28 omitted because of collinearity
note: Aborderno_31 omitted because of collinearity
note: Aborderno_32 omitted because of collinearity
note: Aborderno_33 omitted because of collinearity
note: Aborderno_34 omitted because of collinearity
note: Aborderno_35 omitted because of collinearity
note: Aborderno_36 omitted because of collinearity
note: Aborderno_37 omitted because of collinearity
note: Aborderno_38 omitted because of collinearity
note: Aborderno_39 omitted because of collinearity
note: Aborderno_40 omitted because of collinearity
note: Aborderno_41 omitted because of collinearity
note: Aborderno_43 omitted because of collinearity
note: Aborderno_47 omitted because of collinearity
note: Aborderno_61 omitted because of collinearity
note: Aborderno_62 omitted because of collinearity
note: Aborderno_64 omitted because of collinearity
note: Aborderno_66 omitted because of collinearity
note: Aborderno_67 omitted because of collinearity
note: Aborderno_73 omitted because of collinearity
note: Aborderno_74 omitted because of collinearity
note: Aborderno_75 omitted because of collinearity
note: Aborderno_76 omitted because of collinearity
note: Aborderno_101 omitted because of collinearity
note: Aborderno_102 omitted because of collinearity
note: Aborderno_103 omitted because of collinearity
note: Aborderno_104 omitted because of collinearity
note: Aborderno_105 omitted because of collinearity
note: Aborderno_111 omitted because of collinearity
note: Aborderno_114 omitted because of collinearity
note: Aborderno_116 omitted because of collinearity
note: Aborderno_117 omitted because of collinearity
note: Aborderno_118 omitted because of collinearity
note: Aborderno_120 omitted because of collinearity
note: Aborderno_121 omitted because of collinearity
note: Aborderno_122 omitted because of collinearity
note: Aborderno_125 omitted because of collinearity
note: Aborderno_128 omitted because of collinearity
note: Aborderno_129 omitted because of collinearity
note: Aborderno_130 omitted because of collinearity
note: Aborderno_131 omitted because of collinearity
note: Aborderno_300 omitted because of collinearity
note: Aborderno_301 omitted because of collinearity
note: Aborderno_302 omitted because of collinearity
note: Aborderno_307 omitted because of collinearity
note: Aborderno_309 omitted because of collinearity
note: Aborderno_312 omitted because of collinearity
note: Aborderno_313 omitted because of collinearity
note: Aborderno_314 omitted because of collinearity
note: Aborderno_316 omitted because of collinearity
note: Aborderno_320 omitted because of collinearity
note: Aborderno_321 omitted because of collinearity
note: Aborderno_322 omitted because of collinearity
note: Aborderno_324 omitted because of collinearity
note: Aborderno_329 omitted because of collinearity
note: Aborderno_330 omitted because of collinearity
note: Ayear_1980 omitted because of collinearity
note: AborXyea_1_1980 omitted because of collinearity
note: AborXyea_2_1980 omitted because of collinearity
note: AborXyea_4_1980 omitted because of collinearity
note: AborXyea_8_1980 omitted because of collinearity
note: AborXyea_13_1980 omitted because of collinearity
note: AborXyea_14_1980 omitted because of collinearity
note: AborXyea_17_1980 omitted because of collinearity
note: AborXyea_18_1980 omitted because of collinearity
note: AborXyea_19_1980 omitted because of collinearity
note: AborXyea_20_1980 omitted because of collinearity
note: AborXyea_22_1980 omitted because of collinearity
note: AborXyea_26_1980 omitted because of collinearity
note: AborXyea_27_1980 omitted because of collinearity
note: AborXyea_32_1980 omitted because of collinearity
note: AborXyea_33_1980 omitted because of collinearity
note: AborXyea_34_1980 omitted because of collinearity
note: AborXyea_35_1980 omitted because of collinearity
note: AborXyea_36_1980 omitted because of collinearity
note: AborXyea_37_1980 omitted because of collinearity
note: AborXyea_38_1980 omitted because of collinearity
note: AborXyea_39_1980 omitted because of collinearity
note: AborXyea_40_1980 omitted because of collinearity
note: AborXyea_41_1980 omitted because of collinearity
note: AborXyea_47_1980 omitted because of collinearity
note: AborXyea_64_1980 omitted because of collinearity
note: AborXyea_73_1980 omitted because of collinearity
note: AborXyea_76_1980 omitted because of collinearity
note: AborXyea_101_1980 omitted because of collinearity
note: AborXyea_102_1980 omitted because of collinearity
note: AborXyea_103_1980 omitted because of collinearity
note: AborXyea_104_1980 omitted because of collinearity
note: AborXyea_105_1980 omitted because of collinearity
note: AborXyea_111_1980 omitted because of collinearity
note: AborXyea_114_1980 omitted because of collinearity
note: AborXyea_116_1980 omitted because of collinearity
note: AborXyea_117_1980 omitted because of collinearity
note: AborXyea_118_1980 omitted because of collinearity
note: AborXyea_120_1980 omitted because of collinearity
note: AborXyea_121_1980 omitted because of collinearity
note: AborXyea_122_1980 omitted because of collinearity
note: AborXyea_125_1980 omitted because of collinearity
note: AborXyea_128_1980 omitted because of collinearity
note: AborXyea_129_1980 omitted because of collinearity
note: AborXyea_301_1980 omitted because of collinearity
note: AborXyea_302_1980 omitted because of collinearity
note: AborXyea_307_1980 omitted because of collinearity
note: AborXyea_309_1980 omitted because of collinearity
note: AborXyea_313_1980 omitted because of collinearity
note: AborXyea_324_1980 omitted because of collinearity
note: AborXyea_330_1980 omitted because of collinearity

Linear regression, absorbing indicators                Number of obs =    1801
                                                       F( 31,    42) =41858.09
                                                       Prob > F      =  0.0000
                                                       R-squared     =  0.8556
                                                       Adj R-squared =  0.8480
                                                       Root MSE      =  .09382

                               (Std. Err. adjusted for 43 clusters in jurcode)
------------------------------------------------------------------------------
             |               Robust
    perblack |      Coef.   Std. Err.      t    P>|t|     [95% Conf. Interval]
-------------+----------------------------------------------------------------
     big1980 |   .0203564   .0183101     1.11   0.273    -.0165949    .0573077
  Cyear_1980 |  -3.84e-14   3.13e-08    -0.00   1.000    -6.31e-08    6.31e-08
 Aborderno_1 |  (omitted)
 Aborderno_2 |  (omitted)
 Aborderno_3 |  (omitted)
 Aborderno_4 |  (omitted)
 Aborderno_5 |  (omitted)
 Aborderno_8 |  (omitted)
 Aborderno_9 |  (omitted)
Aborderno_10 |  (omitted)
Aborderno_11 |  (omitted)
Aborderno_12 |  (omitted)
Aborderno_13 |  (omitted)
Aborderno_14 |  (omitted)
Aborderno_15 |  (omitted)
Aborderno_16 |  (omitted)
Aborderno_17 |  (omitted)
Aborderno_18 |  (omitted)
Aborderno_19 |  (omitted)
Aborderno_20 |  (omitted)
Aborderno_22 |  (omitted)
Aborderno_24 |  (omitted)
Aborderno_25 |  (omitted)
Aborderno_26 |  (omitted)
Aborderno_27 |  (omitted)
Aborderno_28 |  (omitted)
Aborderno_31 |  (omitted)
Aborderno_32 |  (omitted)
Aborderno_33 |  (omitted)
Aborderno_34 |  (omitted)
Aborderno_35 |  (omitted)
Aborderno_36 |  (omitted)
Aborderno_37 |  (omitted)
Aborderno_38 |  (omitted)
Aborderno_39 |  (omitted)
Aborderno_40 |  (omitted)
Aborderno_41 |  (omitted)
Aborderno_43 |  (omitted)
Aborderno_47 |  (omitted)
Aborderno_61 |  (omitted)
Aborderno_62 |  (omitted)
Aborderno_64 |  (omitted)
Aborderno_66 |  (omitted)
Aborderno_67 |  (omitted)
Aborderno_73 |  (omitted)
Aborderno_74 |  (omitted)
Aborderno_75 |  (omitted)
Aborderno_76 |  (omitted)
Abordern~101 |  (omitted)
Abordern~102 |  (omitted)
Abordern~103 |  (omitted)
Abordern~104 |  (omitted)
Abordern~105 |  (omitted)
Abordern~111 |  (omitted)
Abordern~114 |  (omitted)
Abordern~116 |  (omitted)
Abordern~117 |  (omitted)
Abordern~118 |  (omitted)
Abordern~120 |  (omitted)
Abordern~121 |  (omitted)
Abordern~122 |  (omitted)
Abordern~125 |  (omitted)
Abordern~128 |  (omitted)
Abordern~129 |  (omitted)
Abordern~130 |  (omitted)
Abordern~131 |  (omitted)
Abordern~300 |  (omitted)
Abordern~301 |  (omitted)
Abordern~302 |  (omitted)
Abordern~307 |  (omitted)
Abordern~309 |  (omitted)
Abordern~312 |  (omitted)
Abordern~313 |  (omitted)
Abordern~314 |  (omitted)
Abordern~316 |  (omitted)
Abordern~320 |  (omitted)
Abordern~321 |  (omitted)
Abordern~322 |  (omitted)
Abordern~324 |  (omitted)
Abordern~329 |  (omitted)
Abordern~330 |  (omitted)
  Ayear_1980 |  (omitted)
Abor~_1_1980 |  (omitted)
Abor~_2_1980 |  (omitted)
Abor~_3_1980 |  -.0121322   .0096122    -1.26   0.214    -.0315305    .0072661
Abor~_4_1980 |  (omitted)
AborXyea_5~0 |   .3092274   .2176923     1.42   0.163    -.1300934    .7485482
AborXyea_8~0 |  (omitted)
AborXyea_9~0 |   .0029595     .00917     0.32   0.748    -.0155462    .0214652
Abor~10_1980 |  -.0034463   .0111976    -0.31   0.760    -.0260441    .0191514
Abo~_11_1980 |   -.004816   .0075548    -0.64   0.527    -.0200622    .0104301
Abo~_12_1980 |   .3455254   .0504235     6.85   0.000     .2437666    .4472841
Abo~_13_1980 |  (omitted)
Abo~_14_1980 |  (omitted)
Abor~15_1980 |    .000789   .0101596     0.08   0.938    -.0197139    .0212919
Abo~_16_1980 |  -.0084794    .014369    -0.59   0.558    -.0374772    .0205183
Abo~_17_1980 |  (omitted)
Abo~_18_1980 |  (omitted)
Abor~19_1980 |  (omitted)
Abo~_20_1980 |  (omitted)
Abo~_22_1980 |  (omitted)
Abo~_24_1980 |  -.0028933    .009227    -0.31   0.755    -.0215141    .0157276
Abo~_25_1980 |   .0713802   .0200813     3.55   0.001     .0308545    .1119059
Abor~26_1980 |  (omitted)
Abor~27_1980 |  (omitted)
Abo~_28_1980 |  -.0056886   .0144441    -0.39   0.696    -.0348379    .0234608
Abo~_31_1980 |  -.0111764    .014428    -0.77   0.443    -.0402932    .0179404
Abor~32_1980 |  (omitted)
Abor~33_1980 |  (omitted)
Abor~34_1980 |  (omitted)
Abor~35_1980 |  (omitted)
Abor~36_1980 |  (omitted)
Abor~37_1980 |  (omitted)
Abor~38_1980 |  (omitted)
Abor~39_1980 |  (omitted)
Abor~40_1980 |  (omitted)
Abor~41_1980 |  (omitted)
Abor~43_1980 |  -.0032827   .0125764    -0.26   0.795    -.0286628    .0220974
Abor~47_1980 |  (omitted)
Abor~61_1980 |   .0349511   .0214252     1.63   0.110    -.0082868     .078189
Abor~62_1980 |  -.0088909   .0126596    -0.70   0.486     -.034439    .0166572
Abor~64_1980 |  (omitted)
Abor~66_1980 |  -.0085611   .0106711    -0.80   0.427    -.0300963    .0129742
Abor~67_1980 |  -.0090342   .0106994    -0.84   0.403    -.0306264     .012558
Abor~73_1980 |  (omitted)
Abor~74_1980 |  -.0072602   .0099323    -0.73   0.469    -.0273045     .012784
Abor~75_1980 |   .2396007   .0406182     5.90   0.000     .1576298    .3215716
Abor~76_1980 |  (omitted)
Abo~101_1980 |  (omitted)
Abo~102_1980 |  (omitted)
Abor~03_1980 |  (omitted)
Abor~04_1980 |  (omitted)
Abor~05_1980 |  (omitted)
Abo~111_1980 |  (omitted)
Abo~114_1980 |  (omitted)
Abo~116_1980 |  (omitted)
Abo~117_1980 |  (omitted)
Abo~118_1980 |  (omitted)
Abo~120_1980 |  (omitted)
Abo~121_1980 |  (omitted)
Abo~122_1980 |  (omitted)
Abo~125_1980 |  (omitted)
Abo~128_1980 |  (omitted)
Abo~129_1980 |  (omitted)
Abo~130_1980 |   .0063212   .0094255     0.67   0.506    -.0127001    .0253425
Abo~131_1980 |  -.0061204    .011164    -0.55   0.586    -.0286503    .0164094
Abor~00_1980 |  -.0064715   .0122549    -0.53   0.600    -.0312029    .0182599
Abo~301_1980 |  (omitted)
Abo~302_1980 |  (omitted)
Abor~07_1980 |  (omitted)
Abor~09_1980 |  (omitted)
Abo~312_1980 |  -.0102024   .0130401    -0.78   0.438    -.0365183    .0161135
Abo~313_1980 |  (omitted)
Abo~314_1980 |  -.0128463   .0153363    -0.84   0.407    -.0437963    .0181037
Abo~316_1980 |   -.007413   .0110736    -0.67   0.507    -.0297604    .0149343
Abo~320_1980 |    .043669   .0087363     5.00   0.000     .0260385    .0612995
Abo~321_1980 |  -.0005411   .0094865    -0.06   0.955    -.0196856    .0186034
Abo~322_1980 |  -.0115536   .0126973    -0.91   0.368    -.0371779    .0140707
Abo~324_1980 |  (omitted)
Abo~329_1980 |   .0165852   .0082401     2.01   0.051    -.0000441    .0332144
Abo~330_1980 |  (omitted)
       _cons |   .0669405    .003669    18.24   0.000     .0595362    .0743447
-------------+----------------------------------------------------------------
       extra |   absorbed                                      (60 categories)

. areg perblack big1980 Cyear_1980 A* if tierno<2 & yesorder_m==0, absorb(extra) cluster(jurcode)
note: Aborderno_1 omitted because of collinearity
note: Aborderno_2 omitted because of collinearity
note: Aborderno_3 omitted because of collinearity
note: Aborderno_4 omitted because of collinearity
note: Aborderno_5 omitted because of collinearity
note: Aborderno_8 omitted because of collinearity
note: Aborderno_9 omitted because of collinearity
note: Aborderno_10 omitted because of collinearity
note: Aborderno_11 omitted because of collinearity
note: Aborderno_12 omitted because of collinearity
note: Aborderno_13 omitted because of collinearity
note: Aborderno_14 omitted because of collinearity
note: Aborderno_15 omitted because of collinearity
note: Aborderno_16 omitted because of collinearity
note: Aborderno_17 omitted because of collinearity
note: Aborderno_18 omitted because of collinearity
note: Aborderno_19 omitted because of collinearity
note: Aborderno_20 omitted because of collinearity
note: Aborderno_22 omitted because of collinearity
note: Aborderno_24 omitted because of collinearity
note: Aborderno_25 omitted because of collinearity
note: Aborderno_26 omitted because of collinearity
note: Aborderno_27 omitted because of collinearity
note: Aborderno_28 omitted because of collinearity
note: Aborderno_31 omitted because of collinearity
note: Aborderno_32 omitted because of collinearity
note: Aborderno_33 omitted because of collinearity
note: Aborderno_34 omitted because of collinearity
note: Aborderno_35 omitted because of collinearity
note: Aborderno_36 omitted because of collinearity
note: Aborderno_37 omitted because of collinearity
note: Aborderno_38 omitted because of collinearity
note: Aborderno_39 omitted because of collinearity
note: Aborderno_40 omitted because of collinearity
note: Aborderno_41 omitted because of collinearity
note: Aborderno_43 omitted because of collinearity
note: Aborderno_47 omitted because of collinearity
note: Aborderno_61 omitted because of collinearity
note: Aborderno_62 omitted because of collinearity
note: Aborderno_64 omitted because of collinearity
note: Aborderno_66 omitted because of collinearity
note: Aborderno_67 omitted because of collinearity
note: Aborderno_73 omitted because of collinearity
note: Aborderno_74 omitted because of collinearity
note: Aborderno_75 omitted because of collinearity
note: Aborderno_76 omitted because of collinearity
note: Aborderno_101 omitted because of collinearity
note: Aborderno_102 omitted because of collinearity
note: Aborderno_103 omitted because of collinearity
note: Aborderno_104 omitted because of collinearity
note: Aborderno_105 omitted because of collinearity
note: Aborderno_111 omitted because of collinearity
note: Aborderno_114 omitted because of collinearity
note: Aborderno_116 omitted because of collinearity
note: Aborderno_117 omitted because of collinearity
note: Aborderno_118 omitted because of collinearity
note: Aborderno_120 omitted because of collinearity
note: Aborderno_121 omitted because of collinearity
note: Aborderno_122 omitted because of collinearity
note: Aborderno_125 omitted because of collinearity
note: Aborderno_128 omitted because of collinearity
note: Aborderno_129 omitted because of collinearity
note: Aborderno_130 omitted because of collinearity
note: Aborderno_131 omitted because of collinearity
note: Aborderno_300 omitted because of collinearity
note: Aborderno_301 omitted because of collinearity
note: Aborderno_302 omitted because of collinearity
note: Aborderno_307 omitted because of collinearity
note: Aborderno_309 omitted because of collinearity
note: Aborderno_312 omitted because of collinearity
note: Aborderno_313 omitted because of collinearity
note: Aborderno_314 omitted because of collinearity
note: Aborderno_316 omitted because of collinearity
note: Aborderno_320 omitted because of collinearity
note: Aborderno_321 omitted because of collinearity
note: Aborderno_322 omitted because of collinearity
note: Aborderno_324 omitted because of collinearity
note: Aborderno_329 omitted because of collinearity
note: Aborderno_330 omitted because of collinearity
note: Ayear_1980 omitted because of collinearity
note: AborXyea_3_1980 omitted because of collinearity
note: AborXyea_5_1980 omitted because of collinearity
note: AborXyea_9_1980 omitted because of collinearity
note: AborXyea_10_1980 omitted because of collinearity
note: AborXyea_11_1980 omitted because of collinearity
note: AborXyea_12_1980 omitted because of collinearity
note: AborXyea_15_1980 omitted because of collinearity
note: AborXyea_16_1980 omitted because of collinearity
note: AborXyea_24_1980 omitted because of collinearity
note: AborXyea_25_1980 omitted because of collinearity
note: AborXyea_28_1980 omitted because of collinearity
note: AborXyea_31_1980 omitted because of collinearity
note: AborXyea_43_1980 omitted because of collinearity
note: AborXyea_61_1980 omitted because of collinearity
note: AborXyea_62_1980 omitted because of collinearity
note: AborXyea_66_1980 omitted because of collinearity
note: AborXyea_67_1980 omitted because of collinearity
note: AborXyea_74_1980 omitted because of collinearity
note: AborXyea_75_1980 omitted because of collinearity
note: AborXyea_130_1980 omitted because of collinearity
note: AborXyea_131_1980 omitted because of collinearity
note: AborXyea_300_1980 omitted because of collinearity
note: AborXyea_312_1980 omitted because of collinearity
note: AborXyea_313_1980 omitted because of collinearity
note: AborXyea_314_1980 omitted because of collinearity
note: AborXyea_316_1980 omitted because of collinearity
note: AborXyea_320_1980 omitted because of collinearity
note: AborXyea_321_1980 omitted because of collinearity
note: AborXyea_322_1980 omitted because of collinearity
note: AborXyea_329_1980 omitted because of collinearity

Linear regression, absorbing indicators                Number of obs =    3335
                                                       F( 49, 80)    =       .
                                                       Prob > F      =
                                                       R-squared     =  0.5980
                                                       Adj R-squared =  0.5791
                                                       Root MSE      =  .17628

                               (Std. Err. adjusted for 81 clusters in jurcode)
------------------------------------------------------------------------------
             |               Robust
    perblack |      Coef.   Std. Err.      t    P>|t|     [95% Conf. Interval]
-------------+----------------------------------------------------------------
     big1980 |   .0028698    .010539     0.27   0.786    -.0181034     .023843
  Cyear_1980 |   .0043007   .0067657     0.64   0.527    -.0091635    .0177649
 Aborderno_1 |  (omitted)
 Aborderno_2 |  (omitted)
 Aborderno_3 |  (omitted)
 Aborderno_4 |  (omitted)
 Aborderno_5 |  (omitted)
 Aborderno_8 |  (omitted)
 Aborderno_9 |  (omitted)
Aborderno_10 |  (omitted)
Aborderno_11 |  (omitted)
Aborderno_12 |  (omitted)
Aborderno_13 |  (omitted)
Aborderno_14 |  (omitted)
Aborderno_15 |  (omitted)
Aborderno_16 |  (omitted)
Aborderno_17 |  (omitted)
Aborderno_18 |  (omitted)
Aborderno_19 |  (omitted)
Aborderno_20 |  (omitted)
Aborderno_22 |  (omitted)
Aborderno_24 |  (omitted)
Aborderno_25 |  (omitted)
Aborderno_26 |  (omitted)
Aborderno_27 |  (omitted)
Aborderno_28 |  (omitted)
Aborderno_31 |  (omitted)
Aborderno_32 |  (omitted)
Aborderno_33 |  (omitted)
Aborderno_34 |  (omitted)
Aborderno_35 |  (omitted)
Aborderno_36 |  (omitted)
Aborderno_37 |  (omitted)
Aborderno_38 |  (omitted)
Aborderno_39 |  (omitted)
Aborderno_40 |  (omitted)
Aborderno_41 |  (omitted)
Aborderno_43 |  (omitted)
Aborderno_47 |  (omitted)
Aborderno_61 |  (omitted)
Aborderno_62 |  (omitted)
Aborderno_64 |  (omitted)
Aborderno_66 |  (omitted)
Aborderno_67 |  (omitted)
Aborderno_73 |  (omitted)
Aborderno_74 |  (omitted)
Aborderno_75 |  (omitted)
Aborderno_76 |  (omitted)
Abordern~101 |  (omitted)
Abordern~102 |  (omitted)
Abordern~103 |  (omitted)
Abordern~104 |  (omitted)
Abordern~105 |  (omitted)
Abordern~111 |  (omitted)
Abordern~114 |  (omitted)
Abordern~116 |  (omitted)
Abordern~117 |  (omitted)
Abordern~118 |  (omitted)
Abordern~120 |  (omitted)
Abordern~121 |  (omitted)
Abordern~122 |  (omitted)
Abordern~125 |  (omitted)
Abordern~128 |  (omitted)
Abordern~129 |  (omitted)
Abordern~130 |  (omitted)
Abordern~131 |  (omitted)
Abordern~300 |  (omitted)
Abordern~301 |  (omitted)
Abordern~302 |  (omitted)
Abordern~307 |  (omitted)
Abordern~309 |  (omitted)
Abordern~312 |  (omitted)
Abordern~313 |  (omitted)
Abordern~314 |  (omitted)
Abordern~316 |  (omitted)
Abordern~320 |  (omitted)
Abordern~321 |  (omitted)
Abordern~322 |  (omitted)
Abordern~324 |  (omitted)
Abordern~329 |  (omitted)
Abordern~330 |  (omitted)
  Ayear_1980 |  (omitted)
Abor~_1_1980 |  -.0003075   .0154045    -0.02   0.984    -.0309635    .0303486
Abor~_2_1980 |   .3642483   .0719781     5.06   0.000     .2210072    .5074893
Abor~_3_1980 |  (omitted)
Abor~_4_1980 |   .0037408   .0024577     1.52   0.132    -.0011501    .0086318
AborXyea_5~0 |  (omitted)
AborXyea_8~0 |   .0001847   .0055905     0.03   0.974    -.0109407      .01131
AborXyea_9~0 |  (omitted)
Abor~10_1980 |  (omitted)
Abo~_11_1980 |  (omitted)
Abo~_12_1980 |  (omitted)
Abo~_13_1980 |  -.0007555   .0023854    -0.32   0.752    -.0055026    .0039915
Abo~_14_1980 |   -.009901    .006471    -1.53   0.130    -.0227787    .0029766
Abor~15_1980 |  (omitted)
Abo~_16_1980 |  (omitted)
Abo~_17_1980 |   .0619318   .0062811     9.86   0.000     .0494321    .0744316
Abo~_18_1980 |  -.0019929   .0007988    -2.49   0.015    -.0035826   -.0004032
Abor~19_1980 |  -.0024407   .0036985    -0.66   0.511     -.009801    .0049197
Abo~_20_1980 |   .0024165   .0011246     2.15   0.035     .0001784    .0046545
Abo~_22_1980 |  -.0050141   .0031312    -1.60   0.113    -.0112453    .0012171
Abo~_24_1980 |  (omitted)
Abo~_25_1980 |  (omitted)
Abor~26_1980 |   .0011244    .006198     0.18   0.856    -.0112101    .0134589
Abor~27_1980 |   .0011793   .0036325     0.32   0.746    -.0060496    .0084081
Abo~_28_1980 |  (omitted)
Abo~_31_1980 |  (omitted)
Abor~32_1980 |  -.0020155   .0022872    -0.88   0.381    -.0065672    .0025363
Abor~33_1980 |   .0173388   .0125812     1.38   0.172    -.0076985    .0423762
Abor~34_1980 |   .0111825   .0146847     0.76   0.449    -.0180411     .040406
Abor~35_1980 |  -.0298653   .0332305    -0.90   0.371    -.0959961    .0362655
Abor~36_1980 |  -.0056762   .0015155    -3.75   0.000     -.008692   -.0026603
Abor~37_1980 |   .3456086   .0544753     6.34   0.000     .2371993    .4540179
Abor~38_1980 |   .3791006     .02269    16.71   0.000     .3339462    .4242551
Abor~39_1980 |   .0302477   .0058344     5.18   0.000     .0186369    .0418585
Abor~40_1980 |   .0928997    .012382     7.50   0.000     .0682588    .1175407
Abor~41_1980 |   -.012563   .0063563    -1.98   0.052    -.0252125    .0000865
Abor~43_1980 |  (omitted)
Abor~47_1980 |  -.0049168   .0007187    -6.84   0.000    -.0063471   -.0034865
Abor~61_1980 |  (omitted)
Abor~62_1980 |  (omitted)
Abor~64_1980 |   .0013484   .0047238     0.29   0.776    -.0080523    .0107491
Abor~66_1980 |  (omitted)
Abor~67_1980 |  (omitted)
Abor~73_1980 |   .0011837   .0081028     0.15   0.884    -.0149415    .0173089
Abor~74_1980 |  (omitted)
Abor~75_1980 |  (omitted)
Abor~76_1980 |   .5053575   .0469909    10.75   0.000     .4118427    .5988723
Abo~101_1980 |   .0016314   .0034079     0.48   0.633    -.0051505    .0084133
Abo~102_1980 |   .0071517   .0044125     1.62   0.109    -.0016295    .0159329
Abor~03_1980 |  -.0079878   .0016202    -4.93   0.000    -.0112121   -.0047636
Abor~04_1980 |   .0055743   .0056788     0.98   0.329     -.005727    .0168756
Abor~05_1980 |  -.0071705   .0037806    -1.90   0.061    -.0146941    .0003531
Abo~111_1980 |    .008564   .0030975     2.76   0.007     .0023998    .0147281
Abo~114_1980 |   .0263264   .0126245     2.09   0.040     .0012027      .05145
Abo~116_1980 |  -.0052196   .0019997    -2.61   0.011    -.0091991   -.0012401
Abo~117_1980 |   .0268872   .0120276     2.24   0.028     .0029515    .0508228
Abo~118_1980 |   .4083464   .0935428     4.37   0.000     .2221902    .5945025
Abo~120_1980 |   .0095934   .0082825     1.16   0.250    -.0068893    .0260761
Abo~121_1980 |   .0776959   .0200332     3.88   0.000     .0378285    .1175633
Abo~122_1980 |  -.0105285   .0278875    -0.38   0.707    -.0660265    .0449694
Abo~125_1980 |   .0027372   .0054427     0.50   0.616    -.0080941    .0135686
Abo~128_1980 |  -.0121956   .0055894    -2.18   0.032    -.0233188   -.0010724
Abo~129_1980 |  -.0002328   .0024831    -0.09   0.926    -.0051743    .0047087
Abo~130_1980 |  (omitted)
Abo~131_1980 |  (omitted)
Abor~00_1980 |  (omitted)
Abo~301_1980 |  -.0054579   .0020454    -2.67   0.009    -.0095284   -.0013874
Abo~302_1980 |  -.0008282   .0045567    -0.18   0.856    -.0098963    .0082398
Abor~07_1980 |  -.0061456   .0009779    -6.28   0.000    -.0080916   -.0041995
Abor~09_1980 |  -.0042535   .0012633    -3.37   0.001    -.0067676   -.0017393
Abo~312_1980 |  (omitted)
Abo~313_1980 |  (omitted)
Abo~314_1980 |  (omitted)
Abo~316_1980 |  (omitted)
Abo~320_1980 |  (omitted)
Abo~321_1980 |  (omitted)
Abo~322_1980 |  (omitted)
Abo~324_1980 |  -.0748408   .0194734    -3.84   0.000    -.1135941   -.0360875
Abo~329_1980 |  (omitted)
Abo~330_1980 |  -.0003096   .0050461    -0.06   0.951    -.0103517    .0097325
       _cons |   .0873381   .0023057    37.88   0.000     .0827495    .0919267
-------------+----------------------------------------------------------------
       extra |   absorbed                                     (100 categories)

. areg perblack yesbig1980 big1980 A* if tierno<2, absorb(extra) cluster(jurcode)
note: Aborderno_1 omitted because of collinearity
note: Aborderno_2 omitted because of collinearity
note: Aborderno_3 omitted because of collinearity
note: Aborderno_4 omitted because of collinearity
note: Aborderno_5 omitted because of collinearity
note: Aborderno_8 omitted because of collinearity
note: Aborderno_9 omitted because of collinearity
note: Aborderno_10 omitted because of collinearity
note: Aborderno_11 omitted because of collinearity
note: Aborderno_12 omitted because of collinearity
note: Aborderno_13 omitted because of collinearity
note: Aborderno_14 omitted because of collinearity
note: Aborderno_15 omitted because of collinearity
note: Aborderno_16 omitted because of collinearity
note: Aborderno_17 omitted because of collinearity
note: Aborderno_18 omitted because of collinearity
note: Aborderno_19 omitted because of collinearity
note: Aborderno_20 omitted because of collinearity
note: Aborderno_22 omitted because of collinearity
note: Aborderno_24 omitted because of collinearity
note: Aborderno_25 omitted because of collinearity
note: Aborderno_26 omitted because of collinearity
note: Aborderno_27 omitted because of collinearity
note: Aborderno_28 omitted because of collinearity
note: Aborderno_31 omitted because of collinearity
note: Aborderno_32 omitted because of collinearity
note: Aborderno_33 omitted because of collinearity
note: Aborderno_34 omitted because of collinearity
note: Aborderno_35 omitted because of collinearity
note: Aborderno_36 omitted because of collinearity
note: Aborderno_37 omitted because of collinearity
note: Aborderno_38 omitted because of collinearity
note: Aborderno_39 omitted because of collinearity
note: Aborderno_40 omitted because of collinearity
note: Aborderno_41 omitted because of collinearity
note: Aborderno_43 omitted because of collinearity
note: Aborderno_47 omitted because of collinearity
note: Aborderno_61 omitted because of collinearity
note: Aborderno_62 omitted because of collinearity
note: Aborderno_64 omitted because of collinearity
note: Aborderno_66 omitted because of collinearity
note: Aborderno_67 omitted because of collinearity
note: Aborderno_73 omitted because of collinearity
note: Aborderno_74 omitted because of collinearity
note: Aborderno_75 omitted because of collinearity
note: Aborderno_76 omitted because of collinearity
note: Aborderno_101 omitted because of collinearity
note: Aborderno_102 omitted because of collinearity
note: Aborderno_103 omitted because of collinearity
note: Aborderno_104 omitted because of collinearity
note: Aborderno_105 omitted because of collinearity
note: Aborderno_111 omitted because of collinearity
note: Aborderno_114 omitted because of collinearity
note: Aborderno_116 omitted because of collinearity
note: Aborderno_117 omitted because of collinearity
note: Aborderno_118 omitted because of collinearity
note: Aborderno_120 omitted because of collinearity
note: Aborderno_121 omitted because of collinearity
note: Aborderno_122 omitted because of collinearity
note: Aborderno_125 omitted because of collinearity
note: Aborderno_128 omitted because of collinearity
note: Aborderno_129 omitted because of collinearity
note: Aborderno_130 omitted because of collinearity
note: Aborderno_131 omitted because of collinearity
note: Aborderno_300 omitted because of collinearity
note: Aborderno_301 omitted because of collinearity
note: Aborderno_302 omitted because of collinearity
note: Aborderno_307 omitted because of collinearity
note: Aborderno_309 omitted because of collinearity
note: Aborderno_312 omitted because of collinearity
note: Aborderno_313 omitted because of collinearity
note: Aborderno_314 omitted because of collinearity
note: Aborderno_316 omitted because of collinearity
note: Aborderno_320 omitted because of collinearity
note: Aborderno_321 omitted because of collinearity
note: Aborderno_322 omitted because of collinearity
note: Aborderno_324 omitted because of collinearity
note: Aborderno_329 omitted because of collinearity
note: Aborderno_330 omitted because of collinearity

Linear regression, absorbing indicators                Number of obs =    5136
                                                       F( 78, 117)   =       .
                                                       Prob > F      =
                                                       R-squared     =  0.6751
                                                       Adj R-squared =  0.6591
                                                       Root MSE      =   .1526

                              (Std. Err. adjusted for 118 clusters in jurcode)
------------------------------------------------------------------------------
             |               Robust
    perblack |      Coef.   Std. Err.      t    P>|t|     [95% Conf. Interval]
-------------+----------------------------------------------------------------
  yesbig1980 |   .0174866   .0209863     0.83   0.406    -.0240758     .059049
     big1980 |   .0028698   .0105291     0.27   0.786    -.0179825    .0237221
 Aborderno_1 |  (omitted)
 Aborderno_2 |  (omitted)
 Aborderno_3 |  (omitted)
 Aborderno_4 |  (omitted)
 Aborderno_5 |  (omitted)
 Aborderno_8 |  (omitted)
 Aborderno_9 |  (omitted)
Aborderno_10 |  (omitted)
Aborderno_11 |  (omitted)
Aborderno_12 |  (omitted)
Aborderno_13 |  (omitted)
Aborderno_14 |  (omitted)
Aborderno_15 |  (omitted)
Aborderno_16 |  (omitted)
Aborderno_17 |  (omitted)
Aborderno_18 |  (omitted)
Aborderno_19 |  (omitted)
Aborderno_20 |  (omitted)
Aborderno_22 |  (omitted)
Aborderno_24 |  (omitted)
Aborderno_25 |  (omitted)
Aborderno_26 |  (omitted)
Aborderno_27 |  (omitted)
Aborderno_28 |  (omitted)
Aborderno_31 |  (omitted)
Aborderno_32 |  (omitted)
Aborderno_33 |  (omitted)
Aborderno_34 |  (omitted)
Aborderno_35 |  (omitted)
Aborderno_36 |  (omitted)
Aborderno_37 |  (omitted)
Aborderno_38 |  (omitted)
Aborderno_39 |  (omitted)
Aborderno_40 |  (omitted)
Aborderno_41 |  (omitted)
Aborderno_43 |  (omitted)
Aborderno_47 |  (omitted)
Aborderno_61 |  (omitted)
Aborderno_62 |  (omitted)
Aborderno_64 |  (omitted)
Aborderno_66 |  (omitted)
Aborderno_67 |  (omitted)
Aborderno_73 |  (omitted)
Aborderno_74 |  (omitted)
Aborderno_75 |  (omitted)
Aborderno_76 |  (omitted)
Abordern~101 |  (omitted)
Abordern~102 |  (omitted)
Abordern~103 |  (omitted)
Abordern~104 |  (omitted)
Abordern~105 |  (omitted)
Abordern~111 |  (omitted)
Abordern~114 |  (omitted)
Abordern~116 |  (omitted)
Abordern~117 |  (omitted)
Abordern~118 |  (omitted)
Abordern~120 |  (omitted)
Abordern~121 |  (omitted)
Abordern~122 |  (omitted)
Abordern~125 |  (omitted)
Abordern~128 |  (omitted)
Abordern~129 |  (omitted)
Abordern~130 |  (omitted)
Abordern~131 |  (omitted)
Abordern~300 |  (omitted)
Abordern~301 |  (omitted)
Abordern~302 |  (omitted)
Abordern~307 |  (omitted)
Abordern~309 |  (omitted)
Abordern~312 |  (omitted)
Abordern~313 |  (omitted)
Abordern~314 |  (omitted)
Abordern~316 |  (omitted)
Abordern~320 |  (omitted)
Abordern~321 |  (omitted)
Abordern~322 |  (omitted)
Abordern~324 |  (omitted)
Abordern~329 |  (omitted)
Abordern~330 |  (omitted)
  Ayear_1980 |   .0043007   .0067594     0.64   0.526    -.0090859    .0176873
Abor~_1_1980 |  -.0003075   .0153901    -0.02   0.984    -.0307867    .0301718
Abor~_2_1980 |   .3642483   .0719106     5.07   0.000      .221833    .5066635
Abor~_3_1980 |  -.0164329   .0116846    -1.41   0.162    -.0395736    .0067077
Abor~_4_1980 |   .0037408   .0024554     1.52   0.130    -.0011219    .0086036
AborXyea_5~0 |   .3049267   .2158217     1.41   0.160    -.1224969    .7323504
AborXyea_8~0 |   .0001847   .0055852     0.03   0.974    -.0108766    .0112459
AborXyea_9~0 |  -.0013412   .0113217    -0.12   0.906    -.0237633    .0210809
Abor~10_1980 |   -.007747   .0129808    -0.60   0.552    -.0334547    .0179607
Abo~_11_1980 |  -.0091167   .0100633    -0.91   0.367    -.0290465     .010813
Abo~_12_1980 |   .3412247   .0504096     6.77   0.000      .241391    .4410583
Abo~_13_1980 |  -.0007555   .0023831    -0.32   0.752    -.0054752    .0039642
Abo~_14_1980 |   -.009901   .0064649    -1.53   0.128    -.0227044    .0029024
Abor~15_1980 |  -.0035117   .0121211    -0.29   0.773    -.0275169    .0204936
Abo~_16_1980 |  -.0127801   .0157599    -0.81   0.419    -.0439919    .0184316
Abo~_17_1980 |   .0619318   .0062752     9.87   0.000     .0495041    .0743595
Abo~_18_1980 |  -.0019929   .0007981    -2.50   0.014    -.0035734   -.0004124
Abor~19_1980 |  -.0024407   .0036951    -0.66   0.510    -.0097586    .0048772
Abo~_20_1980 |   .0024165   .0011236     2.15   0.034     .0001913    .0046416
Abo~_22_1980 |  -.0050141   .0031282    -1.60   0.112    -.0112094    .0011812
Abo~_24_1980 |   -.007194   .0113735    -0.63   0.528    -.0297186    .0153307
Abo~_25_1980 |   .0670795   .0210178     3.19   0.002     .0254549    .1087042
Abor~26_1980 |   .0011244   .0061922     0.18   0.856     -.011139    .0133878
Abor~27_1980 |   .0011793   .0036291     0.32   0.746    -.0060079    .0083665
Abo~_28_1980 |  -.0099893   .0158334    -0.63   0.529    -.0413465     .021368
Abo~_31_1980 |  -.0154771   .0158185    -0.98   0.330    -.0468048    .0158506
Abor~32_1980 |  -.0020155   .0022851    -0.88   0.380     -.006541      .00251
Abor~33_1980 |   .0173388   .0125694     1.38   0.170    -.0075542    .0422318
Abor~34_1980 |   .0111825    .014671     0.76   0.447    -.0178726    .0402375
Abor~35_1980 |  -.0298653   .0331993    -0.90   0.370    -.0956149    .0358842
Abor~36_1980 |  -.0056762    .001514    -3.75   0.000    -.0086747   -.0026777
Abor~37_1980 |   .3456086   .0544242     6.35   0.000     .2378243    .4533929
Abor~38_1980 |   .3791006   .0226687    16.72   0.000     .3342065    .4239948
Abor~39_1980 |   .0302477   .0058289     5.19   0.000     .0187038    .0417915
Abor~40_1980 |   .0928997   .0123704     7.51   0.000     .0684009    .1173986
Abor~41_1980 |   -.012563   .0063504    -1.98   0.050    -.0251396    .0000136
Abor~43_1980 |  -.0075834    .014181    -0.53   0.594    -.0356681    .0205013
Abor~47_1980 |  -.0049168    .000718    -6.85   0.000    -.0063388   -.0034948
Abor~61_1980 |   .0306504   .0222836     1.38   0.172    -.0134811    .0747819
Abor~62_1980 |  -.0131916   .0142542    -0.93   0.357    -.0414214    .0150382
Abor~64_1980 |   .0013484   .0047194     0.29   0.776    -.0079981    .0106949
Abor~66_1980 |  -.0128618   .0125756    -1.02   0.309    -.0377671    .0120435
Abor~67_1980 |  -.0133349   .0125781    -1.06   0.291    -.0382451    .0115753
Abor~73_1980 |   .0011837   .0080952     0.15   0.884    -.0148485    .0172159
Abor~74_1980 |  -.0115609   .0119874    -0.96   0.337    -.0353014    .0121795
Abor~75_1980 |      .2353   .0408143     5.77   0.000     .1544694    .3161306
Abor~76_1980 |   .5053575   .0469468    10.76   0.000     .4123818    .5983332
Abo~101_1980 |   .0016314   .0034047     0.48   0.633    -.0051114    .0083742
Abo~102_1980 |   .0071517   .0044084     1.62   0.107    -.0015789    .0158823
Abor~03_1980 |  -.0079878   .0016187    -4.93   0.000    -.0111935   -.0047822
Abor~04_1980 |   .0055743   .0056735     0.98   0.328    -.0056618    .0168104
Abor~05_1980 |  -.0071705    .003777    -1.90   0.060    -.0146507    .0003097
Abo~111_1980 |    .008564   .0030946     2.77   0.007     .0024353    .0146926
Abo~114_1980 |   .0263264   .0126127     2.09   0.039     .0013476    .0513052
Abo~116_1980 |  -.0052196   .0019978    -2.61   0.010    -.0091761   -.0012631
Abo~117_1980 |   .0268872   .0120163     2.24   0.027     .0030895    .0506849
Abo~118_1980 |   .4083464   .0934551     4.37   0.000     .2232634    .5934293
Abo~120_1980 |   .0095934   .0082747     1.16   0.249    -.0067942    .0259811
Abo~121_1980 |   .0776959   .0200144     3.88   0.000     .0380584    .1173335
Abo~122_1980 |  -.0105285   .0278614    -0.38   0.706    -.0657065    .0446494
Abo~125_1980 |   .0027372   .0054376     0.50   0.616    -.0080317    .0135061
Abo~128_1980 |  -.0121956   .0055841    -2.18   0.031    -.0232547   -.0011365
Abo~129_1980 |  -.0002328   .0024808    -0.09   0.925    -.0051458    .0046802
Abo~130_1980 |   .0020205   .0115342     0.18   0.861    -.0208224    .0248634
Abo~131_1980 |  -.0104211   .0129676    -0.80   0.423    -.0361027    .0152604
Abor~00_1980 |  -.0107722   .0139034    -0.77   0.440    -.0383072    .0167627
Abo~301_1980 |  -.0054579   .0020435    -2.67   0.009    -.0095049   -.0014109
Abo~302_1980 |  -.0008282   .0045524    -0.18   0.856     -.009844    .0081876
Abor~07_1980 |  -.0061456    .000977    -6.29   0.000    -.0080804   -.0042108
Abor~09_1980 |  -.0042535   .0012622    -3.37   0.001    -.0067531   -.0017538
Abo~312_1980 |  -.0145031   .0145868    -0.99   0.322    -.0433915    .0143854
Abo~313_1980 |  -.0043007   .0067594    -0.64   0.526    -.0176873    .0090859
Abo~314_1980 |   -.017147    .016637    -1.03   0.305    -.0500956    .0158017
Abo~316_1980 |  -.0117137   .0128911    -0.91   0.365    -.0372439    .0138165
Abo~320_1980 |   .0393683   .0109883     3.58   0.000     .0176066    .0611301
Abo~321_1980 |  -.0048418   .0115766    -0.42   0.677    -.0277686     .018085
Abo~322_1980 |  -.0158543   .0142874    -1.11   0.269    -.0441498    .0124412
Abo~324_1980 |  -.0748408   .0194551    -3.85   0.000    -.1133707   -.0363109
Abo~329_1980 |   .0122845   .0105924     1.16   0.249    -.0086931    .0332621
Abo~330_1980 |  -.0003096   .0050414    -0.06   0.951    -.0102938    .0096746
       _cons |   .0801854   .0019665    40.78   0.000      .076291    .0840799
-------------+----------------------------------------------------------------
       extra |   absorbed                                     (160 categories)

. /* Share kids*/
. areg shkids01 big1980 Cyear_1980 A* if tierno<2 & yesorder_m==1, absorb(extra) cluster(jurcode)
note: Aborderno_1 omitted because of collinearity
note: Aborderno_2 omitted because of collinearity
note: Aborderno_3 omitted because of collinearity
note: Aborderno_4 omitted because of collinearity
note: Aborderno_5 omitted because of collinearity
note: Aborderno_8 omitted because of collinearity
note: Aborderno_9 omitted because of collinearity
note: Aborderno_10 omitted because of collinearity
note: Aborderno_11 omitted because of collinearity
note: Aborderno_12 omitted because of collinearity
note: Aborderno_13 omitted because of collinearity
note: Aborderno_14 omitted because of collinearity
note: Aborderno_15 omitted because of collinearity
note: Aborderno_16 omitted because of collinearity
note: Aborderno_17 omitted because of collinearity
note: Aborderno_18 omitted because of collinearity
note: Aborderno_19 omitted because of collinearity
note: Aborderno_20 omitted because of collinearity
note: Aborderno_22 omitted because of collinearity
note: Aborderno_24 omitted because of collinearity
note: Aborderno_25 omitted because of collinearity
note: Aborderno_26 omitted because of collinearity
note: Aborderno_27 omitted because of collinearity
note: Aborderno_28 omitted because of collinearity
note: Aborderno_31 omitted because of collinearity
note: Aborderno_32 omitted because of collinearity
note: Aborderno_33 omitted because of collinearity
note: Aborderno_34 omitted because of collinearity
note: Aborderno_35 omitted because of collinearity
note: Aborderno_36 omitted because of collinearity
note: Aborderno_37 omitted because of collinearity
note: Aborderno_38 omitted because of collinearity
note: Aborderno_39 omitted because of collinearity
note: Aborderno_40 omitted because of collinearity
note: Aborderno_41 omitted because of collinearity
note: Aborderno_43 omitted because of collinearity
note: Aborderno_47 omitted because of collinearity
note: Aborderno_61 omitted because of collinearity
note: Aborderno_62 omitted because of collinearity
note: Aborderno_64 omitted because of collinearity
note: Aborderno_66 omitted because of collinearity
note: Aborderno_67 omitted because of collinearity
note: Aborderno_73 omitted because of collinearity
note: Aborderno_74 omitted because of collinearity
note: Aborderno_75 omitted because of collinearity
note: Aborderno_76 omitted because of collinearity
note: Aborderno_101 omitted because of collinearity
note: Aborderno_102 omitted because of collinearity
note: Aborderno_103 omitted because of collinearity
note: Aborderno_104 omitted because of collinearity
note: Aborderno_105 omitted because of collinearity
note: Aborderno_111 omitted because of collinearity
note: Aborderno_114 omitted because of collinearity
note: Aborderno_116 omitted because of collinearity
note: Aborderno_117 omitted because of collinearity
note: Aborderno_118 omitted because of collinearity
note: Aborderno_120 omitted because of collinearity
note: Aborderno_121 omitted because of collinearity
note: Aborderno_122 omitted because of collinearity
note: Aborderno_125 omitted because of collinearity
note: Aborderno_128 omitted because of collinearity
note: Aborderno_129 omitted because of collinearity
note: Aborderno_130 omitted because of collinearity
note: Aborderno_131 omitted because of collinearity
note: Aborderno_300 omitted because of collinearity
note: Aborderno_301 omitted because of collinearity
note: Aborderno_302 omitted because of collinearity
note: Aborderno_307 omitted because of collinearity
note: Aborderno_309 omitted because of collinearity
note: Aborderno_312 omitted because of collinearity
note: Aborderno_313 omitted because of collinearity
note: Aborderno_314 omitted because of collinearity
note: Aborderno_316 omitted because of collinearity
note: Aborderno_320 omitted because of collinearity
note: Aborderno_321 omitted because of collinearity
note: Aborderno_322 omitted because of collinearity
note: Aborderno_324 omitted because of collinearity
note: Aborderno_329 omitted because of collinearity
note: Aborderno_330 omitted because of collinearity
note: Ayear_1980 omitted because of collinearity
note: AborXyea_1_1980 omitted because of collinearity
note: AborXyea_2_1980 omitted because of collinearity
note: AborXyea_4_1980 omitted because of collinearity
note: AborXyea_8_1980 omitted because of collinearity
note: AborXyea_13_1980 omitted because of collinearity
note: AborXyea_14_1980 omitted because of collinearity
note: AborXyea_17_1980 omitted because of collinearity
note: AborXyea_18_1980 omitted because of collinearity
note: AborXyea_19_1980 omitted because of collinearity
note: AborXyea_20_1980 omitted because of collinearity
note: AborXyea_22_1980 omitted because of collinearity
note: AborXyea_24_1980 omitted because of collinearity
note: AborXyea_25_1980 omitted because of collinearity
note: AborXyea_26_1980 omitted because of collinearity
note: AborXyea_27_1980 omitted because of collinearity
note: AborXyea_32_1980 omitted because of collinearity
note: AborXyea_33_1980 omitted because of collinearity
note: AborXyea_34_1980 omitted because of collinearity
note: AborXyea_35_1980 omitted because of collinearity
note: AborXyea_36_1980 omitted because of collinearity
note: AborXyea_37_1980 omitted because of collinearity
note: AborXyea_38_1980 omitted because of collinearity
note: AborXyea_39_1980 omitted because of collinearity
note: AborXyea_40_1980 omitted because of collinearity
note: AborXyea_41_1980 omitted because of collinearity
note: AborXyea_47_1980 omitted because of collinearity
note: AborXyea_64_1980 omitted because of collinearity
note: AborXyea_67_1980 omitted because of collinearity
note: AborXyea_73_1980 omitted because of collinearity
note: AborXyea_76_1980 omitted because of collinearity
note: AborXyea_101_1980 omitted because of collinearity
note: AborXyea_102_1980 omitted because of collinearity
note: AborXyea_103_1980 omitted because of collinearity
note: AborXyea_104_1980 omitted because of collinearity
note: AborXyea_105_1980 omitted because of collinearity
note: AborXyea_111_1980 omitted because of collinearity
note: AborXyea_114_1980 omitted because of collinearity
note: AborXyea_116_1980 omitted because of collinearity
note: AborXyea_117_1980 omitted because of collinearity
note: AborXyea_118_1980 omitted because of collinearity
note: AborXyea_120_1980 omitted because of collinearity
note: AborXyea_121_1980 omitted because of collinearity
note: AborXyea_122_1980 omitted because of collinearity
note: AborXyea_125_1980 omitted because of collinearity
note: AborXyea_128_1980 omitted because of collinearity
note: AborXyea_129_1980 omitted because of collinearity
note: AborXyea_301_1980 omitted because of collinearity
note: AborXyea_302_1980 omitted because of collinearity
note: AborXyea_307_1980 omitted because of collinearity
note: AborXyea_309_1980 omitted because of collinearity
note: AborXyea_313_1980 omitted because of collinearity
note: AborXyea_324_1980 omitted because of collinearity
note: AborXyea_330_1980 omitted because of collinearity

Linear regression, absorbing indicators                Number of obs =    1745
                                                       F( 26, 42)    =       .
                                                       Prob > F      =
                                                       R-squared     =  0.3139
                                                       Adj R-squared =  0.2778
                                                       Root MSE      =  .10348

                               (Std. Err. adjusted for 43 clusters in jurcode)
------------------------------------------------------------------------------
             |               Robust
    shkids01 |      Coef.   Std. Err.      t    P>|t|     [95% Conf. Interval]
-------------+----------------------------------------------------------------
     big1980 |  -.0082319   .0107892    -0.76   0.450    -.0300054    .0135415
  Cyear_1980 |   .0847204          .        .       .            .           .
 Aborderno_1 |  (omitted)
 Aborderno_2 |  (omitted)
 Aborderno_3 |  (omitted)
 Aborderno_4 |  (omitted)
 Aborderno_5 |  (omitted)
 Aborderno_8 |  (omitted)
 Aborderno_9 |  (omitted)
Aborderno_10 |  (omitted)
Aborderno_11 |  (omitted)
Aborderno_12 |  (omitted)
Aborderno_13 |  (omitted)
Aborderno_14 |  (omitted)
Aborderno_15 |  (omitted)
Aborderno_16 |  (omitted)
Aborderno_17 |  (omitted)
Aborderno_18 |  (omitted)
Aborderno_19 |  (omitted)
Aborderno_20 |  (omitted)
Aborderno_22 |  (omitted)
Aborderno_24 |  (omitted)
Aborderno_25 |  (omitted)
Aborderno_26 |  (omitted)
Aborderno_27 |  (omitted)
Aborderno_28 |  (omitted)
Aborderno_31 |  (omitted)
Aborderno_32 |  (omitted)
Aborderno_33 |  (omitted)
Aborderno_34 |  (omitted)
Aborderno_35 |  (omitted)
Aborderno_36 |  (omitted)
Aborderno_37 |  (omitted)
Aborderno_38 |  (omitted)
Aborderno_39 |  (omitted)
Aborderno_40 |  (omitted)
Aborderno_41 |  (omitted)
Aborderno_43 |  (omitted)
Aborderno_47 |  (omitted)
Aborderno_61 |  (omitted)
Aborderno_62 |  (omitted)
Aborderno_64 |  (omitted)
Aborderno_66 |  (omitted)
Aborderno_67 |  (omitted)
Aborderno_73 |  (omitted)
Aborderno_74 |  (omitted)
Aborderno_75 |  (omitted)
Aborderno_76 |  (omitted)
Abordern~101 |  (omitted)
Abordern~102 |  (omitted)
Abordern~103 |  (omitted)
Abordern~104 |  (omitted)
Abordern~105 |  (omitted)
Abordern~111 |  (omitted)
Abordern~114 |  (omitted)
Abordern~116 |  (omitted)
Abordern~117 |  (omitted)
Abordern~118 |  (omitted)
Abordern~120 |  (omitted)
Abordern~121 |  (omitted)
Abordern~122 |  (omitted)
Abordern~125 |  (omitted)
Abordern~128 |  (omitted)
Abordern~129 |  (omitted)
Abordern~130 |  (omitted)
Abordern~131 |  (omitted)
Abordern~300 |  (omitted)
Abordern~301 |  (omitted)
Abordern~302 |  (omitted)
Abordern~307 |  (omitted)
Abordern~309 |  (omitted)
Abordern~312 |  (omitted)
Abordern~313 |  (omitted)
Abordern~314 |  (omitted)
Abordern~316 |  (omitted)
Abordern~320 |  (omitted)
Abordern~321 |  (omitted)
Abordern~322 |  (omitted)
Abordern~324 |  (omitted)
Abordern~329 |  (omitted)
Abordern~330 |  (omitted)
  Ayear_1980 |  (omitted)
Abor~_1_1980 |  (omitted)
Abor~_2_1980 |  (omitted)
Abor~_3_1980 |  -.0527691   .0243126    -2.17   0.036    -.1018338   -.0037043
Abor~_4_1980 |  (omitted)
AborXyea_5~0 |   .0091459   .0146838     0.62   0.537    -.0204872    .0387791
AborXyea_8~0 |  (omitted)
AborXyea_9~0 |   .0839333   .0544166     1.54   0.130    -.0258839    .1937505
Abor~10_1980 |   -.023089   .0069925    -3.30   0.002    -.0372005   -.0089775
Abo~_11_1980 |  -.0086675   .0246422    -0.35   0.727    -.0583975    .0410625
Abo~_12_1980 |   .0652961   .0074186     8.80   0.000     .0503247    .0802675
Abo~_13_1980 |  (omitted)
Abo~_14_1980 |  (omitted)
Abor~15_1980 |  -.0219689   .0100308    -2.19   0.034    -.0422118    -.001726
Abo~_16_1980 |   .0174635   .0090283     1.93   0.060    -.0007563    .0356833
Abo~_17_1980 |  (omitted)
Abo~_18_1980 |  (omitted)
Abor~19_1980 |  (omitted)
Abo~_20_1980 |  (omitted)
Abo~_22_1980 |  (omitted)
Abo~_24_1980 |  (omitted)
Abo~_25_1980 |  (omitted)
Abor~26_1980 |  (omitted)
Abor~27_1980 |  (omitted)
Abo~_28_1980 |  -.0635411   .0227296    -2.80   0.008    -.1094113    -.017671
Abo~_31_1980 |  -.0485379   .0107892    -4.50   0.000    -.0703114   -.0267645
Abor~32_1980 |  (omitted)
Abor~33_1980 |  (omitted)
Abor~34_1980 |  (omitted)
Abor~35_1980 |  (omitted)
Abor~36_1980 |  (omitted)
Abor~37_1980 |  (omitted)
Abor~38_1980 |  (omitted)
Abor~39_1980 |  (omitted)
Abor~40_1980 |  (omitted)
Abor~41_1980 |  (omitted)
Abor~43_1980 |  -.0211218   .0235031    -0.90   0.374    -.0685531    .0263095
Abor~47_1980 |  (omitted)
Abor~61_1980 |  -.0414447    .027632    -1.50   0.141    -.0972082    .0143189
Abor~62_1980 |  -.0541603    .035622    -1.52   0.136    -.1260484    .0177278
Abor~64_1980 |  (omitted)
Abor~66_1980 |  -.1089628   .0067265   -16.20   0.000    -.1225373   -.0953882
Abor~67_1980 |  (omitted)
Abor~73_1980 |  (omitted)
Abor~74_1980 |  -.2007441   .0048231   -41.62   0.000    -.2104775   -.1910106
Abor~75_1980 |   .0566934   .0132405     4.28   0.000     .0299729    .0834139
Abor~76_1980 |  (omitted)
Abo~101_1980 |  (omitted)
Abo~102_1980 |  (omitted)
Abor~03_1980 |  (omitted)
Abor~04_1980 |  (omitted)
Abor~05_1980 |  (omitted)
Abo~111_1980 |  (omitted)
Abo~114_1980 |  (omitted)
Abo~116_1980 |  (omitted)
Abo~117_1980 |  (omitted)
Abo~118_1980 |  (omitted)
Abo~120_1980 |  (omitted)
Abo~121_1980 |  (omitted)
Abo~122_1980 |  (omitted)
Abo~125_1980 |  (omitted)
Abo~128_1980 |  (omitted)
Abo~129_1980 |  (omitted)
Abo~130_1980 |   .0085991   .0197871     0.43   0.666    -.0313329    .0485312
Abo~131_1980 |   .0235497   .0076615     3.07   0.004     .0080882    .0390112
Abor~00_1980 |  -.1164161   .0096405   -12.08   0.000    -.1358714   -.0969607
Abo~301_1980 |  (omitted)
Abo~302_1980 |  (omitted)
Abor~07_1980 |  (omitted)
Abor~09_1980 |  (omitted)
Abo~312_1980 |  -.0658637   .0139933    -4.71   0.000    -.0941032   -.0376241
Abo~313_1980 |  (omitted)
Abo~314_1980 |  -.0646021   .0316922    -2.04   0.048    -.1285596   -.0006446
Abo~316_1980 |  -.0626317   .0381138    -1.64   0.108    -.1395485     .014285
Abo~320_1980 |  -.0755312   .0056632   -13.34   0.000    -.0869601   -.0641024
Abo~321_1980 |  -.0248304   .0507637    -0.49   0.627    -.1272756    .0776148
Abo~322_1980 |   -.055441   .0113221    -4.90   0.000    -.0782898   -.0325921
Abo~324_1980 |  (omitted)
Abo~329_1980 |  -.1208147    .024073    -5.02   0.000     -.169396   -.0722335
Abo~330_1980 |  (omitted)
       _cons |   .1914368   .0021748    88.02   0.000     .1870478    .1958257
-------------+----------------------------------------------------------------
       extra |   absorbed                                      (60 categories)

. areg shkids01 big1980 Cyear_1980 A* if tierno<2 & yesorder_m==0, absorb(extra) cluster(jurcode)
note: Aborderno_1 omitted because of collinearity
note: Aborderno_2 omitted because of collinearity
note: Aborderno_3 omitted because of collinearity
note: Aborderno_4 omitted because of collinearity
note: Aborderno_5 omitted because of collinearity
note: Aborderno_8 omitted because of collinearity
note: Aborderno_9 omitted because of collinearity
note: Aborderno_10 omitted because of collinearity
note: Aborderno_11 omitted because of collinearity
note: Aborderno_12 omitted because of collinearity
note: Aborderno_13 omitted because of collinearity
note: Aborderno_14 omitted because of collinearity
note: Aborderno_15 omitted because of collinearity
note: Aborderno_16 omitted because of collinearity
note: Aborderno_17 omitted because of collinearity
note: Aborderno_18 omitted because of collinearity
note: Aborderno_19 omitted because of collinearity
note: Aborderno_20 omitted because of collinearity
note: Aborderno_22 omitted because of collinearity
note: Aborderno_24 omitted because of collinearity
note: Aborderno_25 omitted because of collinearity
note: Aborderno_26 omitted because of collinearity
note: Aborderno_27 omitted because of collinearity
note: Aborderno_28 omitted because of collinearity
note: Aborderno_31 omitted because of collinearity
note: Aborderno_32 omitted because of collinearity
note: Aborderno_33 omitted because of collinearity
note: Aborderno_34 omitted because of collinearity
note: Aborderno_35 omitted because of collinearity
note: Aborderno_36 omitted because of collinearity
note: Aborderno_37 omitted because of collinearity
note: Aborderno_38 omitted because of collinearity
note: Aborderno_39 omitted because of collinearity
note: Aborderno_40 omitted because of collinearity
note: Aborderno_41 omitted because of collinearity
note: Aborderno_43 omitted because of collinearity
note: Aborderno_47 omitted because of collinearity
note: Aborderno_61 omitted because of collinearity
note: Aborderno_62 omitted because of collinearity
note: Aborderno_64 omitted because of collinearity
note: Aborderno_66 omitted because of collinearity
note: Aborderno_67 omitted because of collinearity
note: Aborderno_73 omitted because of collinearity
note: Aborderno_74 omitted because of collinearity
note: Aborderno_75 omitted because of collinearity
note: Aborderno_76 omitted because of collinearity
note: Aborderno_101 omitted because of collinearity
note: Aborderno_102 omitted because of collinearity
note: Aborderno_103 omitted because of collinearity
note: Aborderno_104 omitted because of collinearity
note: Aborderno_105 omitted because of collinearity
note: Aborderno_111 omitted because of collinearity
note: Aborderno_114 omitted because of collinearity
note: Aborderno_116 omitted because of collinearity
note: Aborderno_117 omitted because of collinearity
note: Aborderno_118 omitted because of collinearity
note: Aborderno_120 omitted because of collinearity
note: Aborderno_121 omitted because of collinearity
note: Aborderno_122 omitted because of collinearity
note: Aborderno_125 omitted because of collinearity
note: Aborderno_128 omitted because of collinearity
note: Aborderno_129 omitted because of collinearity
note: Aborderno_130 omitted because of collinearity
note: Aborderno_131 omitted because of collinearity
note: Aborderno_300 omitted because of collinearity
note: Aborderno_301 omitted because of collinearity
note: Aborderno_302 omitted because of collinearity
note: Aborderno_307 omitted because of collinearity
note: Aborderno_309 omitted because of collinearity
note: Aborderno_312 omitted because of collinearity
note: Aborderno_313 omitted because of collinearity
note: Aborderno_314 omitted because of collinearity
note: Aborderno_316 omitted because of collinearity
note: Aborderno_320 omitted because of collinearity
note: Aborderno_321 omitted because of collinearity
note: Aborderno_322 omitted because of collinearity
note: Aborderno_324 omitted because of collinearity
note: Aborderno_329 omitted because of collinearity
note: Aborderno_330 omitted because of collinearity
note: Ayear_1980 omitted because of collinearity
note: AborXyea_3_1980 omitted because of collinearity
note: AborXyea_5_1980 omitted because of collinearity
note: AborXyea_9_1980 omitted because of collinearity
note: AborXyea_10_1980 omitted because of collinearity
note: AborXyea_11_1980 omitted because of collinearity
note: AborXyea_12_1980 omitted because of collinearity
note: AborXyea_15_1980 omitted because of collinearity
note: AborXyea_16_1980 omitted because of collinearity
note: AborXyea_24_1980 omitted because of collinearity
note: AborXyea_25_1980 omitted because of collinearity
note: AborXyea_28_1980 omitted because of collinearity
note: AborXyea_31_1980 omitted because of collinearity
note: AborXyea_43_1980 omitted because of collinearity
note: AborXyea_61_1980 omitted because of collinearity
note: AborXyea_62_1980 omitted because of collinearity
note: AborXyea_66_1980 omitted because of collinearity
note: AborXyea_67_1980 omitted because of collinearity
note: AborXyea_74_1980 omitted because of collinearity
note: AborXyea_75_1980 omitted because of collinearity
note: AborXyea_130_1980 omitted because of collinearity
note: AborXyea_131_1980 omitted because of collinearity
note: AborXyea_300_1980 omitted because of collinearity
note: AborXyea_312_1980 omitted because of collinearity
note: AborXyea_313_1980 omitted because of collinearity
note: AborXyea_314_1980 omitted because of collinearity
note: AborXyea_316_1980 omitted because of collinearity
note: AborXyea_320_1980 omitted because of collinearity
note: AborXyea_321_1980 omitted because of collinearity
note: AborXyea_322_1980 omitted because of collinearity
note: AborXyea_329_1980 omitted because of collinearity

Linear regression, absorbing indicators                Number of obs =    3329
                                                       F( 49, 80)    =       .
                                                       Prob > F      =
                                                       R-squared     =  0.3632
                                                       Adj R-squared =  0.3332
                                                       Root MSE      =  .10279

                               (Std. Err. adjusted for 81 clusters in jurcode)
------------------------------------------------------------------------------
             |               Robust
    shkids01 |      Coef.   Std. Err.      t    P>|t|     [95% Conf. Interval]
-------------+----------------------------------------------------------------
     big1980 |  -.0086318   .0040971    -2.11   0.038    -.0167852   -.0004784
  Cyear_1980 |   .0153169   .0037908     4.04   0.000      .007773    .0228608
 Aborderno_1 |  (omitted)
 Aborderno_2 |  (omitted)
 Aborderno_3 |  (omitted)
 Aborderno_4 |  (omitted)
 Aborderno_5 |  (omitted)
 Aborderno_8 |  (omitted)
 Aborderno_9 |  (omitted)
Aborderno_10 |  (omitted)
Aborderno_11 |  (omitted)
Aborderno_12 |  (omitted)
Aborderno_13 |  (omitted)
Aborderno_14 |  (omitted)
Aborderno_15 |  (omitted)
Aborderno_16 |  (omitted)
Aborderno_17 |  (omitted)
Aborderno_18 |  (omitted)
Aborderno_19 |  (omitted)
Aborderno_20 |  (omitted)
Aborderno_22 |  (omitted)
Aborderno_24 |  (omitted)
Aborderno_25 |  (omitted)
Aborderno_26 |  (omitted)
Aborderno_27 |  (omitted)
Aborderno_28 |  (omitted)
Aborderno_31 |  (omitted)
Aborderno_32 |  (omitted)
Aborderno_33 |  (omitted)
Aborderno_34 |  (omitted)
Aborderno_35 |  (omitted)
Aborderno_36 |  (omitted)
Aborderno_37 |  (omitted)
Aborderno_38 |  (omitted)
Aborderno_39 |  (omitted)
Aborderno_40 |  (omitted)
Aborderno_41 |  (omitted)
Aborderno_43 |  (omitted)
Aborderno_47 |  (omitted)
Aborderno_61 |  (omitted)
Aborderno_62 |  (omitted)
Aborderno_64 |  (omitted)
Aborderno_66 |  (omitted)
Aborderno_67 |  (omitted)
Aborderno_73 |  (omitted)
Aborderno_74 |  (omitted)
Aborderno_75 |  (omitted)
Aborderno_76 |  (omitted)
Abordern~101 |  (omitted)
Abordern~102 |  (omitted)
Abordern~103 |  (omitted)
Abordern~104 |  (omitted)
Abordern~105 |  (omitted)
Abordern~111 |  (omitted)
Abordern~114 |  (omitted)
Abordern~116 |  (omitted)
Abordern~117 |  (omitted)
Abordern~118 |  (omitted)
Abordern~120 |  (omitted)
Abordern~121 |  (omitted)
Abordern~122 |  (omitted)
Abordern~125 |  (omitted)
Abordern~128 |  (omitted)
Abordern~129 |  (omitted)
Abordern~130 |  (omitted)
Abordern~131 |  (omitted)
Abordern~300 |  (omitted)
Abordern~301 |  (omitted)
Abordern~302 |  (omitted)
Abordern~307 |  (omitted)
Abordern~309 |  (omitted)
Abordern~312 |  (omitted)
Abordern~313 |  (omitted)
Abordern~314 |  (omitted)
Abordern~316 |  (omitted)
Abordern~320 |  (omitted)
Abordern~321 |  (omitted)
Abordern~322 |  (omitted)
Abordern~324 |  (omitted)
Abordern~329 |  (omitted)
Abordern~330 |  (omitted)
  Ayear_1980 |  (omitted)
Abor~_1_1980 |   .0488977   .0085725     5.70   0.000     .0318377    .0659576
Abor~_2_1980 |   .1380568   .0150088     9.20   0.000     .1081883    .1679253
Abor~_3_1980 |  (omitted)
Abor~_4_1980 |  -.0036568   .0122453    -0.30   0.766    -.0280258    .0207122
AborXyea_5~0 |  (omitted)
AborXyea_8~0 |   .1123888   .0177665     6.33   0.000     .0770323    .1477454
AborXyea_9~0 |  (omitted)
Abor~10_1980 |  (omitted)
Abo~_11_1980 |  (omitted)
Abo~_12_1980 |  (omitted)
Abo~_13_1980 |  -.0144858   .0153817    -0.94   0.349    -.0450964    .0161247
Abo~_14_1980 |   .0810696   .0095502     8.49   0.000     .0620641    .1000752
Abor~15_1980 |  (omitted)
Abo~_16_1980 |  (omitted)
Abo~_17_1980 |   .0929072   .0150809     6.16   0.000     .0628954    .1229191
Abo~_18_1980 |   .0144424   .0218677     0.66   0.511    -.0290757    .0579606
Abor~19_1980 |   .0460278   .0034596    13.30   0.000      .039143    .0529126
Abo~_20_1980 |   .0351008   .0033519    10.47   0.000     .0284303    .0417714
Abo~_22_1980 |   .0563606   .0120528     4.68   0.000     .0323747    .0803466
Abo~_24_1980 |  (omitted)
Abo~_25_1980 |  (omitted)
Abor~26_1980 |   .0470518   .0129461     3.63   0.000     .0212882    .0728154
Abor~27_1980 |    .053616   .0257926     2.08   0.041      .002287    .1049449
Abo~_28_1980 |  (omitted)
Abo~_31_1980 |  (omitted)
Abor~32_1980 |   .0542365   .0032954    16.46   0.000     .0476785    .0607945
Abor~33_1980 |    .039506   .0033598    11.76   0.000     .0328199    .0461922
Abor~34_1980 |   .1186206    .036104     3.29   0.002     .0467714    .1904699
Abor~35_1980 |   .0029263   .0079799     0.37   0.715    -.0129542    .0188068
Abor~36_1980 |   .0647833   .0140224     4.62   0.000     .0368779    .0926887
Abor~37_1980 |   .1865718   .0073883    25.25   0.000     .1718686    .2012749
Abor~38_1980 |   .2021287   .0030944    65.32   0.000     .1959705    .2082868
Abor~39_1980 |   .0738036   .0030123    24.50   0.000      .067809    .0797982
Abor~40_1980 |   .0595903   .0076828     7.76   0.000     .0443011    .0748795
Abor~41_1980 |  -.0120696   .0057061    -2.12   0.038    -.0234251   -.0007141
Abor~43_1980 |  (omitted)
Abor~47_1980 |   .0715917   .0182712     3.92   0.000     .0352309    .1079526
Abor~61_1980 |  (omitted)
Abor~62_1980 |  (omitted)
Abor~64_1980 |   .0227157   .0081253     2.80   0.006     .0065458    .0388855
Abor~66_1980 |  (omitted)
Abor~67_1980 |  (omitted)
Abor~73_1980 |  -.0860594   .0431066    -2.00   0.049    -.1718443   -.0002745
Abor~74_1980 |  (omitted)
Abor~75_1980 |  (omitted)
Abor~76_1980 |   .2693138   .0030427    88.51   0.000     .2632587    .2753689
Abo~101_1980 |   .1028695   .0416082     2.47   0.016     .0200665    .1856724
Abo~102_1980 |   .1121878   .0071837    15.62   0.000     .0978918    .1264839
Abor~03_1980 |  -.0619621   .0070904    -8.74   0.000    -.0760723   -.0478518
Abor~04_1980 |  -.0876916    .026941    -3.25   0.002    -.1413059   -.0340773
Abor~05_1980 |   -.010553   .0027587    -3.83   0.000    -.0160431   -.0050629
Abo~111_1980 |    .046899    .039056     1.20   0.233    -.0308248    .1246229
Abo~114_1980 |   .0328247   .0094151     3.49   0.001     .0140881    .0515613
Abo~116_1980 |   .0098612   .0062944     1.57   0.121     -.002665    .0223873
Abo~117_1980 |   .0533545   .0106843     4.99   0.000      .032092     .074617
Abo~118_1980 |   .1821426   .0027743    65.65   0.000     .1766215    .1876637
Abo~120_1980 |     .04399   .0313443     1.40   0.164    -.0183873    .1063672
Abo~121_1980 |    .056769   .0027712    20.49   0.000     .0512541    .0622838
Abo~122_1980 |   .1953443   .0156153    12.51   0.000     .1642689    .2264198
Abo~125_1980 |   .0365412   .0093272     3.92   0.000     .0179796    .0551028
Abo~128_1980 |   .1106439   .0103547    10.69   0.000     .0900373    .1312505
Abo~129_1980 |   .0973397   .0230507     4.22   0.000     .0514673    .1432121
Abo~130_1980 |  (omitted)
Abo~131_1980 |  (omitted)
Abor~00_1980 |  (omitted)
Abo~301_1980 |   .0272939   .0027656     9.87   0.000     .0217901    .0327977
Abo~302_1980 |   .0032387   .0030039     1.08   0.284    -.0027393    .0092168
Abor~07_1980 |   .1119943   .0263564     4.25   0.000     .0595434    .1644453
Abor~09_1980 |   .0056929   .0128171     0.44   0.658    -.0198139    .0311997
Abo~312_1980 |  (omitted)
Abo~313_1980 |  (omitted)
Abo~314_1980 |  (omitted)
Abo~316_1980 |  (omitted)
Abo~320_1980 |  (omitted)
Abo~321_1980 |  (omitted)
Abo~322_1980 |  (omitted)
Abo~324_1980 |    .068468   .0162202     4.22   0.000     .0361887    .1007472
Abo~329_1980 |  (omitted)
Abo~330_1980 |   .0515513   .0283747     1.82   0.073    -.0049162    .1080187
       _cons |   .2261077   .0010033   225.37   0.000     .2241111    .2281042
-------------+----------------------------------------------------------------
       extra |   absorbed                                     (100 categories)

. areg shkids01 yesbig1980 big1980 A* if tierno<2, absorb(extra) cluster(jurcode)
note: Aborderno_1 omitted because of collinearity
note: Aborderno_2 omitted because of collinearity
note: Aborderno_3 omitted because of collinearity
note: Aborderno_4 omitted because of collinearity
note: Aborderno_5 omitted because of collinearity
note: Aborderno_8 omitted because of collinearity
note: Aborderno_9 omitted because of collinearity
note: Aborderno_10 omitted because of collinearity
note: Aborderno_11 omitted because of collinearity
note: Aborderno_12 omitted because of collinearity
note: Aborderno_13 omitted because of collinearity
note: Aborderno_14 omitted because of collinearity
note: Aborderno_15 omitted because of collinearity
note: Aborderno_16 omitted because of collinearity
note: Aborderno_17 omitted because of collinearity
note: Aborderno_18 omitted because of collinearity
note: Aborderno_19 omitted because of collinearity
note: Aborderno_20 omitted because of collinearity
note: Aborderno_22 omitted because of collinearity
note: Aborderno_24 omitted because of collinearity
note: Aborderno_25 omitted because of collinearity
note: Aborderno_26 omitted because of collinearity
note: Aborderno_27 omitted because of collinearity
note: Aborderno_28 omitted because of collinearity
note: Aborderno_31 omitted because of collinearity
note: Aborderno_32 omitted because of collinearity
note: Aborderno_33 omitted because of collinearity
note: Aborderno_34 omitted because of collinearity
note: Aborderno_35 omitted because of collinearity
note: Aborderno_36 omitted because of collinearity
note: Aborderno_37 omitted because of collinearity
note: Aborderno_38 omitted because of collinearity
note: Aborderno_39 omitted because of collinearity
note: Aborderno_40 omitted because of collinearity
note: Aborderno_41 omitted because of collinearity
note: Aborderno_43 omitted because of collinearity
note: Aborderno_47 omitted because of collinearity
note: Aborderno_61 omitted because of collinearity
note: Aborderno_62 omitted because of collinearity
note: Aborderno_64 omitted because of collinearity
note: Aborderno_66 omitted because of collinearity
note: Aborderno_67 omitted because of collinearity
note: Aborderno_73 omitted because of collinearity
note: Aborderno_74 omitted because of collinearity
note: Aborderno_75 omitted because of collinearity
note: Aborderno_76 omitted because of collinearity
note: Aborderno_101 omitted because of collinearity
note: Aborderno_102 omitted because of collinearity
note: Aborderno_103 omitted because of collinearity
note: Aborderno_104 omitted because of collinearity
note: Aborderno_105 omitted because of collinearity
note: Aborderno_111 omitted because of collinearity
note: Aborderno_114 omitted because of collinearity
note: Aborderno_116 omitted because of collinearity
note: Aborderno_117 omitted because of collinearity
note: Aborderno_118 omitted because of collinearity
note: Aborderno_120 omitted because of collinearity
note: Aborderno_121 omitted because of collinearity
note: Aborderno_122 omitted because of collinearity
note: Aborderno_125 omitted because of collinearity
note: Aborderno_128 omitted because of collinearity
note: Aborderno_129 omitted because of collinearity
note: Aborderno_130 omitted because of collinearity
note: Aborderno_131 omitted because of collinearity
note: Aborderno_300 omitted because of collinearity
note: Aborderno_301 omitted because of collinearity
note: Aborderno_302 omitted because of collinearity
note: Aborderno_307 omitted because of collinearity
note: Aborderno_309 omitted because of collinearity
note: Aborderno_312 omitted because of collinearity
note: Aborderno_313 omitted because of collinearity
note: Aborderno_314 omitted because of collinearity
note: Aborderno_316 omitted because of collinearity
note: Aborderno_320 omitted because of collinearity
note: Aborderno_321 omitted because of collinearity
note: Aborderno_322 omitted because of collinearity
note: Aborderno_324 omitted because of collinearity
note: Aborderno_329 omitted because of collinearity
note: Aborderno_330 omitted because of collinearity
note: AborXyea_24_1980 omitted because of collinearity
note: AborXyea_25_1980 omitted because of collinearity
note: AborXyea_67_1980 omitted because of collinearity

Linear regression, absorbing indicators                Number of obs =    5074
                                                       F( 74, 117)   =       .
                                                       Prob > F      =
                                                       R-squared     =  0.3643
                                                       Adj R-squared =  0.3330
                                                       Root MSE      =  .10302

                              (Std. Err. adjusted for 118 clusters in jurcode)
------------------------------------------------------------------------------
             |               Robust
    shkids01 |      Coef.   Std. Err.      t    P>|t|     [95% Conf. Interval]
-------------+----------------------------------------------------------------
  yesbig1980 |   .0003999   .0115175     0.03   0.972    -.0224099    .0232097
     big1980 |  -.0086318    .004093    -2.11   0.037    -.0167378   -.0005258
 Aborderno_1 |  (omitted)
 Aborderno_2 |  (omitted)
 Aborderno_3 |  (omitted)
 Aborderno_4 |  (omitted)
 Aborderno_5 |  (omitted)
 Aborderno_8 |  (omitted)
 Aborderno_9 |  (omitted)
Aborderno_10 |  (omitted)
Aborderno_11 |  (omitted)
Aborderno_12 |  (omitted)
Aborderno_13 |  (omitted)
Aborderno_14 |  (omitted)
Aborderno_15 |  (omitted)
Aborderno_16 |  (omitted)
Aborderno_17 |  (omitted)
Aborderno_18 |  (omitted)
Aborderno_19 |  (omitted)
Aborderno_20 |  (omitted)
Aborderno_22 |  (omitted)
Aborderno_24 |  (omitted)
Aborderno_25 |  (omitted)
Aborderno_26 |  (omitted)
Aborderno_27 |  (omitted)
Aborderno_28 |  (omitted)
Aborderno_31 |  (omitted)
Aborderno_32 |  (omitted)
Aborderno_33 |  (omitted)
Aborderno_34 |  (omitted)
Aborderno_35 |  (omitted)
Aborderno_36 |  (omitted)
Aborderno_37 |  (omitted)
Aborderno_38 |  (omitted)
Aborderno_39 |  (omitted)
Aborderno_40 |  (omitted)
Aborderno_41 |  (omitted)
Aborderno_43 |  (omitted)
Aborderno_47 |  (omitted)
Aborderno_61 |  (omitted)
Aborderno_62 |  (omitted)
Aborderno_64 |  (omitted)
Aborderno_66 |  (omitted)
Aborderno_67 |  (omitted)
Aborderno_73 |  (omitted)
Aborderno_74 |  (omitted)
Aborderno_75 |  (omitted)
Aborderno_76 |  (omitted)
Abordern~101 |  (omitted)
Abordern~102 |  (omitted)
Abordern~103 |  (omitted)
Abordern~104 |  (omitted)
Abordern~105 |  (omitted)
Abordern~111 |  (omitted)
Abordern~114 |  (omitted)
Abordern~116 |  (omitted)
Abordern~117 |  (omitted)
Abordern~118 |  (omitted)
Abordern~120 |  (omitted)
Abordern~121 |  (omitted)
Abordern~122 |  (omitted)
Abordern~125 |  (omitted)
Abordern~128 |  (omitted)
Abordern~129 |  (omitted)
Abordern~130 |  (omitted)
Abordern~131 |  (omitted)
Abordern~300 |  (omitted)
Abordern~301 |  (omitted)
Abordern~302 |  (omitted)
Abordern~307 |  (omitted)
Abordern~309 |  (omitted)
Abordern~312 |  (omitted)
Abordern~313 |  (omitted)
Abordern~314 |  (omitted)
Abordern~316 |  (omitted)
Abordern~320 |  (omitted)
Abordern~321 |  (omitted)
Abordern~322 |  (omitted)
Abordern~324 |  (omitted)
Abordern~329 |  (omitted)
Abordern~330 |  (omitted)
  Ayear_1980 |   .0153169   .0037871     4.04   0.000     .0078168     .022817
Abor~_1_1980 |   .0488977   .0085641     5.71   0.000      .031937    .0658583
Abor~_2_1980 |   .1380568    .014994     9.21   0.000      .108362    .1677516
Abor~_3_1980 |   .0166344   .0243991     0.68   0.497    -.0316866    .0649555
Abor~_4_1980 |  -.0036568   .0122332    -0.30   0.766     -.027884    .0205704
AborXyea_5~0 |   .0785494   .0150536     5.22   0.000     .0487365    .1083624
AborXyea_8~0 |   .1123888    .017749     6.33   0.000     .0772379    .1475397
AborXyea_9~0 |   .1533368   .0540804     2.84   0.005     .0462334    .2604402
Abor~10_1980 |   .0463145   .0079353     5.84   0.000      .030599    .0620301
Abo~_11_1980 |    .060736   .0246264     2.47   0.015     .0119647    .1095073
Abo~_12_1980 |   .1346996   .0083128    16.20   0.000     .1182365    .1511627
Abo~_13_1980 |  -.0144858   .0153665    -0.94   0.348    -.0449183    .0159467
Abo~_14_1980 |   .0810696   .0095408     8.50   0.000     .0621746    .0999646
Abor~15_1980 |   .0474346   .0106738     4.44   0.000     .0262958    .0685735
Abo~_16_1980 |    .086867   .0096847     8.97   0.000     .0676869    .1060471
Abo~_17_1980 |   .0929072   .0150659     6.17   0.000     .0630699    .1227445
Abo~_18_1980 |   .0144424   .0218461     0.66   0.510    -.0288226    .0577075
Abor~19_1980 |   .0460278   .0034562    13.32   0.000      .039183    .0528725
Abo~_20_1980 |   .0351008   .0033486    10.48   0.000     .0284691    .0417326
Abo~_22_1980 |   .0563606   .0120409     4.68   0.000     .0325142     .080207
Abo~_24_1980 |  (omitted)
Abo~_25_1980 |  (omitted)
Abor~26_1980 |   .0470518   .0129333     3.64   0.000     .0214381    .0726655
Abor~27_1980 |    .053616   .0257671     2.08   0.040     .0025856    .1046463
Abo~_28_1980 |   .0058624   .0228544     0.26   0.798    -.0393997    .0511244
Abo~_31_1980 |   .0208656   .0113874     1.83   0.069    -.0016866    .0434178
Abor~32_1980 |   .0542365   .0032921    16.47   0.000     .0477167    .0607563
Abor~33_1980 |    .039506   .0033564    11.77   0.000     .0328588    .0461533
Abor~34_1980 |   .1186206   .0360683     3.29   0.001     .0471893     .190052
Abor~35_1980 |   .0029263    .007972     0.37   0.714    -.0128619    .0187144
Abor~36_1980 |   .0647833   .0140085     4.62   0.000     .0370402    .0925264
Abor~37_1980 |   .1865718    .007381    25.28   0.000     .1719541    .2011894
Abor~38_1980 |   .2021287   .0030914    65.38   0.000     .1960063     .208251
Abor~39_1980 |   .0738036   .0030093    24.53   0.000     .0678438    .0797633
Abor~40_1980 |   .0595903   .0076752     7.76   0.000     .0443901    .0747906
Abor~41_1980 |  -.0120696   .0057005    -2.12   0.036    -.0233591   -.0007801
Abor~43_1980 |   .0482817   .0236065     2.05   0.043     .0015302    .0950332
Abor~47_1980 |   .0715917   .0182531     3.92   0.000     .0354424    .1077411
Abor~61_1980 |   .0279588    .027653     1.01   0.314    -.0268066    .0827242
Abor~62_1980 |   .0152432   .0355106     0.43   0.669    -.0550838    .0855701
Abor~64_1980 |   .0227157   .0081173     2.80   0.006     .0066398    .0387915
Abor~66_1980 |  -.0395592   .0078575    -5.03   0.000    -.0551205   -.0239979
Abor~67_1980 |  (omitted)
Abor~73_1980 |  -.0860594    .043064    -2.00   0.048    -.1713454   -.0007734
Abor~74_1980 |  -.1313406   .0061497   -21.36   0.000    -.1435196   -.1191615
Abor~75_1980 |   .1260969   .0136732     9.22   0.000     .0990179    .1531759
Abor~76_1980 |   .2693138   .0030397    88.60   0.000     .2632939    .2753337
Abo~101_1980 |   .1028695    .041567     2.47   0.015     .0205482    .1851908
Abo~102_1980 |   .1121878   .0071766    15.63   0.000      .097975    .1264007
Abor~03_1980 |  -.0619621   .0070833    -8.75   0.000    -.0759903   -.0479339
Abor~04_1980 |  -.0876916   .0269143    -3.26   0.001     -.140994   -.0343892
Abor~05_1980 |   -.010553    .002756    -3.83   0.000    -.0160111   -.0050949
Abo~111_1980 |    .046899   .0390173     1.20   0.232    -.0303728    .1241708
Abo~114_1980 |   .0328247   .0094058     3.49   0.001     .0141971    .0514523
Abo~116_1980 |   .0098612   .0062881     1.57   0.120    -.0025921    .0223145
Abo~117_1980 |   .0533545   .0106738     5.00   0.000     .0322157    .0744933
Abo~118_1980 |   .1821426   .0027716    65.72   0.000     .1766536    .1876316
Abo~120_1980 |     .04399   .0313133     1.40   0.163    -.0180244    .1060044
Abo~121_1980 |    .056769   .0027684    20.51   0.000     .0512862    .0622517
Abo~122_1980 |   .1953443   .0155998    12.52   0.000     .1644497     .226239
Abo~125_1980 |   .0365412   .0093179     3.92   0.000     .0180876    .0549949
Abo~128_1980 |   .1106439   .0103445    10.70   0.000     .0901572    .1311306
Abo~129_1980 |   .0973397   .0230279     4.23   0.000     .0517341    .1429453
Abo~130_1980 |   .0780026   .0199834     3.90   0.000     .0384266    .1175787
Abo~131_1980 |   .0929532   .0085065    10.93   0.000     .0761064    .1097999
Abor~00_1980 |  -.0470125   .0103077    -4.56   0.000    -.0674264   -.0265987
Abo~301_1980 |   .0272939   .0027629     9.88   0.000     .0218221    .0327657
Abo~302_1980 |   .0032387    .003001     1.08   0.283    -.0027045     .009182
Abor~07_1980 |   .1119943   .0263303     4.25   0.000     .0598485    .1641402
Abor~09_1980 |   .0056929   .0128044     0.44   0.657    -.0196655    .0310513
Abo~312_1980 |   .0035398   .0143923     0.25   0.806    -.0249635    .0320431
Abo~313_1980 |   .0694035   .0037871    18.33   0.000     .0619034    .0769036
Abo~314_1980 |   .0048014   .0316437     0.15   0.880    -.0578673    .0674701
Abo~316_1980 |   .0067718   .0379639     0.18   0.859    -.0684138    .0819573
Abo~320_1980 |  -.0061277   .0068129    -0.90   0.370    -.0196204     .007365
Abo~321_1980 |   .0445731   .0504355     0.88   0.379    -.0553117    .1444579
Abo~322_1980 |   .0139625   .0118661     1.18   0.242    -.0095376    .0374627
Abo~324_1980 |    .068468   .0162041     4.23   0.000     .0363765    .1005594
Abo~329_1980 |  -.0514112    .023875    -2.15   0.033    -.0986944   -.0041281
Abo~330_1980 |   .0515513   .0283466     1.82   0.072    -.0045877    .1076903
       _cons |   .2148679   .0009762   220.11   0.000     .2129346    .2168012
-------------+----------------------------------------------------------------
       extra |   absorbed                                     (160 categories)

. /* Percent owner occupied*/
. areg peroo big1980 Cyear_1980 A* if tierno<2 & yesorder_m==1, absorb(extra) cluster(jurcode)
note: Aborderno_1 omitted because of collinearity
note: Aborderno_2 omitted because of collinearity
note: Aborderno_3 omitted because of collinearity
note: Aborderno_4 omitted because of collinearity
note: Aborderno_5 omitted because of collinearity
note: Aborderno_8 omitted because of collinearity
note: Aborderno_9 omitted because of collinearity
note: Aborderno_10 omitted because of collinearity
note: Aborderno_11 omitted because of collinearity
note: Aborderno_12 omitted because of collinearity
note: Aborderno_13 omitted because of collinearity
note: Aborderno_14 omitted because of collinearity
note: Aborderno_15 omitted because of collinearity
note: Aborderno_16 omitted because of collinearity
note: Aborderno_17 omitted because of collinearity
note: Aborderno_18 omitted because of collinearity
note: Aborderno_19 omitted because of collinearity
note: Aborderno_20 omitted because of collinearity
note: Aborderno_22 omitted because of collinearity
note: Aborderno_24 omitted because of collinearity
note: Aborderno_25 omitted because of collinearity
note: Aborderno_26 omitted because of collinearity
note: Aborderno_27 omitted because of collinearity
note: Aborderno_28 omitted because of collinearity
note: Aborderno_31 omitted because of collinearity
note: Aborderno_32 omitted because of collinearity
note: Aborderno_33 omitted because of collinearity
note: Aborderno_34 omitted because of collinearity
note: Aborderno_35 omitted because of collinearity
note: Aborderno_36 omitted because of collinearity
note: Aborderno_37 omitted because of collinearity
note: Aborderno_38 omitted because of collinearity
note: Aborderno_39 omitted because of collinearity
note: Aborderno_40 omitted because of collinearity
note: Aborderno_41 omitted because of collinearity
note: Aborderno_43 omitted because of collinearity
note: Aborderno_47 omitted because of collinearity
note: Aborderno_61 omitted because of collinearity
note: Aborderno_62 omitted because of collinearity
note: Aborderno_64 omitted because of collinearity
note: Aborderno_66 omitted because of collinearity
note: Aborderno_67 omitted because of collinearity
note: Aborderno_73 omitted because of collinearity
note: Aborderno_74 omitted because of collinearity
note: Aborderno_75 omitted because of collinearity
note: Aborderno_76 omitted because of collinearity
note: Aborderno_101 omitted because of collinearity
note: Aborderno_102 omitted because of collinearity
note: Aborderno_103 omitted because of collinearity
note: Aborderno_104 omitted because of collinearity
note: Aborderno_105 omitted because of collinearity
note: Aborderno_111 omitted because of collinearity
note: Aborderno_114 omitted because of collinearity
note: Aborderno_116 omitted because of collinearity
note: Aborderno_117 omitted because of collinearity
note: Aborderno_118 omitted because of collinearity
note: Aborderno_120 omitted because of collinearity
note: Aborderno_121 omitted because of collinearity
note: Aborderno_122 omitted because of collinearity
note: Aborderno_125 omitted because of collinearity
note: Aborderno_128 omitted because of collinearity
note: Aborderno_129 omitted because of collinearity
note: Aborderno_130 omitted because of collinearity
note: Aborderno_131 omitted because of collinearity
note: Aborderno_300 omitted because of collinearity
note: Aborderno_301 omitted because of collinearity
note: Aborderno_302 omitted because of collinearity
note: Aborderno_307 omitted because of collinearity
note: Aborderno_309 omitted because of collinearity
note: Aborderno_312 omitted because of collinearity
note: Aborderno_313 omitted because of collinearity
note: Aborderno_314 omitted because of collinearity
note: Aborderno_316 omitted because of collinearity
note: Aborderno_320 omitted because of collinearity
note: Aborderno_321 omitted because of collinearity
note: Aborderno_322 omitted because of collinearity
note: Aborderno_324 omitted because of collinearity
note: Aborderno_329 omitted because of collinearity
note: Aborderno_330 omitted because of collinearity
note: Ayear_1980 omitted because of collinearity
note: AborXyea_1_1980 omitted because of collinearity
note: AborXyea_2_1980 omitted because of collinearity
note: AborXyea_4_1980 omitted because of collinearity
note: AborXyea_8_1980 omitted because of collinearity
note: AborXyea_13_1980 omitted because of collinearity
note: AborXyea_14_1980 omitted because of collinearity
note: AborXyea_17_1980 omitted because of collinearity
note: AborXyea_18_1980 omitted because of collinearity
note: AborXyea_19_1980 omitted because of collinearity
note: AborXyea_20_1980 omitted because of collinearity
note: AborXyea_22_1980 omitted because of collinearity
note: AborXyea_26_1980 omitted because of collinearity
note: AborXyea_27_1980 omitted because of collinearity
note: AborXyea_32_1980 omitted because of collinearity
note: AborXyea_33_1980 omitted because of collinearity
note: AborXyea_34_1980 omitted because of collinearity
note: AborXyea_35_1980 omitted because of collinearity
note: AborXyea_36_1980 omitted because of collinearity
note: AborXyea_37_1980 omitted because of collinearity
note: AborXyea_38_1980 omitted because of collinearity
note: AborXyea_39_1980 omitted because of collinearity
note: AborXyea_40_1980 omitted because of collinearity
note: AborXyea_41_1980 omitted because of collinearity
note: AborXyea_47_1980 omitted because of collinearity
note: AborXyea_64_1980 omitted because of collinearity
note: AborXyea_73_1980 omitted because of collinearity
note: AborXyea_76_1980 omitted because of collinearity
note: AborXyea_101_1980 omitted because of collinearity
note: AborXyea_102_1980 omitted because of collinearity
note: AborXyea_103_1980 omitted because of collinearity
note: AborXyea_104_1980 omitted because of collinearity
note: AborXyea_105_1980 omitted because of collinearity
note: AborXyea_111_1980 omitted because of collinearity
note: AborXyea_114_1980 omitted because of collinearity
note: AborXyea_116_1980 omitted because of collinearity
note: AborXyea_117_1980 omitted because of collinearity
note: AborXyea_118_1980 omitted because of collinearity
note: AborXyea_120_1980 omitted because of collinearity
note: AborXyea_121_1980 omitted because of collinearity
note: AborXyea_122_1980 omitted because of collinearity
note: AborXyea_125_1980 omitted because of collinearity
note: AborXyea_128_1980 omitted because of collinearity
note: AborXyea_129_1980 omitted because of collinearity
note: AborXyea_301_1980 omitted because of collinearity
note: AborXyea_302_1980 omitted because of collinearity
note: AborXyea_307_1980 omitted because of collinearity
note: AborXyea_309_1980 omitted because of collinearity
note: AborXyea_313_1980 omitted because of collinearity
note: AborXyea_324_1980 omitted because of collinearity
note: AborXyea_330_1980 omitted because of collinearity

Linear regression, absorbing indicators                Number of obs =    1807
                                                       F( 30, 42)    =       .
                                                       Prob > F      =
                                                       R-squared     =  0.3910
                                                       Adj R-squared =  0.3591
                                                       Root MSE      =  .26015

                               (Std. Err. adjusted for 43 clusters in jurcode)
------------------------------------------------------------------------------
             |               Robust
       peroo |      Coef.   Std. Err.      t    P>|t|     [95% Conf. Interval]
-------------+----------------------------------------------------------------
     big1980 |  -.0138687   .0202623    -0.68   0.497    -.0547597    .0270223
  Cyear_1980 |  -.0129731          .        .       .            .           .
 Aborderno_1 |  (omitted)
 Aborderno_2 |  (omitted)
 Aborderno_3 |  (omitted)
 Aborderno_4 |  (omitted)
 Aborderno_5 |  (omitted)
 Aborderno_8 |  (omitted)
 Aborderno_9 |  (omitted)
Aborderno_10 |  (omitted)
Aborderno_11 |  (omitted)
Aborderno_12 |  (omitted)
Aborderno_13 |  (omitted)
Aborderno_14 |  (omitted)
Aborderno_15 |  (omitted)
Aborderno_16 |  (omitted)
Aborderno_17 |  (omitted)
Aborderno_18 |  (omitted)
Aborderno_19 |  (omitted)
Aborderno_20 |  (omitted)
Aborderno_22 |  (omitted)
Aborderno_24 |  (omitted)
Aborderno_25 |  (omitted)
Aborderno_26 |  (omitted)
Aborderno_27 |  (omitted)
Aborderno_28 |  (omitted)
Aborderno_31 |  (omitted)
Aborderno_32 |  (omitted)
Aborderno_33 |  (omitted)
Aborderno_34 |  (omitted)
Aborderno_35 |  (omitted)
Aborderno_36 |  (omitted)
Aborderno_37 |  (omitted)
Aborderno_38 |  (omitted)
Aborderno_39 |  (omitted)
Aborderno_40 |  (omitted)
Aborderno_41 |  (omitted)
Aborderno_43 |  (omitted)
Aborderno_47 |  (omitted)
Aborderno_61 |  (omitted)
Aborderno_62 |  (omitted)
Aborderno_64 |  (omitted)
Aborderno_66 |  (omitted)
Aborderno_67 |  (omitted)
Aborderno_73 |  (omitted)
Aborderno_74 |  (omitted)
Aborderno_75 |  (omitted)
Aborderno_76 |  (omitted)
Abordern~101 |  (omitted)
Abordern~102 |  (omitted)
Abordern~103 |  (omitted)
Abordern~104 |  (omitted)
Abordern~105 |  (omitted)
Abordern~111 |  (omitted)
Abordern~114 |  (omitted)
Abordern~116 |  (omitted)
Abordern~117 |  (omitted)
Abordern~118 |  (omitted)
Abordern~120 |  (omitted)
Abordern~121 |  (omitted)
Abordern~122 |  (omitted)
Abordern~125 |  (omitted)
Abordern~128 |  (omitted)
Abordern~129 |  (omitted)
Abordern~130 |  (omitted)
Abordern~131 |  (omitted)
Abordern~300 |  (omitted)
Abordern~301 |  (omitted)
Abordern~302 |  (omitted)
Abordern~307 |  (omitted)
Abordern~309 |  (omitted)
Abordern~312 |  (omitted)
Abordern~313 |  (omitted)
Abordern~314 |  (omitted)
Abordern~316 |  (omitted)
Abordern~320 |  (omitted)
Abordern~321 |  (omitted)
Abordern~322 |  (omitted)
Abordern~324 |  (omitted)
Abordern~329 |  (omitted)
Abordern~330 |  (omitted)
  Ayear_1980 |  (omitted)
Abor~_1_1980 |  (omitted)
Abor~_2_1980 |  (omitted)
Abor~_3_1980 |   .1563911   .0527491     2.96   0.005     .0499391    .2628432
Abor~_4_1980 |  (omitted)
AborXyea_5~0 |   .1566476   .0389394     4.02   0.000     .0780647    .2352304
AborXyea_8~0 |  (omitted)
AborXyea_9~0 |   .0077814   .0315513     0.25   0.806    -.0558917    .0714546
Abor~10_1980 |   .0113888   .0303093     0.38   0.709    -.0497778    .0725555
Abo~_11_1980 |  -.0751264      .0661    -1.14   0.262    -.2085215    .0582688
Abo~_12_1980 |   .0046449   .0314668     0.15   0.883    -.0588577    .0681475
Abo~_13_1980 |  (omitted)
Abo~_14_1980 |  (omitted)
Abor~15_1980 |   .0280601    .009828     2.86   0.007     .0082264    .0478939
Abo~_16_1980 |  -.0042224   .0169153    -0.25   0.804    -.0383587     .029914
Abo~_17_1980 |  (omitted)
Abo~_18_1980 |  (omitted)
Abor~19_1980 |  (omitted)
Abo~_20_1980 |  (omitted)
Abo~_22_1980 |  (omitted)
Abo~_24_1980 |   -.050815   .1121245    -0.45   0.653    -.2770913    .1754614
Abo~_25_1980 |   .2430061   .2845236     0.85   0.398    -.3311858    .8171979
Abor~26_1980 |  (omitted)
Abor~27_1980 |  (omitted)
Abo~_28_1980 |   .0796932   .0406605     1.96   0.057    -.0023631    .1617494
Abo~_31_1980 |    .087539   .0225218     3.89   0.000     .0420882    .1329898
Abor~32_1980 |  (omitted)
Abor~33_1980 |  (omitted)
Abor~34_1980 |  (omitted)
Abor~35_1980 |  (omitted)
Abor~36_1980 |  (omitted)
Abor~37_1980 |  (omitted)
Abor~38_1980 |  (omitted)
Abor~39_1980 |  (omitted)
Abor~40_1980 |  (omitted)
Abor~41_1980 |  (omitted)
Abor~43_1980 |  -.0689776   .1076621    -0.64   0.525    -.2862486    .1482934
Abor~47_1980 |  (omitted)
Abor~61_1980 |   .0352934   .0212445     1.66   0.104    -.0075798    .0781665
Abor~62_1980 |   .0789791    .034419     2.29   0.027     .0095187    .1484396
Abor~64_1980 |  (omitted)
Abor~66_1980 |   .0446377   .0087304     5.11   0.000      .027019    .0622563
Abor~67_1980 |   .0632342   .0640383     0.99   0.329    -.0660003    .1924687
Abor~73_1980 |  (omitted)
Abor~74_1980 |   -.145867   .0782828    -1.86   0.069    -.3038481    .0121141
Abor~75_1980 |   .0643587   .0223475     2.88   0.006     .0192596    .1094579
Abor~76_1980 |  (omitted)
Abo~101_1980 |  (omitted)
Abo~102_1980 |  (omitted)
Abor~03_1980 |  (omitted)
Abor~04_1980 |  (omitted)
Abor~05_1980 |  (omitted)
Abo~111_1980 |  (omitted)
Abo~114_1980 |  (omitted)
Abo~116_1980 |  (omitted)
Abo~117_1980 |  (omitted)
Abo~118_1980 |  (omitted)
Abo~120_1980 |  (omitted)
Abo~121_1980 |  (omitted)
Abo~122_1980 |  (omitted)
Abo~125_1980 |  (omitted)
Abo~128_1980 |  (omitted)
Abo~129_1980 |  (omitted)
Abo~130_1980 |  -.0505857   .0177459    -2.85   0.007    -.0863985    -.014773
Abo~131_1980 |   .0436986   .0079224     5.52   0.000     .0277105    .0596867
Abor~00_1980 |  -.0543582   .0245825    -2.21   0.033    -.1039677   -.0047486
Abo~301_1980 |  (omitted)
Abo~302_1980 |  (omitted)
Abor~07_1980 |  (omitted)
Abor~09_1980 |  (omitted)
Abo~312_1980 |   .0946724   .0138881     6.82   0.000     .0666452    .1226997
Abo~313_1980 |  (omitted)
Abo~314_1980 |  -.0564378   .0445226    -1.27   0.212    -.1462881    .0334124
Abo~316_1980 |   .0125025    .011676     1.07   0.290    -.0110607    .0360657
Abo~320_1980 |  -.2753602   .0606724    -4.54   0.000    -.3978022   -.1529183
Abo~321_1980 |   .0283279   .0196453     1.44   0.157    -.0113179    .0679736
Abo~322_1980 |   .0332575   .0130734     2.54   0.015     .0068743    .0596407
Abo~324_1980 |  (omitted)
Abo~329_1980 |  -.1024717   .0083504   -12.27   0.000    -.1193234     -.08562
Abo~330_1980 |  (omitted)
       _cons |   .6283748   .0041303   152.14   0.000     .6200396      .63671
-------------+----------------------------------------------------------------
       extra |   absorbed                                      (60 categories)

. areg peroo big1980 Cyear_1980 A* if tierno<2 & yesorder_m==0, absorb(extra) cluster(jurcode)
note: Aborderno_1 omitted because of collinearity
note: Aborderno_2 omitted because of collinearity
note: Aborderno_3 omitted because of collinearity
note: Aborderno_4 omitted because of collinearity
note: Aborderno_5 omitted because of collinearity
note: Aborderno_8 omitted because of collinearity
note: Aborderno_9 omitted because of collinearity
note: Aborderno_10 omitted because of collinearity
note: Aborderno_11 omitted because of collinearity
note: Aborderno_12 omitted because of collinearity
note: Aborderno_13 omitted because of collinearity
note: Aborderno_14 omitted because of collinearity
note: Aborderno_15 omitted because of collinearity
note: Aborderno_16 omitted because of collinearity
note: Aborderno_17 omitted because of collinearity
note: Aborderno_18 omitted because of collinearity
note: Aborderno_19 omitted because of collinearity
note: Aborderno_20 omitted because of collinearity
note: Aborderno_22 omitted because of collinearity
note: Aborderno_24 omitted because of collinearity
note: Aborderno_25 omitted because of collinearity
note: Aborderno_26 omitted because of collinearity
note: Aborderno_27 omitted because of collinearity
note: Aborderno_28 omitted because of collinearity
note: Aborderno_31 omitted because of collinearity
note: Aborderno_32 omitted because of collinearity
note: Aborderno_33 omitted because of collinearity
note: Aborderno_34 omitted because of collinearity
note: Aborderno_35 omitted because of collinearity
note: Aborderno_36 omitted because of collinearity
note: Aborderno_37 omitted because of collinearity
note: Aborderno_38 omitted because of collinearity
note: Aborderno_39 omitted because of collinearity
note: Aborderno_40 omitted because of collinearity
note: Aborderno_41 omitted because of collinearity
note: Aborderno_43 omitted because of collinearity
note: Aborderno_47 omitted because of collinearity
note: Aborderno_61 omitted because of collinearity
note: Aborderno_62 omitted because of collinearity
note: Aborderno_64 omitted because of collinearity
note: Aborderno_66 omitted because of collinearity
note: Aborderno_67 omitted because of collinearity
note: Aborderno_73 omitted because of collinearity
note: Aborderno_74 omitted because of collinearity
note: Aborderno_75 omitted because of collinearity
note: Aborderno_76 omitted because of collinearity
note: Aborderno_101 omitted because of collinearity
note: Aborderno_102 omitted because of collinearity
note: Aborderno_103 omitted because of collinearity
note: Aborderno_104 omitted because of collinearity
note: Aborderno_105 omitted because of collinearity
note: Aborderno_111 omitted because of collinearity
note: Aborderno_114 omitted because of collinearity
note: Aborderno_116 omitted because of collinearity
note: Aborderno_117 omitted because of collinearity
note: Aborderno_118 omitted because of collinearity
note: Aborderno_120 omitted because of collinearity
note: Aborderno_121 omitted because of collinearity
note: Aborderno_122 omitted because of collinearity
note: Aborderno_125 omitted because of collinearity
note: Aborderno_128 omitted because of collinearity
note: Aborderno_129 omitted because of collinearity
note: Aborderno_130 omitted because of collinearity
note: Aborderno_131 omitted because of collinearity
note: Aborderno_300 omitted because of collinearity
note: Aborderno_301 omitted because of collinearity
note: Aborderno_302 omitted because of collinearity
note: Aborderno_307 omitted because of collinearity
note: Aborderno_309 omitted because of collinearity
note: Aborderno_312 omitted because of collinearity
note: Aborderno_313 omitted because of collinearity
note: Aborderno_314 omitted because of collinearity
note: Aborderno_316 omitted because of collinearity
note: Aborderno_320 omitted because of collinearity
note: Aborderno_321 omitted because of collinearity
note: Aborderno_322 omitted because of collinearity
note: Aborderno_324 omitted because of collinearity
note: Aborderno_329 omitted because of collinearity
note: Aborderno_330 omitted because of collinearity
note: Ayear_1980 omitted because of collinearity
note: AborXyea_3_1980 omitted because of collinearity
note: AborXyea_5_1980 omitted because of collinearity
note: AborXyea_9_1980 omitted because of collinearity
note: AborXyea_10_1980 omitted because of collinearity
note: AborXyea_11_1980 omitted because of collinearity
note: AborXyea_12_1980 omitted because of collinearity
note: AborXyea_15_1980 omitted because of collinearity
note: AborXyea_16_1980 omitted because of collinearity
note: AborXyea_24_1980 omitted because of collinearity
note: AborXyea_25_1980 omitted because of collinearity
note: AborXyea_28_1980 omitted because of collinearity
note: AborXyea_31_1980 omitted because of collinearity
note: AborXyea_43_1980 omitted because of collinearity
note: AborXyea_61_1980 omitted because of collinearity
note: AborXyea_62_1980 omitted because of collinearity
note: AborXyea_66_1980 omitted because of collinearity
note: AborXyea_67_1980 omitted because of collinearity
note: AborXyea_74_1980 omitted because of collinearity
note: AborXyea_75_1980 omitted because of collinearity
note: AborXyea_130_1980 omitted because of collinearity
note: AborXyea_131_1980 omitted because of collinearity
note: AborXyea_300_1980 omitted because of collinearity
note: AborXyea_312_1980 omitted because of collinearity
note: AborXyea_313_1980 omitted because of collinearity
note: AborXyea_314_1980 omitted because of collinearity
note: AborXyea_316_1980 omitted because of collinearity
note: AborXyea_320_1980 omitted because of collinearity
note: AborXyea_321_1980 omitted because of collinearity
note: AborXyea_322_1980 omitted because of collinearity
note: AborXyea_329_1980 omitted because of collinearity

Linear regression, absorbing indicators                Number of obs =    3335
                                                       F( 49, 80)    =       .
                                                       Prob > F      =
                                                       R-squared     =  0.3380
                                                       Adj R-squared =  0.3068
                                                       Root MSE      =  .24842

                               (Std. Err. adjusted for 81 clusters in jurcode)
------------------------------------------------------------------------------
             |               Robust
       peroo |      Coef.   Std. Err.      t    P>|t|     [95% Conf. Interval]
-------------+----------------------------------------------------------------
     big1980 |   .0026215   .0095901     0.27   0.785    -.0164635    .0217064
  Cyear_1980 |  -.0307146   .0211849    -1.45   0.151    -.0728739    .0114447
 Aborderno_1 |  (omitted)
 Aborderno_2 |  (omitted)
 Aborderno_3 |  (omitted)
 Aborderno_4 |  (omitted)
 Aborderno_5 |  (omitted)
 Aborderno_8 |  (omitted)
 Aborderno_9 |  (omitted)
Aborderno_10 |  (omitted)
Aborderno_11 |  (omitted)
Aborderno_12 |  (omitted)
Aborderno_13 |  (omitted)
Aborderno_14 |  (omitted)
Aborderno_15 |  (omitted)
Aborderno_16 |  (omitted)
Aborderno_17 |  (omitted)
Aborderno_18 |  (omitted)
Aborderno_19 |  (omitted)
Aborderno_20 |  (omitted)
Aborderno_22 |  (omitted)
Aborderno_24 |  (omitted)
Aborderno_25 |  (omitted)
Aborderno_26 |  (omitted)
Aborderno_27 |  (omitted)
Aborderno_28 |  (omitted)
Aborderno_31 |  (omitted)
Aborderno_32 |  (omitted)
Aborderno_33 |  (omitted)
Aborderno_34 |  (omitted)
Aborderno_35 |  (omitted)
Aborderno_36 |  (omitted)
Aborderno_37 |  (omitted)
Aborderno_38 |  (omitted)
Aborderno_39 |  (omitted)
Aborderno_40 |  (omitted)
Aborderno_41 |  (omitted)
Aborderno_43 |  (omitted)
Aborderno_47 |  (omitted)
Aborderno_61 |  (omitted)
Aborderno_62 |  (omitted)
Aborderno_64 |  (omitted)
Aborderno_66 |  (omitted)
Aborderno_67 |  (omitted)
Aborderno_73 |  (omitted)
Aborderno_74 |  (omitted)
Aborderno_75 |  (omitted)
Aborderno_76 |  (omitted)
Abordern~101 |  (omitted)
Abordern~102 |  (omitted)
Abordern~103 |  (omitted)
Abordern~104 |  (omitted)
Abordern~105 |  (omitted)
Abordern~111 |  (omitted)
Abordern~114 |  (omitted)
Abordern~116 |  (omitted)
Abordern~117 |  (omitted)
Abordern~118 |  (omitted)
Abordern~120 |  (omitted)
Abordern~121 |  (omitted)
Abordern~122 |  (omitted)
Abordern~125 |  (omitted)
Abordern~128 |  (omitted)
Abordern~129 |  (omitted)
Abordern~130 |  (omitted)
Abordern~131 |  (omitted)
Abordern~300 |  (omitted)
Abordern~301 |  (omitted)
Abordern~302 |  (omitted)
Abordern~307 |  (omitted)
Abordern~309 |  (omitted)
Abordern~312 |  (omitted)
Abordern~313 |  (omitted)
Abordern~314 |  (omitted)
Abordern~316 |  (omitted)
Abordern~320 |  (omitted)
Abordern~321 |  (omitted)
Abordern~322 |  (omitted)
Abordern~324 |  (omitted)
Abordern~329 |  (omitted)
Abordern~330 |  (omitted)
  Ayear_1980 |  (omitted)
Abor~_1_1980 |   .3234755   .0206603    15.66   0.000     .2823603    .3645907
Abor~_2_1980 |   .0183605   .0255656     0.72   0.475    -.0325167    .0692378
Abor~_3_1980 |  (omitted)
Abor~_4_1980 |   .1022923   .0277858     3.68   0.000     .0469969    .1575877
AborXyea_5~0 |  (omitted)
AborXyea_8~0 |   .0214928   .0413105     0.52   0.604    -.0607178    .1037033
AborXyea_9~0 |  (omitted)
Abor~10_1980 |  (omitted)
Abo~_11_1980 |  (omitted)
Abo~_12_1980 |  (omitted)
Abo~_13_1980 |   .0597617   .0898553     0.67   0.508    -.1190561    .2385795
Abo~_14_1980 |   .4137113   .0956014     4.33   0.000     .2234584    .6039641
Abor~15_1980 |  (omitted)
Abo~_16_1980 |  (omitted)
Abo~_17_1980 |  -.0577278   .0249754    -2.31   0.023    -.1074305    -.008025
Abo~_18_1980 |  -.0754805   .0504663    -1.50   0.139    -.1759117    .0249506
Abor~19_1980 |    .052321   .0210174     2.49   0.015      .010495     .094147
Abo~_20_1980 |   .0563978   .0197633     2.85   0.006     .0170676     .095728
Abo~_22_1980 |   .0810877   .0204007     3.97   0.000      .040489    .1216863
Abo~_24_1980 |  (omitted)
Abo~_25_1980 |  (omitted)
Abor~26_1980 |  -.0489276   .0792761    -0.62   0.539    -.2066921    .1088369
Abor~27_1980 |  -.0350438   .0202596    -1.73   0.088    -.0753617    .0052741
Abo~_28_1980 |  (omitted)
Abo~_31_1980 |  (omitted)
Abor~32_1980 |   .0108098   .0212781     0.51   0.613    -.0315351    .0531546
Abor~33_1980 |   .0099737   .0204269     0.49   0.627    -.0306772    .0506245
Abor~34_1980 |   .0035139    .023452     0.15   0.881    -.0431571    .0501849
Abor~35_1980 |  -.0196131   .1256306    -0.16   0.876    -.2696259    .2303996
Abor~36_1980 |   .0504483   .0205169     2.46   0.016     .0096183    .0912783
Abor~37_1980 |   .0456895    .024115     1.89   0.062    -.0023009      .09368
Abor~38_1980 |   .0290907   .0350608     0.83   0.409    -.0406824    .0988638
Abor~39_1980 |   .0157431   .0197187     0.80   0.427    -.0234982    .0549845
Abor~40_1980 |  -.0270074   .0225516    -1.20   0.235    -.0718864    .0178716
Abor~41_1980 |   .0452184   .0203312     2.22   0.029     .0047581    .0856787
Abor~43_1980 |  (omitted)
Abor~47_1980 |   .0282848   .0234185     1.21   0.231    -.0183196    .0748892
Abor~61_1980 |  (omitted)
Abor~62_1980 |  (omitted)
Abor~64_1980 |   .0174036   .0237042     0.73   0.465    -.0297693    .0645765
Abor~66_1980 |  (omitted)
Abor~67_1980 |  (omitted)
Abor~73_1980 |   .0284281   .0196134     1.45   0.151    -.0106038      .06746
Abor~74_1980 |  (omitted)
Abor~75_1980 |  (omitted)
Abor~76_1980 |   .0238088    .030437     0.78   0.436    -.0367629    .0843804
Abo~101_1980 |   .0306156   .0555275     0.55   0.583    -.0798877    .1411189
Abo~102_1980 |    .060513   .0243538     2.48   0.015     .0120473    .1089787
Abor~03_1980 |   .0343544   .0199068     1.73   0.088    -.0052614    .0739703
Abor~04_1980 |  -.1090404    .154933    -0.70   0.484     -.417367    .1992861
Abor~05_1980 |  -.1149531   .0193893    -5.93   0.000     -.153539   -.0763671
Abo~111_1980 |   .0777026   .0298697     2.60   0.011       .01826    .1371452
Abo~114_1980 |   .0310229   .0211027     1.47   0.145    -.0109729    .0730186
Abo~116_1980 |    .017686   .0206837     0.86   0.395    -.0234758    .0588479
Abo~117_1980 |  -.0160226   .0209727    -0.76   0.447    -.0577597    .0257144
Abo~118_1980 |   .0565478   .0265425     2.13   0.036     .0037266    .1093689
Abo~120_1980 |   .0765859   .0509894     1.50   0.137    -.0248863     .178058
Abo~121_1980 |   .0682717   .0475784     1.43   0.155    -.0264123    .1629557
Abo~122_1980 |   .0933683   .0478586     1.95   0.055    -.0018734      .18861
Abo~125_1980 |   .0215462   .0200061     1.08   0.285    -.0182673    .0613596
Abo~128_1980 |   .1613761   .0306665     5.26   0.000     .1003478    .2224045
Abo~129_1980 |   .0977297   .0201743     4.84   0.000     .0575817    .1378778
Abo~130_1980 |  (omitted)
Abo~131_1980 |  (omitted)
Abor~00_1980 |  (omitted)
Abo~301_1980 |   .0645081   .0468367     1.38   0.172    -.0286999    .1577162
Abo~302_1980 |   .0696573   .0221463     3.15   0.002     .0255847    .1137298
Abor~07_1980 |   .0254277   .0195172     1.30   0.196    -.0134128    .0642682
Abor~09_1980 |    .056281   .0370617     1.52   0.133    -.0174741    .1300361
Abo~312_1980 |  (omitted)
Abo~313_1980 |  (omitted)
Abo~314_1980 |  (omitted)
Abo~316_1980 |  (omitted)
Abo~320_1980 |  (omitted)
Abo~321_1980 |  (omitted)
Abo~322_1980 |  (omitted)
Abo~324_1980 |   .1392424   .0317384     4.39   0.000     .0760808    .2024039
Abo~329_1980 |  (omitted)
Abo~330_1980 |    .071051   .0325796     2.18   0.032     .0062155    .1358865
       _cons |   .6317866   .0023475   269.13   0.000     .6271149    .6364582
-------------+----------------------------------------------------------------
       extra |   absorbed                                     (100 categories)

. areg peroo yesbig1980 big1980 A* if tierno<2, absorb(extra) cluster(jurcode)
note: Aborderno_1 omitted because of collinearity
note: Aborderno_2 omitted because of collinearity
note: Aborderno_3 omitted because of collinearity
note: Aborderno_4 omitted because of collinearity
note: Aborderno_5 omitted because of collinearity
note: Aborderno_8 omitted because of collinearity
note: Aborderno_9 omitted because of collinearity
note: Aborderno_10 omitted because of collinearity
note: Aborderno_11 omitted because of collinearity
note: Aborderno_12 omitted because of collinearity
note: Aborderno_13 omitted because of collinearity
note: Aborderno_14 omitted because of collinearity
note: Aborderno_15 omitted because of collinearity
note: Aborderno_16 omitted because of collinearity
note: Aborderno_17 omitted because of collinearity
note: Aborderno_18 omitted because of collinearity
note: Aborderno_19 omitted because of collinearity
note: Aborderno_20 omitted because of collinearity
note: Aborderno_22 omitted because of collinearity
note: Aborderno_24 omitted because of collinearity
note: Aborderno_25 omitted because of collinearity
note: Aborderno_26 omitted because of collinearity
note: Aborderno_27 omitted because of collinearity
note: Aborderno_28 omitted because of collinearity
note: Aborderno_31 omitted because of collinearity
note: Aborderno_32 omitted because of collinearity
note: Aborderno_33 omitted because of collinearity
note: Aborderno_34 omitted because of collinearity
note: Aborderno_35 omitted because of collinearity
note: Aborderno_36 omitted because of collinearity
note: Aborderno_37 omitted because of collinearity
note: Aborderno_38 omitted because of collinearity
note: Aborderno_39 omitted because of collinearity
note: Aborderno_40 omitted because of collinearity
note: Aborderno_41 omitted because of collinearity
note: Aborderno_43 omitted because of collinearity
note: Aborderno_47 omitted because of collinearity
note: Aborderno_61 omitted because of collinearity
note: Aborderno_62 omitted because of collinearity
note: Aborderno_64 omitted because of collinearity
note: Aborderno_66 omitted because of collinearity
note: Aborderno_67 omitted because of collinearity
note: Aborderno_73 omitted because of collinearity
note: Aborderno_74 omitted because of collinearity
note: Aborderno_75 omitted because of collinearity
note: Aborderno_76 omitted because of collinearity
note: Aborderno_101 omitted because of collinearity
note: Aborderno_102 omitted because of collinearity
note: Aborderno_103 omitted because of collinearity
note: Aborderno_104 omitted because of collinearity
note: Aborderno_105 omitted because of collinearity
note: Aborderno_111 omitted because of collinearity
note: Aborderno_114 omitted because of collinearity
note: Aborderno_116 omitted because of collinearity
note: Aborderno_117 omitted because of collinearity
note: Aborderno_118 omitted because of collinearity
note: Aborderno_120 omitted because of collinearity
note: Aborderno_121 omitted because of collinearity
note: Aborderno_122 omitted because of collinearity
note: Aborderno_125 omitted because of collinearity
note: Aborderno_128 omitted because of collinearity
note: Aborderno_129 omitted because of collinearity
note: Aborderno_130 omitted because of collinearity
note: Aborderno_131 omitted because of collinearity
note: Aborderno_300 omitted because of collinearity
note: Aborderno_301 omitted because of collinearity
note: Aborderno_302 omitted because of collinearity
note: Aborderno_307 omitted because of collinearity
note: Aborderno_309 omitted because of collinearity
note: Aborderno_312 omitted because of collinearity
note: Aborderno_313 omitted because of collinearity
note: Aborderno_314 omitted because of collinearity
note: Aborderno_316 omitted because of collinearity
note: Aborderno_320 omitted because of collinearity
note: Aborderno_321 omitted because of collinearity
note: Aborderno_322 omitted because of collinearity
note: Aborderno_324 omitted because of collinearity
note: Aborderno_329 omitted because of collinearity
note: Aborderno_330 omitted because of collinearity

Linear regression, absorbing indicators                Number of obs =    5142
                                                       F( 78, 117)   =       .
                                                       Prob > F      =
                                                       R-squared     =  0.3588
                                                       Adj R-squared =  0.3273
                                                       Root MSE      =  .25256

                              (Std. Err. adjusted for 118 clusters in jurcode)
------------------------------------------------------------------------------
             |               Robust
       peroo |      Coef.   Std. Err.      t    P>|t|     [95% Conf. Interval]
-------------+----------------------------------------------------------------
  yesbig1980 |  -.0164902   .0225484    -0.73   0.466     -.061146    .0281657
     big1980 |   .0026215   .0095809     0.27   0.785    -.0163529    .0215958
 Aborderno_1 |  (omitted)
 Aborderno_2 |  (omitted)
 Aborderno_3 |  (omitted)
 Aborderno_4 |  (omitted)
 Aborderno_5 |  (omitted)
 Aborderno_8 |  (omitted)
 Aborderno_9 |  (omitted)
Aborderno_10 |  (omitted)
Aborderno_11 |  (omitted)
Aborderno_12 |  (omitted)
Aborderno_13 |  (omitted)
Aborderno_14 |  (omitted)
Aborderno_15 |  (omitted)
Aborderno_16 |  (omitted)
Aborderno_17 |  (omitted)
Aborderno_18 |  (omitted)
Aborderno_19 |  (omitted)
Aborderno_20 |  (omitted)
Aborderno_22 |  (omitted)
Aborderno_24 |  (omitted)
Aborderno_25 |  (omitted)
Aborderno_26 |  (omitted)
Aborderno_27 |  (omitted)
Aborderno_28 |  (omitted)
Aborderno_31 |  (omitted)
Aborderno_32 |  (omitted)
Aborderno_33 |  (omitted)
Aborderno_34 |  (omitted)
Aborderno_35 |  (omitted)
Aborderno_36 |  (omitted)
Aborderno_37 |  (omitted)
Aborderno_38 |  (omitted)
Aborderno_39 |  (omitted)
Aborderno_40 |  (omitted)
Aborderno_41 |  (omitted)
Aborderno_43 |  (omitted)
Aborderno_47 |  (omitted)
Aborderno_61 |  (omitted)
Aborderno_62 |  (omitted)
Aborderno_64 |  (omitted)
Aborderno_66 |  (omitted)
Aborderno_67 |  (omitted)
Aborderno_73 |  (omitted)
Aborderno_74 |  (omitted)
Aborderno_75 |  (omitted)
Aborderno_76 |  (omitted)
Abordern~101 |  (omitted)
Abordern~102 |  (omitted)
Abordern~103 |  (omitted)
Abordern~104 |  (omitted)
Abordern~105 |  (omitted)
Abordern~111 |  (omitted)
Abordern~114 |  (omitted)
Abordern~116 |  (omitted)
Abordern~117 |  (omitted)
Abordern~118 |  (omitted)
Abordern~120 |  (omitted)
Abordern~121 |  (omitted)
Abordern~122 |  (omitted)
Abordern~125 |  (omitted)
Abordern~128 |  (omitted)
Abordern~129 |  (omitted)
Abordern~130 |  (omitted)
Abordern~131 |  (omitted)
Abordern~300 |  (omitted)
Abordern~301 |  (omitted)
Abordern~302 |  (omitted)
Abordern~307 |  (omitted)
Abordern~309 |  (omitted)
Abordern~312 |  (omitted)
Abordern~313 |  (omitted)
Abordern~314 |  (omitted)
Abordern~316 |  (omitted)
Abordern~320 |  (omitted)
Abordern~321 |  (omitted)
Abordern~322 |  (omitted)
Abordern~324 |  (omitted)
Abordern~329 |  (omitted)
Abordern~330 |  (omitted)
  Ayear_1980 |  -.0307146   .0211644    -1.45   0.149    -.0726296    .0112004
Abor~_1_1980 |   .3234755   .0206403    15.67   0.000     .2825985    .3643525
Abor~_2_1980 |   .0183605   .0255409     0.72   0.474    -.0322219     .068943
Abor~_3_1980 |   .1741326   .0564326     3.09   0.003     .0623708    .2858944
Abor~_4_1980 |   .1022923   .0277589     3.69   0.000     .0473173    .1572674
AborXyea_5~0 |    .174389   .0440622     3.96   0.000     .0871261    .2616519
AborXyea_8~0 |   .0214928   .0412706     0.52   0.604    -.0602415     .103227
AborXyea_9~0 |   .0255229   .0376525     0.68   0.499    -.0490458    .1000916
Abor~10_1980 |   .0291303   .0369563     0.79   0.432    -.0440597    .1023203
Abo~_11_1980 |  -.0573849   .0689119    -0.83   0.407    -.1938614    .0790916
Abo~_12_1980 |   .0223863   .0378709     0.59   0.556    -.0526151    .0973877
Abo~_13_1980 |   .0597617   .0897685     0.67   0.507    -.1180201    .2375435
Abo~_14_1980 |   .4137113    .095509     4.33   0.000     .2245607    .6028619
Abor~15_1980 |   .0458016   .0233321     1.96   0.052    -.0004064    .0920096
Abo~_16_1980 |   .0135191   .0272103     0.50   0.620    -.0403694    .0674077
Abo~_17_1980 |  -.0577278   .0249513    -2.31   0.022    -.1071425    -.008313
Abo~_18_1980 |  -.0754805   .0504175    -1.50   0.137    -.1753298    .0243687
Abor~19_1980 |    .052321   .0209971     2.49   0.014     .0107373    .0939047
Abo~_20_1980 |   .0563978   .0197442     2.86   0.005     .0172955    .0955002
Abo~_22_1980 |   .0810877    .020381     3.98   0.000     .0407242    .1214511
Abo~_24_1980 |  -.0330735   .1131218    -0.29   0.771    -.2571053    .1909583
Abo~_25_1980 |   .2607475   .2827542     0.92   0.358    -.2992323    .8207274
Abor~26_1980 |  -.0489276   .0791995    -0.62   0.538     -.205778    .1079229
Abor~27_1980 |  -.0350438     .02024    -1.73   0.086    -.0751282    .0050405
Abo~_28_1980 |   .0974346   .0455733     2.14   0.035     .0071791    .1876901
Abo~_31_1980 |   .1052804   .0308347     3.41   0.001      .044214    .1663469
Abor~32_1980 |   .0108098   .0212576     0.51   0.612    -.0312897    .0529093
Abor~33_1980 |   .0099737   .0204072     0.49   0.626    -.0304416     .050389
Abor~34_1980 |   .0035139   .0234294     0.15   0.881    -.0428867    .0499145
Abor~35_1980 |  -.0196131   .1255091    -0.16   0.876    -.2681774    .2289511
Abor~36_1980 |   .0504483   .0204971     2.46   0.015     .0098548    .0910417
Abor~37_1980 |   .0456895   .0240917     1.90   0.060    -.0020229     .093402
Abor~38_1980 |   .0290907   .0350269     0.83   0.408    -.0402782    .0984596
Abor~39_1980 |   .0157431   .0196996     0.80   0.426    -.0232709    .0547572
Abor~40_1980 |  -.0270074   .0225298    -1.20   0.233    -.0716264    .0176116
Abor~41_1980 |   .0452184   .0203115     2.23   0.028     .0049925    .0854443
Abor~43_1980 |  -.0512361   .1087877    -0.47   0.639    -.2666844    .1642122
Abor~47_1980 |   .0282848   .0233959     1.21   0.229    -.0180496    .0746192
Abor~61_1980 |   .0530348   .0299302     1.77   0.079    -.0062403      .11231
Abor~62_1980 |   .0967206   .0401992     2.41   0.018     .0171083    .1763329
Abor~64_1980 |   .0174036   .0236813     0.73   0.464     -.029496    .0643032
Abor~66_1980 |   .0623791   .0229475     2.72   0.008     .0169329    .1078254
Abor~67_1980 |   .0809757   .0669287     1.21   0.229    -.0515732    .2135245
Abor~73_1980 |   .0284281   .0195944     1.45   0.150    -.0103777    .0672338
Abor~74_1980 |  -.1281255    .080497    -1.59   0.114    -.2875455    .0312945
Abor~75_1980 |   .0821002   .0306957     2.67   0.009     .0213089    .1428914
Abor~76_1980 |   .0238088   .0304076     0.78   0.435    -.0364119    .0840295
Abo~101_1980 |   .0306156   .0554739     0.55   0.582    -.0792475    .1404787
Abo~102_1980 |    .060513   .0243303     2.49   0.014     .0123281    .1086979
Abor~03_1980 |   .0343544   .0198876     1.73   0.087    -.0050319    .0737408
Abor~04_1980 |  -.1090404   .1547833    -0.70   0.483    -.4155806    .1974998
Abor~05_1980 |  -.1149531   .0193706    -5.93   0.000    -.1533155   -.0765907
Abo~111_1980 |   .0777026   .0298408     2.60   0.010     .0186044    .1368008
Abo~114_1980 |   .0310229   .0210823     1.47   0.144    -.0107296    .0727753
Abo~116_1980 |    .017686   .0206637     0.86   0.394    -.0232374    .0586094
Abo~117_1980 |  -.0160226   .0209525    -0.76   0.446    -.0575179    .0254726
Abo~118_1980 |   .0565478   .0265168     2.13   0.035     .0040326    .1090629
Abo~120_1980 |   .0765859   .0509401     1.50   0.135    -.0242983    .1774701
Abo~121_1980 |   .0682717   .0475324     1.44   0.154    -.0258637    .1624071
Abo~122_1980 |   .0933683   .0478124     1.95   0.053    -.0013216    .1880582
Abo~125_1980 |   .0215462   .0199868     1.08   0.283    -.0180366    .0611289
Abo~128_1980 |   .1613761   .0306369     5.27   0.000     .1007014    .2220509
Abo~129_1980 |   .0977297   .0201548     4.85   0.000     .0578143    .1376452
Abo~130_1980 |  -.0328443   .0275945    -1.19   0.236    -.0874938    .0218052
Abo~131_1980 |   .0614401   .0226442     2.71   0.008     .0165943    .1062858
Abor~00_1980 |  -.0366167   .0323541    -1.13   0.260    -.1006924     .027459
Abo~301_1980 |   .0645081   .0467915     1.38   0.171    -.0281599    .1571761
Abo~302_1980 |   .0696573   .0221249     3.15   0.002       .02584    .1134745
Abor~07_1980 |   .0254277   .0194984     1.30   0.195    -.0131877    .0640432
Abor~09_1980 |    .056281   .0370259     1.52   0.131    -.0170468    .1296088
Abo~312_1980 |   .1124139   .0253306     4.44   0.000      .062248    .1625798
Abo~313_1980 |   .0177415   .0211644     0.84   0.404    -.0241736    .0596565
Abo~314_1980 |  -.0386964   .0489901    -0.79   0.431    -.1357188     .058326
Abo~316_1980 |    .030244   .0241859     1.25   0.214    -.0176549    .0781428
Abo~320_1980 |  -.2576188   .0635971    -4.05   0.000    -.3835695   -.1316681
Abo~321_1980 |   .0460693   .0287127     1.60   0.111    -.0107946    .1029332
Abo~322_1980 |    .050999   .0249133     2.05   0.043     .0016594    .1003386
Abo~324_1980 |   .1392424   .0317078     4.39   0.000     .0764468    .2020379
Abo~329_1980 |  -.0847303   .0228049    -3.72   0.000    -.1298941   -.0395665
Abo~330_1980 |    .071051   .0325481     2.18   0.031     .0065911    .1355108
       _cons |   .6305876   .0021054   299.51   0.000     .6264179    .6347572
-------------+----------------------------------------------------------------
       extra |   absorbed                                     (160 categories)

. /* Number of units*/
. areg lnct3_tot big1980 Cyear_1980 A* if tierno<2 & yesorder_m==1, absorb(extra) cluster(jurcode)
note: Aborderno_1 omitted because of collinearity
note: Aborderno_2 omitted because of collinearity
note: Aborderno_3 omitted because of collinearity
note: Aborderno_4 omitted because of collinearity
note: Aborderno_5 omitted because of collinearity
note: Aborderno_8 omitted because of collinearity
note: Aborderno_9 omitted because of collinearity
note: Aborderno_10 omitted because of collinearity
note: Aborderno_11 omitted because of collinearity
note: Aborderno_12 omitted because of collinearity
note: Aborderno_13 omitted because of collinearity
note: Aborderno_14 omitted because of collinearity
note: Aborderno_15 omitted because of collinearity
note: Aborderno_16 omitted because of collinearity
note: Aborderno_17 omitted because of collinearity
note: Aborderno_18 omitted because of collinearity
note: Aborderno_19 omitted because of collinearity
note: Aborderno_20 omitted because of collinearity
note: Aborderno_22 omitted because of collinearity
note: Aborderno_24 omitted because of collinearity
note: Aborderno_25 omitted because of collinearity
note: Aborderno_26 omitted because of collinearity
note: Aborderno_27 omitted because of collinearity
note: Aborderno_28 omitted because of collinearity
note: Aborderno_31 omitted because of collinearity
note: Aborderno_32 omitted because of collinearity
note: Aborderno_33 omitted because of collinearity
note: Aborderno_34 omitted because of collinearity
note: Aborderno_35 omitted because of collinearity
note: Aborderno_36 omitted because of collinearity
note: Aborderno_37 omitted because of collinearity
note: Aborderno_38 omitted because of collinearity
note: Aborderno_39 omitted because of collinearity
note: Aborderno_40 omitted because of collinearity
note: Aborderno_41 omitted because of collinearity
note: Aborderno_43 omitted because of collinearity
note: Aborderno_47 omitted because of collinearity
note: Aborderno_61 omitted because of collinearity
note: Aborderno_62 omitted because of collinearity
note: Aborderno_64 omitted because of collinearity
note: Aborderno_66 omitted because of collinearity
note: Aborderno_67 omitted because of collinearity
note: Aborderno_73 omitted because of collinearity
note: Aborderno_74 omitted because of collinearity
note: Aborderno_75 omitted because of collinearity
note: Aborderno_76 omitted because of collinearity
note: Aborderno_101 omitted because of collinearity
note: Aborderno_102 omitted because of collinearity
note: Aborderno_103 omitted because of collinearity
note: Aborderno_104 omitted because of collinearity
note: Aborderno_105 omitted because of collinearity
note: Aborderno_111 omitted because of collinearity
note: Aborderno_114 omitted because of collinearity
note: Aborderno_116 omitted because of collinearity
note: Aborderno_117 omitted because of collinearity
note: Aborderno_118 omitted because of collinearity
note: Aborderno_120 omitted because of collinearity
note: Aborderno_121 omitted because of collinearity
note: Aborderno_122 omitted because of collinearity
note: Aborderno_125 omitted because of collinearity
note: Aborderno_128 omitted because of collinearity
note: Aborderno_129 omitted because of collinearity
note: Aborderno_130 omitted because of collinearity
note: Aborderno_131 omitted because of collinearity
note: Aborderno_300 omitted because of collinearity
note: Aborderno_301 omitted because of collinearity
note: Aborderno_302 omitted because of collinearity
note: Aborderno_307 omitted because of collinearity
note: Aborderno_309 omitted because of collinearity
note: Aborderno_312 omitted because of collinearity
note: Aborderno_313 omitted because of collinearity
note: Aborderno_314 omitted because of collinearity
note: Aborderno_316 omitted because of collinearity
note: Aborderno_320 omitted because of collinearity
note: Aborderno_321 omitted because of collinearity
note: Aborderno_322 omitted because of collinearity
note: Aborderno_324 omitted because of collinearity
note: Aborderno_329 omitted because of collinearity
note: Aborderno_330 omitted because of collinearity
note: Ayear_1980 omitted because of collinearity
note: AborXyea_1_1980 omitted because of collinearity
note: AborXyea_2_1980 omitted because of collinearity
note: AborXyea_4_1980 omitted because of collinearity
note: AborXyea_8_1980 omitted because of collinearity
note: AborXyea_13_1980 omitted because of collinearity
note: AborXyea_14_1980 omitted because of collinearity
note: AborXyea_17_1980 omitted because of collinearity
note: AborXyea_18_1980 omitted because of collinearity
note: AborXyea_19_1980 omitted because of collinearity
note: AborXyea_20_1980 omitted because of collinearity
note: AborXyea_22_1980 omitted because of collinearity
note: AborXyea_24_1980 omitted because of collinearity
note: AborXyea_25_1980 omitted because of collinearity
note: AborXyea_26_1980 omitted because of collinearity
note: AborXyea_27_1980 omitted because of collinearity
note: AborXyea_32_1980 omitted because of collinearity
note: AborXyea_33_1980 omitted because of collinearity
note: AborXyea_34_1980 omitted because of collinearity
note: AborXyea_35_1980 omitted because of collinearity
note: AborXyea_36_1980 omitted because of collinearity
note: AborXyea_37_1980 omitted because of collinearity
note: AborXyea_38_1980 omitted because of collinearity
note: AborXyea_39_1980 omitted because of collinearity
note: AborXyea_40_1980 omitted because of collinearity
note: AborXyea_41_1980 omitted because of collinearity
note: AborXyea_47_1980 omitted because of collinearity
note: AborXyea_64_1980 omitted because of collinearity
note: AborXyea_67_1980 omitted because of collinearity
note: AborXyea_73_1980 omitted because of collinearity
note: AborXyea_76_1980 omitted because of collinearity
note: AborXyea_101_1980 omitted because of collinearity
note: AborXyea_102_1980 omitted because of collinearity
note: AborXyea_103_1980 omitted because of collinearity
note: AborXyea_104_1980 omitted because of collinearity
note: AborXyea_105_1980 omitted because of collinearity
note: AborXyea_111_1980 omitted because of collinearity
note: AborXyea_114_1980 omitted because of collinearity
note: AborXyea_116_1980 omitted because of collinearity
note: AborXyea_117_1980 omitted because of collinearity
note: AborXyea_118_1980 omitted because of collinearity
note: AborXyea_120_1980 omitted because of collinearity
note: AborXyea_121_1980 omitted because of collinearity
note: AborXyea_122_1980 omitted because of collinearity
note: AborXyea_125_1980 omitted because of collinearity
note: AborXyea_128_1980 omitted because of collinearity
note: AborXyea_129_1980 omitted because of collinearity
note: AborXyea_301_1980 omitted because of collinearity
note: AborXyea_302_1980 omitted because of collinearity
note: AborXyea_307_1980 omitted because of collinearity
note: AborXyea_309_1980 omitted because of collinearity
note: AborXyea_313_1980 omitted because of collinearity
note: AborXyea_324_1980 omitted because of collinearity
note: AborXyea_330_1980 omitted because of collinearity

Linear regression, absorbing indicators                Number of obs =    1744
                                                       F( 27, 42)    =       .
                                                       Prob > F      =
                                                       R-squared     =  0.2145
                                                       Adj R-squared =  0.1732
                                                       Root MSE      =  .81405

                               (Std. Err. adjusted for 43 clusters in jurcode)
------------------------------------------------------------------------------
             |               Robust
   lnct3_tot |      Coef.   Std. Err.      t    P>|t|     [95% Conf. Interval]
-------------+----------------------------------------------------------------
     big1980 |    .046741   .0561072     0.83   0.410     -.066488    .1599699
  Cyear_1980 |  -2.61e-14   9.43e-08    -0.00   1.000    -1.90e-07    1.90e-07
 Aborderno_1 |  (omitted)
 Aborderno_2 |  (omitted)
 Aborderno_3 |  (omitted)
 Aborderno_4 |  (omitted)
 Aborderno_5 |  (omitted)
 Aborderno_8 |  (omitted)
 Aborderno_9 |  (omitted)
Aborderno_10 |  (omitted)
Aborderno_11 |  (omitted)
Aborderno_12 |  (omitted)
Aborderno_13 |  (omitted)
Aborderno_14 |  (omitted)
Aborderno_15 |  (omitted)
Aborderno_16 |  (omitted)
Aborderno_17 |  (omitted)
Aborderno_18 |  (omitted)
Aborderno_19 |  (omitted)
Aborderno_20 |  (omitted)
Aborderno_22 |  (omitted)
Aborderno_24 |  (omitted)
Aborderno_25 |  (omitted)
Aborderno_26 |  (omitted)
Aborderno_27 |  (omitted)
Aborderno_28 |  (omitted)
Aborderno_31 |  (omitted)
Aborderno_32 |  (omitted)
Aborderno_33 |  (omitted)
Aborderno_34 |  (omitted)
Aborderno_35 |  (omitted)
Aborderno_36 |  (omitted)
Aborderno_37 |  (omitted)
Aborderno_38 |  (omitted)
Aborderno_39 |  (omitted)
Aborderno_40 |  (omitted)
Aborderno_41 |  (omitted)
Aborderno_43 |  (omitted)
Aborderno_47 |  (omitted)
Aborderno_61 |  (omitted)
Aborderno_62 |  (omitted)
Aborderno_64 |  (omitted)
Aborderno_66 |  (omitted)
Aborderno_67 |  (omitted)
Aborderno_73 |  (omitted)
Aborderno_74 |  (omitted)
Aborderno_75 |  (omitted)
Aborderno_76 |  (omitted)
Abordern~101 |  (omitted)
Abordern~102 |  (omitted)
Abordern~103 |  (omitted)
Abordern~104 |  (omitted)
Abordern~105 |  (omitted)
Abordern~111 |  (omitted)
Abordern~114 |  (omitted)
Abordern~116 |  (omitted)
Abordern~117 |  (omitted)
Abordern~118 |  (omitted)
Abordern~120 |  (omitted)
Abordern~121 |  (omitted)
Abordern~122 |  (omitted)
Abordern~125 |  (omitted)
Abordern~128 |  (omitted)
Abordern~129 |  (omitted)
Abordern~130 |  (omitted)
Abordern~131 |  (omitted)
Abordern~300 |  (omitted)
Abordern~301 |  (omitted)
Abordern~302 |  (omitted)
Abordern~307 |  (omitted)
Abordern~309 |  (omitted)
Abordern~312 |  (omitted)
Abordern~313 |  (omitted)
Abordern~314 |  (omitted)
Abordern~316 |  (omitted)
Abordern~320 |  (omitted)
Abordern~321 |  (omitted)
Abordern~322 |  (omitted)
Abordern~324 |  (omitted)
Abordern~329 |  (omitted)
Abordern~330 |  (omitted)
  Ayear_1980 |  (omitted)
Abor~_1_1980 |  (omitted)
Abor~_2_1980 |  (omitted)
Abor~_3_1980 |   -.063767   .1355403    -0.47   0.640    -.3372984    .2097644
Abor~_4_1980 |  (omitted)
AborXyea_5~0 |   -.212522   .1175229    -1.81   0.078    -.4496928    .0246488
AborXyea_8~0 |  (omitted)
AborXyea_9~0 |   .0203735   .0292146     0.70   0.489    -.0385839    .0793308
Abor~10_1980 |  -.0471778   .0441432    -1.07   0.291    -.1362624    .0419067
Abo~_11_1980 |     .52261   .0725438     7.20   0.000     .3762108    .6690093
Abo~_12_1980 |   .0510034   .0341579     1.49   0.143      -.01793    .1199367
Abo~_13_1980 |  (omitted)
Abo~_14_1980 |  (omitted)
Abor~15_1980 |   .0179462   .0721764     0.25   0.805    -.1277117     .163604
Abo~_16_1980 |   .0959288   .0483702     1.98   0.054    -.0016861    .1935438
Abo~_17_1980 |  (omitted)
Abo~_18_1980 |  (omitted)
Abor~19_1980 |  (omitted)
Abo~_20_1980 |  (omitted)
Abo~_22_1980 |  (omitted)
Abo~_24_1980 |  (omitted)
Abo~_25_1980 |  (omitted)
Abor~26_1980 |  (omitted)
Abor~27_1980 |  (omitted)
Abo~_28_1980 |  -.1810288   .0415374    -4.36   0.000    -.2648547   -.0972029
Abo~_31_1980 |  -.6232463   .0561072   -11.11   0.000    -.7364752   -.5100173
Abor~32_1980 |  (omitted)
Abor~33_1980 |  (omitted)
Abor~34_1980 |  (omitted)
Abor~35_1980 |  (omitted)
Abor~36_1980 |  (omitted)
Abor~37_1980 |  (omitted)
Abor~38_1980 |  (omitted)
Abor~39_1980 |  (omitted)
Abor~40_1980 |  (omitted)
Abor~41_1980 |  (omitted)
Abor~43_1980 |   .1250569    .034214     3.66   0.001     .0560102    .1941036
Abor~47_1980 |  (omitted)
Abor~61_1980 |  -.2005239   .1732255    -1.16   0.254    -.5501072    .1490594
Abor~62_1980 |  -.1378416   .0330175    -4.17   0.000    -.2044737   -.0712095
Abor~64_1980 |  (omitted)
Abor~66_1980 |  -.0852758   .0371546    -2.30   0.027    -.1602569   -.0102948
Abor~67_1980 |  (omitted)
Abor~73_1980 |  (omitted)
Abor~74_1980 |   .3082857   .1090929     2.83   0.007     .0881274    .5284441
Abor~75_1980 |   .0107946   .1730352     0.06   0.951    -.3384046    .3599938
Abor~76_1980 |  (omitted)
Abo~101_1980 |  (omitted)
Abo~102_1980 |  (omitted)
Abor~03_1980 |  (omitted)
Abor~04_1980 |  (omitted)
Abor~05_1980 |  (omitted)
Abo~111_1980 |  (omitted)
Abo~114_1980 |  (omitted)
Abo~116_1980 |  (omitted)
Abo~117_1980 |  (omitted)
Abo~118_1980 |  (omitted)
Abo~120_1980 |  (omitted)
Abo~121_1980 |  (omitted)
Abo~122_1980 |  (omitted)
Abo~125_1980 |  (omitted)
Abo~128_1980 |  (omitted)
Abo~129_1980 |  (omitted)
Abo~130_1980 |   .1106057   .0531243     2.08   0.043     .0033965    .2178149
Abo~131_1980 |  -.0635335   .1575607    -0.40   0.689    -.3815039    .2544369
Abor~00_1980 |     .54052   .0663022     8.15   0.000     .4067168    .6743232
Abo~301_1980 |  (omitted)
Abo~302_1980 |  (omitted)
Abor~07_1980 |  (omitted)
Abor~09_1980 |  (omitted)
Abo~312_1980 |  -.0489625   .1246603    -0.39   0.696    -.3005372    .2026123
Abo~313_1980 |  (omitted)
Abo~314_1980 |   .3984805    .299059     1.33   0.190     -.205045    1.002006
Abo~316_1980 |   .0921679   .0504877     1.83   0.075    -.0097204    .1940562
Abo~320_1980 |   .6219152   .1505478     4.13   0.000     .3180974     .925733
Abo~321_1980 |   .0165142   .0572372     0.29   0.774    -.0989952    .1320236
Abo~322_1980 |   .1554137   .1188194     1.31   0.198    -.0843735    .3952009
Abo~324_1980 |  (omitted)
Abo~329_1980 |   .1158832   .1990154     0.58   0.563    -.2857462    .5175126
Abo~330_1980 |  (omitted)
       _cons |   3.382815   .0114062   296.58   0.000     3.359796    3.405833
-------------+----------------------------------------------------------------
       extra |   absorbed                                      (60 categories)

. areg lnct3_tot big1980 Cyear_1980 A* if tierno<2 & yesorder_m==0, absorb(extra) cluster(jurcode)
note: Aborderno_1 omitted because of collinearity
note: Aborderno_2 omitted because of collinearity
note: Aborderno_3 omitted because of collinearity
note: Aborderno_4 omitted because of collinearity
note: Aborderno_5 omitted because of collinearity
note: Aborderno_8 omitted because of collinearity
note: Aborderno_9 omitted because of collinearity
note: Aborderno_10 omitted because of collinearity
note: Aborderno_11 omitted because of collinearity
note: Aborderno_12 omitted because of collinearity
note: Aborderno_13 omitted because of collinearity
note: Aborderno_14 omitted because of collinearity
note: Aborderno_15 omitted because of collinearity
note: Aborderno_16 omitted because of collinearity
note: Aborderno_17 omitted because of collinearity
note: Aborderno_18 omitted because of collinearity
note: Aborderno_19 omitted because of collinearity
note: Aborderno_20 omitted because of collinearity
note: Aborderno_22 omitted because of collinearity
note: Aborderno_24 omitted because of collinearity
note: Aborderno_25 omitted because of collinearity
note: Aborderno_26 omitted because of collinearity
note: Aborderno_27 omitted because of collinearity
note: Aborderno_28 omitted because of collinearity
note: Aborderno_31 omitted because of collinearity
note: Aborderno_32 omitted because of collinearity
note: Aborderno_33 omitted because of collinearity
note: Aborderno_34 omitted because of collinearity
note: Aborderno_35 omitted because of collinearity
note: Aborderno_36 omitted because of collinearity
note: Aborderno_37 omitted because of collinearity
note: Aborderno_38 omitted because of collinearity
note: Aborderno_39 omitted because of collinearity
note: Aborderno_40 omitted because of collinearity
note: Aborderno_41 omitted because of collinearity
note: Aborderno_43 omitted because of collinearity
note: Aborderno_47 omitted because of collinearity
note: Aborderno_61 omitted because of collinearity
note: Aborderno_62 omitted because of collinearity
note: Aborderno_64 omitted because of collinearity
note: Aborderno_66 omitted because of collinearity
note: Aborderno_67 omitted because of collinearity
note: Aborderno_73 omitted because of collinearity
note: Aborderno_74 omitted because of collinearity
note: Aborderno_75 omitted because of collinearity
note: Aborderno_76 omitted because of collinearity
note: Aborderno_101 omitted because of collinearity
note: Aborderno_102 omitted because of collinearity
note: Aborderno_103 omitted because of collinearity
note: Aborderno_104 omitted because of collinearity
note: Aborderno_105 omitted because of collinearity
note: Aborderno_111 omitted because of collinearity
note: Aborderno_114 omitted because of collinearity
note: Aborderno_116 omitted because of collinearity
note: Aborderno_117 omitted because of collinearity
note: Aborderno_118 omitted because of collinearity
note: Aborderno_120 omitted because of collinearity
note: Aborderno_121 omitted because of collinearity
note: Aborderno_122 omitted because of collinearity
note: Aborderno_125 omitted because of collinearity
note: Aborderno_128 omitted because of collinearity
note: Aborderno_129 omitted because of collinearity
note: Aborderno_130 omitted because of collinearity
note: Aborderno_131 omitted because of collinearity
note: Aborderno_300 omitted because of collinearity
note: Aborderno_301 omitted because of collinearity
note: Aborderno_302 omitted because of collinearity
note: Aborderno_307 omitted because of collinearity
note: Aborderno_309 omitted because of collinearity
note: Aborderno_312 omitted because of collinearity
note: Aborderno_313 omitted because of collinearity
note: Aborderno_314 omitted because of collinearity
note: Aborderno_316 omitted because of collinearity
note: Aborderno_320 omitted because of collinearity
note: Aborderno_321 omitted because of collinearity
note: Aborderno_322 omitted because of collinearity
note: Aborderno_324 omitted because of collinearity
note: Aborderno_329 omitted because of collinearity
note: Aborderno_330 omitted because of collinearity
note: Ayear_1980 omitted because of collinearity
note: AborXyea_3_1980 omitted because of collinearity
note: AborXyea_5_1980 omitted because of collinearity
note: AborXyea_9_1980 omitted because of collinearity
note: AborXyea_10_1980 omitted because of collinearity
note: AborXyea_11_1980 omitted because of collinearity
note: AborXyea_12_1980 omitted because of collinearity
note: AborXyea_15_1980 omitted because of collinearity
note: AborXyea_16_1980 omitted because of collinearity
note: AborXyea_24_1980 omitted because of collinearity
note: AborXyea_25_1980 omitted because of collinearity
note: AborXyea_28_1980 omitted because of collinearity
note: AborXyea_31_1980 omitted because of collinearity
note: AborXyea_43_1980 omitted because of collinearity
note: AborXyea_61_1980 omitted because of collinearity
note: AborXyea_62_1980 omitted because of collinearity
note: AborXyea_66_1980 omitted because of collinearity
note: AborXyea_67_1980 omitted because of collinearity
note: AborXyea_74_1980 omitted because of collinearity
note: AborXyea_75_1980 omitted because of collinearity
note: AborXyea_130_1980 omitted because of collinearity
note: AborXyea_131_1980 omitted because of collinearity
note: AborXyea_300_1980 omitted because of collinearity
note: AborXyea_312_1980 omitted because of collinearity
note: AborXyea_313_1980 omitted because of collinearity
note: AborXyea_314_1980 omitted because of collinearity
note: AborXyea_316_1980 omitted because of collinearity
note: AborXyea_320_1980 omitted because of collinearity
note: AborXyea_321_1980 omitted because of collinearity
note: AborXyea_322_1980 omitted because of collinearity
note: AborXyea_329_1980 omitted because of collinearity

Linear regression, absorbing indicators                Number of obs =    3328
                                                       F( 49, 80)    =       .
                                                       Prob > F      =
                                                       R-squared     =  0.2045
                                                       Adj R-squared =  0.1669
                                                       Root MSE      =  .77358

                               (Std. Err. adjusted for 81 clusters in jurcode)
------------------------------------------------------------------------------
             |               Robust
   lnct3_tot |      Coef.   Std. Err.      t    P>|t|     [95% Conf. Interval]
-------------+----------------------------------------------------------------
     big1980 |  -.0067725   .0304849    -0.22   0.825    -.0674394    .0538944
  Cyear_1980 |   .0210128   .0201672     1.04   0.301    -.0191213    .0611469
 Aborderno_1 |  (omitted)
 Aborderno_2 |  (omitted)
 Aborderno_3 |  (omitted)
 Aborderno_4 |  (omitted)
 Aborderno_5 |  (omitted)
 Aborderno_8 |  (omitted)
 Aborderno_9 |  (omitted)
Aborderno_10 |  (omitted)
Aborderno_11 |  (omitted)
Aborderno_12 |  (omitted)
Aborderno_13 |  (omitted)
Aborderno_14 |  (omitted)
Aborderno_15 |  (omitted)
Aborderno_16 |  (omitted)
Aborderno_17 |  (omitted)
Aborderno_18 |  (omitted)
Aborderno_19 |  (omitted)
Aborderno_20 |  (omitted)
Aborderno_22 |  (omitted)
Aborderno_24 |  (omitted)
Aborderno_25 |  (omitted)
Aborderno_26 |  (omitted)
Aborderno_27 |  (omitted)
Aborderno_28 |  (omitted)
Aborderno_31 |  (omitted)
Aborderno_32 |  (omitted)
Aborderno_33 |  (omitted)
Aborderno_34 |  (omitted)
Aborderno_35 |  (omitted)
Aborderno_36 |  (omitted)
Aborderno_37 |  (omitted)
Aborderno_38 |  (omitted)
Aborderno_39 |  (omitted)
Aborderno_40 |  (omitted)
Aborderno_41 |  (omitted)
Aborderno_43 |  (omitted)
Aborderno_47 |  (omitted)
Aborderno_61 |  (omitted)
Aborderno_62 |  (omitted)
Aborderno_64 |  (omitted)
Aborderno_66 |  (omitted)
Aborderno_67 |  (omitted)
Aborderno_73 |  (omitted)
Aborderno_74 |  (omitted)
Aborderno_75 |  (omitted)
Aborderno_76 |  (omitted)
Abordern~101 |  (omitted)
Abordern~102 |  (omitted)
Abordern~103 |  (omitted)
Abordern~104 |  (omitted)
Abordern~105 |  (omitted)
Abordern~111 |  (omitted)
Abordern~114 |  (omitted)
Abordern~116 |  (omitted)
Abordern~117 |  (omitted)
Abordern~118 |  (omitted)
Abordern~120 |  (omitted)
Abordern~121 |  (omitted)
Abordern~122 |  (omitted)
Abordern~125 |  (omitted)
Abordern~128 |  (omitted)
Abordern~129 |  (omitted)
Abordern~130 |  (omitted)
Abordern~131 |  (omitted)
Abordern~300 |  (omitted)
Abordern~301 |  (omitted)
Abordern~302 |  (omitted)
Abordern~307 |  (omitted)
Abordern~309 |  (omitted)
Abordern~312 |  (omitted)
Abordern~313 |  (omitted)
Abordern~314 |  (omitted)
Abordern~316 |  (omitted)
Abordern~320 |  (omitted)
Abordern~321 |  (omitted)
Abordern~322 |  (omitted)
Abordern~324 |  (omitted)
Abordern~329 |  (omitted)
Abordern~330 |  (omitted)
  Ayear_1980 |  (omitted)
Abor~_1_1980 |  -.2536078    .127636    -1.99   0.050    -.5076115     .000396
Abor~_2_1980 |  -.0651734   .0542015    -1.20   0.233    -.1730377    .0426909
Abor~_3_1980 |  (omitted)
Abor~_4_1980 |   .0719187   .1835009     0.39   0.696    -.2932598    .4370971
AborXyea_5~0 |  (omitted)
AborXyea_8~0 |   -.107047   .2018588    -0.53   0.597    -.5087587    .2946648
AborXyea_9~0 |  (omitted)
Abor~10_1980 |  (omitted)
Abo~_11_1980 |  (omitted)
Abo~_12_1980 |  (omitted)
Abo~_13_1980 |  -.1057541    .057646    -1.83   0.070    -.2204733    .0089651
Abo~_14_1980 |  -.1372839   .5741977    -0.24   0.812    -1.279974    1.005406
Abor~15_1980 |  (omitted)
Abo~_16_1980 |  (omitted)
Abo~_17_1980 |   .2921253   .2587378     1.13   0.262    -.2227794      .80703
Abo~_18_1980 |   .0715191   .1027784     0.70   0.489    -.1330164    .2760545
Abor~19_1980 |  -.0813134   .1606857    -0.51   0.614    -.4010881    .2384612
Abo~_20_1980 |  -.1187162   .0181521    -6.54   0.000      -.15484   -.0825923
Abo~_22_1980 |  -.2720151   .1492851    -1.82   0.072     -.569102    .0250717
Abo~_24_1980 |  (omitted)
Abo~_25_1980 |  (omitted)
Abor~26_1980 |   .1383726   .0784327     1.76   0.082    -.0177135    .2944587
Abor~27_1980 |  -.0926519    .015669    -5.91   0.000    -.1238341   -.0614697
Abo~_28_1980 |  (omitted)
Abo~_31_1980 |  (omitted)
Abor~32_1980 |   .0447188   .0338415     1.32   0.190    -.0226279    .1120654
Abor~33_1980 |   .2091002   .0137223    15.24   0.000      .181792    .2364085
Abor~34_1980 |   .0650272   .0579635     1.12   0.265    -.0503238    .1803782
Abor~35_1980 |  -.4976898   .8956156    -0.56   0.580    -2.280022    1.284642
Abor~36_1980 |  -.0044666   .0384329    -0.12   0.908    -.0809506    .0720174
Abor~37_1980 |   .0146189   .0352516     0.41   0.679    -.0555339    .0847718
Abor~38_1980 |   .1684194   .1023645     1.65   0.104    -.0352925    .3721313
Abor~39_1980 |  -.0512854   .0290378    -1.77   0.081    -.1090724    .0065016
Abor~40_1980 |   .0853276   .0106482     8.01   0.000      .064137    .1065182
Abor~41_1980 |   .0408807    .194111     0.21   0.834    -.3454124    .4271739
Abor~43_1980 |  (omitted)
Abor~47_1980 |   .2713921   .0060649    44.75   0.000     .2593225    .2834616
Abor~61_1980 |  (omitted)
Abor~62_1980 |  (omitted)
Abor~64_1980 |   .0345397   .0897623     0.38   0.701    -.1440929    .2131723
Abor~66_1980 |  (omitted)
Abor~67_1980 |  (omitted)
Abor~73_1980 |   .0361229   .0164613     2.19   0.031     .0033639     .068882
Abor~74_1980 |  (omitted)
Abor~75_1980 |  (omitted)
Abor~76_1980 |  -.6474075    .266143    -2.43   0.017    -1.177049    -.117766
Abo~101_1980 |   .0576938   .0510428     1.13   0.262    -.0438846    .1592721
Abo~102_1980 |  -.1656368   .1092216    -1.52   0.133    -.3829947    .0517211
Abor~03_1980 |   .0185697   .0082234     2.26   0.027     .0022046    .0349347
Abor~04_1980 |   .7301421   .7631653     0.96   0.342    -.7886053    2.248889
Abor~05_1980 |   .4637955   .0124946    37.12   0.000     .4389305    .4886606
Abo~111_1980 |  -.1103606   .0428525    -2.58   0.012    -.1956397   -.0250815
Abo~114_1980 |   .0581881   .0210983     2.76   0.007     .0162011    .1001751
Abo~116_1980 |   .1376982   .2349211     0.59   0.559    -.3298097    .6052061
Abo~117_1980 |   .0231314   .1019928     0.23   0.821    -.1798408    .2261037
Abo~118_1980 |   .0029409   .0783072     0.04   0.970    -.1528953    .1587771
Abo~120_1980 |  -.0527101   .0538401    -0.98   0.331    -.1598553    .0544351
Abo~121_1980 |  -.0131333   .2232301    -0.06   0.953    -.4573754    .4311089
Abo~122_1980 |   .3290129   .0331648     9.92   0.000     .2630129    .3950129
Abo~125_1980 |  -.0872453   .0768856    -1.13   0.260    -.2402525     .065762
Abo~128_1980 |  -.0151484   .0204608    -0.74   0.461    -.0558666    .0255698
Abo~129_1980 |   .0300848    .025518     1.18   0.242    -.0206977    .0808673
Abo~130_1980 |  (omitted)
Abo~131_1980 |  (omitted)
Abor~00_1980 |  (omitted)
Abo~301_1980 |   -.161043   .1962977    -0.82   0.414    -.5516878    .2296019
Abo~302_1980 |  -.0826378   .0447781    -1.85   0.069    -.1717491    .0064735
Abor~07_1980 |   .0641656   .0297579     2.16   0.034     .0049454    .1233858
Abor~09_1980 |   .0129931   .0405232     0.32   0.749    -.0676507     .093637
Abo~312_1980 |  (omitted)
Abo~313_1980 |  (omitted)
Abo~314_1980 |  (omitted)
Abo~316_1980 |  (omitted)
Abo~320_1980 |  (omitted)
Abo~321_1980 |  (omitted)
Abo~322_1980 |  (omitted)
Abo~324_1980 |   .2014378   .0711715     2.83   0.006      .059802    .3430736
Abo~329_1980 |  (omitted)
Abo~330_1980 |     .09017   .1262051     0.71   0.477    -.1609861    .3413261
       _cons |   3.424975   .0090133   379.99   0.000     3.407038    3.442912
-------------+----------------------------------------------------------------
       extra |   absorbed                                     (100 categories)

. areg lnct3_tot yesbig1980 big1980 A* if tierno<2, absorb(extra) cluster(jurcode)
note: Aborderno_1 omitted because of collinearity
note: Aborderno_2 omitted because of collinearity
note: Aborderno_3 omitted because of collinearity
note: Aborderno_4 omitted because of collinearity
note: Aborderno_5 omitted because of collinearity
note: Aborderno_8 omitted because of collinearity
note: Aborderno_9 omitted because of collinearity
note: Aborderno_10 omitted because of collinearity
note: Aborderno_11 omitted because of collinearity
note: Aborderno_12 omitted because of collinearity
note: Aborderno_13 omitted because of collinearity
note: Aborderno_14 omitted because of collinearity
note: Aborderno_15 omitted because of collinearity
note: Aborderno_16 omitted because of collinearity
note: Aborderno_17 omitted because of collinearity
note: Aborderno_18 omitted because of collinearity
note: Aborderno_19 omitted because of collinearity
note: Aborderno_20 omitted because of collinearity
note: Aborderno_22 omitted because of collinearity
note: Aborderno_24 omitted because of collinearity
note: Aborderno_25 omitted because of collinearity
note: Aborderno_26 omitted because of collinearity
note: Aborderno_27 omitted because of collinearity
note: Aborderno_28 omitted because of collinearity
note: Aborderno_31 omitted because of collinearity
note: Aborderno_32 omitted because of collinearity
note: Aborderno_33 omitted because of collinearity
note: Aborderno_34 omitted because of collinearity
note: Aborderno_35 omitted because of collinearity
note: Aborderno_36 omitted because of collinearity
note: Aborderno_37 omitted because of collinearity
note: Aborderno_38 omitted because of collinearity
note: Aborderno_39 omitted because of collinearity
note: Aborderno_40 omitted because of collinearity
note: Aborderno_41 omitted because of collinearity
note: Aborderno_43 omitted because of collinearity
note: Aborderno_47 omitted because of collinearity
note: Aborderno_61 omitted because of collinearity
note: Aborderno_62 omitted because of collinearity
note: Aborderno_64 omitted because of collinearity
note: Aborderno_66 omitted because of collinearity
note: Aborderno_67 omitted because of collinearity
note: Aborderno_73 omitted because of collinearity
note: Aborderno_74 omitted because of collinearity
note: Aborderno_75 omitted because of collinearity
note: Aborderno_76 omitted because of collinearity
note: Aborderno_101 omitted because of collinearity
note: Aborderno_102 omitted because of collinearity
note: Aborderno_103 omitted because of collinearity
note: Aborderno_104 omitted because of collinearity
note: Aborderno_105 omitted because of collinearity
note: Aborderno_111 omitted because of collinearity
note: Aborderno_114 omitted because of collinearity
note: Aborderno_116 omitted because of collinearity
note: Aborderno_117 omitted because of collinearity
note: Aborderno_118 omitted because of collinearity
note: Aborderno_120 omitted because of collinearity
note: Aborderno_121 omitted because of collinearity
note: Aborderno_122 omitted because of collinearity
note: Aborderno_125 omitted because of collinearity
note: Aborderno_128 omitted because of collinearity
note: Aborderno_129 omitted because of collinearity
note: Aborderno_130 omitted because of collinearity
note: Aborderno_131 omitted because of collinearity
note: Aborderno_300 omitted because of collinearity
note: Aborderno_301 omitted because of collinearity
note: Aborderno_302 omitted because of collinearity
note: Aborderno_307 omitted because of collinearity
note: Aborderno_309 omitted because of collinearity
note: Aborderno_312 omitted because of collinearity
note: Aborderno_313 omitted because of collinearity
note: Aborderno_314 omitted because of collinearity
note: Aborderno_316 omitted because of collinearity
note: Aborderno_320 omitted because of collinearity
note: Aborderno_321 omitted because of collinearity
note: Aborderno_322 omitted because of collinearity
note: Aborderno_324 omitted because of collinearity
note: Aborderno_329 omitted because of collinearity
note: Aborderno_330 omitted because of collinearity
note: AborXyea_24_1980 omitted because of collinearity
note: AborXyea_25_1980 omitted because of collinearity
note: AborXyea_67_1980 omitted because of collinearity

Linear regression, absorbing indicators                Number of obs =    5072
                                                       F( 74, 117)   =       .
                                                       Prob > F      =
                                                       R-squared     =  0.2084
                                                       Adj R-squared =  0.1694
                                                       Root MSE      =  .78752

                              (Std. Err. adjusted for 118 clusters in jurcode)
------------------------------------------------------------------------------
             |               Robust
   lnct3_tot |      Coef.   Std. Err.      t    P>|t|     [95% Conf. Interval]
-------------+----------------------------------------------------------------
  yesbig1980 |   .0535135   .0644088     0.83   0.408    -.0740448    .1810717
     big1980 |  -.0067725   .0304548    -0.22   0.824    -.0670866    .0535416
 Aborderno_1 |  (omitted)
 Aborderno_2 |  (omitted)
 Aborderno_3 |  (omitted)
 Aborderno_4 |  (omitted)
 Aborderno_5 |  (omitted)
 Aborderno_8 |  (omitted)
 Aborderno_9 |  (omitted)
Aborderno_10 |  (omitted)
Aborderno_11 |  (omitted)
Aborderno_12 |  (omitted)
Aborderno_13 |  (omitted)
Aborderno_14 |  (omitted)
Aborderno_15 |  (omitted)
Aborderno_16 |  (omitted)
Aborderno_17 |  (omitted)
Aborderno_18 |  (omitted)
Aborderno_19 |  (omitted)
Aborderno_20 |  (omitted)
Aborderno_22 |  (omitted)
Aborderno_24 |  (omitted)
Aborderno_25 |  (omitted)
Aborderno_26 |  (omitted)
Aborderno_27 |  (omitted)
Aborderno_28 |  (omitted)
Aborderno_31 |  (omitted)
Aborderno_32 |  (omitted)
Aborderno_33 |  (omitted)
Aborderno_34 |  (omitted)
Aborderno_35 |  (omitted)
Aborderno_36 |  (omitted)
Aborderno_37 |  (omitted)
Aborderno_38 |  (omitted)
Aborderno_39 |  (omitted)
Aborderno_40 |  (omitted)
Aborderno_41 |  (omitted)
Aborderno_43 |  (omitted)
Aborderno_47 |  (omitted)
Aborderno_61 |  (omitted)
Aborderno_62 |  (omitted)
Aborderno_64 |  (omitted)
Aborderno_66 |  (omitted)
Aborderno_67 |  (omitted)
Aborderno_73 |  (omitted)
Aborderno_74 |  (omitted)
Aborderno_75 |  (omitted)
Aborderno_76 |  (omitted)
Abordern~101 |  (omitted)
Abordern~102 |  (omitted)
Abordern~103 |  (omitted)
Abordern~104 |  (omitted)
Abordern~105 |  (omitted)
Abordern~111 |  (omitted)
Abordern~114 |  (omitted)
Abordern~116 |  (omitted)
Abordern~117 |  (omitted)
Abordern~118 |  (omitted)
Abordern~120 |  (omitted)
Abordern~121 |  (omitted)
Abordern~122 |  (omitted)
Abordern~125 |  (omitted)
Abordern~128 |  (omitted)
Abordern~129 |  (omitted)
Abordern~130 |  (omitted)
Abordern~131 |  (omitted)
Abordern~300 |  (omitted)
Abordern~301 |  (omitted)
Abordern~302 |  (omitted)
Abordern~307 |  (omitted)
Abordern~309 |  (omitted)
Abordern~312 |  (omitted)
Abordern~313 |  (omitted)
Abordern~314 |  (omitted)
Abordern~316 |  (omitted)
Abordern~320 |  (omitted)
Abordern~321 |  (omitted)
Abordern~322 |  (omitted)
Abordern~324 |  (omitted)
Abordern~329 |  (omitted)
Abordern~330 |  (omitted)
  Ayear_1980 |   .0210128   .0201473     1.04   0.299    -.0188879    .0609136
Abor~_1_1980 |  -.2536078     .12751    -1.99   0.049    -.5061347   -.0010808
Abor~_2_1980 |  -.0651734    .054148    -1.20   0.231    -.1724106    .0420638
Abor~_3_1980 |  -.0847799   .1359679    -0.62   0.534    -.3540571    .1844974
Abor~_4_1980 |   .0719187   .1833198     0.39   0.696    -.2911366     .434974
AborXyea_5~0 |  -.2335349   .1183745    -1.97   0.051    -.4679694    .0008997
AborXyea_8~0 |   -.107047   .2016595    -0.53   0.597    -.5064231    .2923292
AborXyea_9~0 |  -.0006394   .0360972    -0.02   0.986    -.0721281    .0708493
Abor~10_1980 |  -.0681907    .049245    -1.38   0.169    -.1657178    .0293365
Abo~_11_1980 |   .5015972   .0750456     6.68   0.000     .3529733    .6502211
Abo~_12_1980 |   .0299906    .039372     0.76   0.448    -.0479836    .1079647
Abo~_13_1980 |  -.1057541   .0575891    -1.84   0.069    -.2198063    .0082981
Abo~_14_1980 |  -.1372839    .573631    -0.24   0.811     -1.27333    .9987623
Abor~15_1980 |  -.0030667     .07548    -0.04   0.968    -.1525508    .1464175
Abo~_16_1980 |    .074916   .0526277     1.42   0.157    -.0293105    .1791424
Abo~_17_1980 |   .2921253   .2584825     1.13   0.261    -.2197857    .8040363
Abo~_18_1980 |   .0715191   .1026769     0.70   0.487    -.1318272    .2748653
Abor~19_1980 |  -.0813134   .1605271    -0.51   0.613    -.3992289     .236602
Abo~_20_1980 |  -.1187162   .0181342    -6.55   0.000      -.15463   -.0828024
Abo~_22_1980 |  -.2720151   .1491378    -1.82   0.071    -.5673747    .0233445
Abo~_24_1980 |  (omitted)
Abo~_25_1980 |  (omitted)
Abor~26_1980 |   .1383726   .0783553     1.77   0.080     -.016806    .2935512
Abor~27_1980 |  -.0926519   .0156535    -5.92   0.000    -.1236529    -.061651
Abo~_28_1980 |  -.2020416   .0463936    -4.35   0.000    -.2939218   -.1101615
Abo~_31_1980 |  -.6442591   .0598371   -10.77   0.000    -.7627633   -.5257549
Abor~32_1980 |   .0447188   .0338081     1.32   0.189    -.0222364    .1116739
Abor~33_1980 |   .2091002   .0137088    15.25   0.000     .1819507    .2362497
Abor~34_1980 |   .0650272   .0579063     1.12   0.264    -.0496531    .1797075
Abor~35_1980 |  -.4976898   .8947317    -0.56   0.579    -2.269659    1.274279
Abor~36_1980 |  -.0044666    .038395    -0.12   0.908    -.0805059    .0715727
Abor~37_1980 |   .0146189   .0352168     0.42   0.679    -.0551261    .0843639
Abor~38_1980 |   .1684194   .1022635     1.65   0.102    -.0341081    .3709469
Abor~39_1980 |  -.0512854   .0290091    -1.77   0.080    -.1087364    .0061656
Abor~40_1980 |   .0853276   .0106377     8.02   0.000     .0642603     .106395
Abor~41_1980 |   .0408807   .1939194     0.21   0.833    -.3431665    .4249279
Abor~43_1980 |   .1040441   .0399124     2.61   0.010     .0249996    .1830885
Abor~47_1980 |   .2713921   .0060589    44.79   0.000     .2593927    .2833914
Abor~61_1980 |  -.2215367   .1729686    -1.28   0.203     -.564092    .1210186
Abor~62_1980 |  -.1588544   .0390034    -4.07   0.000    -.2360986   -.0816102
Abor~64_1980 |   .0345397   .0896737     0.39   0.701    -.1430543    .2121338
Abor~66_1980 |  -.1062887   .0422671    -2.51   0.013    -.1899964   -.0225809
Abor~67_1980 |  (omitted)
Abor~73_1980 |   .0361229   .0164451     2.20   0.030     .0035544    .0686915
Abor~74_1980 |   .2872729   .1127529     2.55   0.012     .0639717    .5105741
Abor~75_1980 |  -.0102182   .1727589    -0.06   0.953    -.3523582    .3319217
Abor~76_1980 |  -.6474075   .2658803    -2.43   0.016     -1.17397   -.1208454
Abo~101_1980 |   .0576938   .0509924     1.13   0.260     -.043294    .1586816
Abo~102_1980 |  -.1656368   .1091138    -1.52   0.132    -.3817309    .0504574
Abor~03_1980 |   .0185697   .0082152     2.26   0.026     .0022998    .0348395
Abor~04_1980 |   .7301421   .7624121     0.96   0.340    -.7797752    2.240059
Abor~05_1980 |   .4637955   .0124823    37.16   0.000      .439075    .4885161
Abo~111_1980 |  -.1103606   .0428102    -2.58   0.011    -.1951439   -.0255773
Abo~114_1980 |   .0581881   .0210775     2.76   0.007     .0164452     .099931
Abo~116_1980 |   .1376982   .2346893     0.59   0.559    -.3270916    .6024879
Abo~117_1980 |   .0231314   .1018922     0.23   0.821    -.1786607    .2249236
Abo~118_1980 |   .0029409   .0782299     0.04   0.970    -.1519893    .1578711
Abo~120_1980 |  -.0527101    .053787    -0.98   0.329    -.1592324    .0538121
Abo~121_1980 |  -.0131333   .2230098    -0.06   0.953    -.4547926     .428526
Abo~122_1980 |   .3290129    .033132     9.93   0.000     .2633967    .3946292
Abo~125_1980 |  -.0872453   .0768097    -1.14   0.258    -.2393629    .0648724
Abo~128_1980 |  -.0151484   .0204406    -0.74   0.460    -.0556299     .025333
Abo~129_1980 |   .0300848   .0254928     1.18   0.240    -.0204024     .080572
Abo~130_1980 |   .0895929    .056731     1.58   0.117      -.02276    .2019457
Abo~131_1980 |  -.0845463   .1575293    -0.54   0.592    -.3965248    .2274322
Abor~00_1980 |   .5195072   .0691011     7.52   0.000      .382656    .6563584
Abo~301_1980 |   -.161043    .196104    -0.82   0.413    -.5494166    .2273307
Abo~302_1980 |  -.0826378   .0447339    -1.85   0.067     -.171231    .0059554
Abor~07_1980 |   .0641656   .0297286     2.16   0.033     .0052897    .1230415
Abor~09_1980 |   .0129931   .0404833     0.32   0.749    -.0671818    .0931681
Abo~312_1980 |  -.0699753   .1253314    -0.56   0.578    -.3181875    .1782369
Abo~313_1980 |  -.0210128   .0201473    -1.04   0.299    -.0609136    .0188879
Abo~314_1980 |   .3774677   .2971294     1.27   0.206    -.2109815     .965917
Abo~316_1980 |   .0711551   .0542158     1.31   0.192    -.0362165    .1785267
Abo~320_1980 |   .6009024   .1495476     4.02   0.000     .3047311    .8970736
Abo~321_1980 |  -.0044986   .0595532    -0.08   0.940    -.1224407    .1134434
Abo~322_1980 |   .1344009   .1196545     1.12   0.264    -.1025686    .3713703
Abo~324_1980 |   .2014378   .0711013     2.83   0.005     .0606255    .3422501
Abo~329_1980 |   .0948704   .1981711     0.48   0.633    -.2975971    .4873379
Abo~330_1980 |     .09017   .1260805     0.72   0.476    -.1595258    .3398658
       _cons |   3.410275   .0070855   481.31   0.000     3.396243    3.424308
-------------+----------------------------------------------------------------
       extra |   absorbed                                     (160 categories)

. *areg lnct3_tot yesbig1980 big1980 A* if tierno<2, absorb(extra) cluster(jurcode)
. 
. /*Table 8: Alternative specifications*/
. /* Add %black*/
. areg lnavval yesbig1980 big1980 perblack A* if tierno<2 [aw=house_ownocc], absorb(extra) cluster(jurcode)
note: Aborderno_1 omitted because of collinearity
note: Aborderno_2 omitted because of collinearity
note: Aborderno_3 omitted because of collinearity
note: Aborderno_4 omitted because of collinearity
note: Aborderno_5 omitted because of collinearity
note: Aborderno_8 omitted because of collinearity
note: Aborderno_9 omitted because of collinearity
note: Aborderno_10 omitted because of collinearity
note: Aborderno_11 omitted because of collinearity
note: Aborderno_12 omitted because of collinearity
note: Aborderno_13 omitted because of collinearity
note: Aborderno_14 omitted because of collinearity
note: Aborderno_15 omitted because of collinearity
note: Aborderno_16 omitted because of collinearity
note: Aborderno_17 omitted because of collinearity
note: Aborderno_18 omitted because of collinearity
note: Aborderno_19 omitted because of collinearity
note: Aborderno_20 omitted because of collinearity
note: Aborderno_22 omitted because of collinearity
note: Aborderno_24 omitted because of collinearity
note: Aborderno_25 omitted because of collinearity
note: Aborderno_26 omitted because of collinearity
note: Aborderno_27 omitted because of collinearity
note: Aborderno_28 omitted because of collinearity
note: Aborderno_31 omitted because of collinearity
note: Aborderno_32 omitted because of collinearity
note: Aborderno_33 omitted because of collinearity
note: Aborderno_34 omitted because of collinearity
note: Aborderno_35 omitted because of collinearity
note: Aborderno_36 omitted because of collinearity
note: Aborderno_37 omitted because of collinearity
note: Aborderno_38 omitted because of collinearity
note: Aborderno_39 omitted because of collinearity
note: Aborderno_40 omitted because of collinearity
note: Aborderno_41 omitted because of collinearity
note: Aborderno_43 omitted because of collinearity
note: Aborderno_47 omitted because of collinearity
note: Aborderno_61 omitted because of collinearity
note: Aborderno_62 omitted because of collinearity
note: Aborderno_64 omitted because of collinearity
note: Aborderno_66 omitted because of collinearity
note: Aborderno_67 omitted because of collinearity
note: Aborderno_73 omitted because of collinearity
note: Aborderno_74 omitted because of collinearity
note: Aborderno_75 omitted because of collinearity
note: Aborderno_76 omitted because of collinearity
note: Aborderno_101 omitted because of collinearity
note: Aborderno_102 omitted because of collinearity
note: Aborderno_103 omitted because of collinearity
note: Aborderno_104 omitted because of collinearity
note: Aborderno_105 omitted because of collinearity
note: Aborderno_111 omitted because of collinearity
note: Aborderno_114 omitted because of collinearity
note: Aborderno_116 omitted because of collinearity
note: Aborderno_117 omitted because of collinearity
note: Aborderno_118 omitted because of collinearity
note: Aborderno_120 omitted because of collinearity
note: Aborderno_121 omitted because of collinearity
note: Aborderno_122 omitted because of collinearity
note: Aborderno_125 omitted because of collinearity
note: Aborderno_128 omitted because of collinearity
note: Aborderno_129 omitted because of collinearity
note: Aborderno_130 omitted because of collinearity
note: Aborderno_131 omitted because of collinearity
note: Aborderno_300 omitted because of collinearity
note: Aborderno_301 omitted because of collinearity
note: Aborderno_302 omitted because of collinearity
note: Aborderno_307 omitted because of collinearity
note: Aborderno_309 omitted because of collinearity
note: Aborderno_312 omitted because of collinearity
note: Aborderno_313 omitted because of collinearity
note: Aborderno_314 omitted because of collinearity
note: Aborderno_316 omitted because of collinearity
note: Aborderno_320 omitted because of collinearity
note: Aborderno_321 omitted because of collinearity
note: Aborderno_322 omitted because of collinearity
note: Aborderno_324 omitted because of collinearity
note: Aborderno_329 omitted because of collinearity
note: Aborderno_330 omitted because of collinearity

Linear regression, absorbing indicators                Number of obs =    4352
                                                       F( 78, 117)   =       .
                                                       Prob > F      =
                                                       R-squared     =  0.8212
                                                       Adj R-squared =  0.8106
                                                       Root MSE      =  .20306

                              (Std. Err. adjusted for 118 clusters in jurcode)
------------------------------------------------------------------------------
             |               Robust
     lnavval |      Coef.   Std. Err.      t    P>|t|     [95% Conf. Interval]
-------------+----------------------------------------------------------------
  yesbig1980 |  -.0605641   .0259566    -2.33   0.021    -.1119696   -.0091585
     big1980 |   .0028017   .0160795     0.17   0.862     -.029043    .0346464
    perblack |  -.3134392   .1115337    -2.81   0.006    -.5343259   -.0925525
 Aborderno_1 |  (omitted)
 Aborderno_2 |  (omitted)
 Aborderno_3 |  (omitted)
 Aborderno_4 |  (omitted)
 Aborderno_5 |  (omitted)
 Aborderno_8 |  (omitted)
 Aborderno_9 |  (omitted)
Aborderno_10 |  (omitted)
Aborderno_11 |  (omitted)
Aborderno_12 |  (omitted)
Aborderno_13 |  (omitted)
Aborderno_14 |  (omitted)
Aborderno_15 |  (omitted)
Aborderno_16 |  (omitted)
Aborderno_17 |  (omitted)
Aborderno_18 |  (omitted)
Aborderno_19 |  (omitted)
Aborderno_20 |  (omitted)
Aborderno_22 |  (omitted)
Aborderno_24 |  (omitted)
Aborderno_25 |  (omitted)
Aborderno_26 |  (omitted)
Aborderno_27 |  (omitted)
Aborderno_28 |  (omitted)
Aborderno_31 |  (omitted)
Aborderno_32 |  (omitted)
Aborderno_33 |  (omitted)
Aborderno_34 |  (omitted)
Aborderno_35 |  (omitted)
Aborderno_36 |  (omitted)
Aborderno_37 |  (omitted)
Aborderno_38 |  (omitted)
Aborderno_39 |  (omitted)
Aborderno_40 |  (omitted)
Aborderno_41 |  (omitted)
Aborderno_43 |  (omitted)
Aborderno_47 |  (omitted)
Aborderno_61 |  (omitted)
Aborderno_62 |  (omitted)
Aborderno_64 |  (omitted)
Aborderno_66 |  (omitted)
Aborderno_67 |  (omitted)
Aborderno_73 |  (omitted)
Aborderno_74 |  (omitted)
Aborderno_75 |  (omitted)
Aborderno_76 |  (omitted)
Abordern~101 |  (omitted)
Abordern~102 |  (omitted)
Abordern~103 |  (omitted)
Abordern~104 |  (omitted)
Abordern~105 |  (omitted)
Abordern~111 |  (omitted)
Abordern~114 |  (omitted)
Abordern~116 |  (omitted)
Abordern~117 |  (omitted)
Abordern~118 |  (omitted)
Abordern~120 |  (omitted)
Abordern~121 |  (omitted)
Abordern~122 |  (omitted)
Abordern~125 |  (omitted)
Abordern~128 |  (omitted)
Abordern~129 |  (omitted)
Abordern~130 |  (omitted)
Abordern~131 |  (omitted)
Abordern~300 |  (omitted)
Abordern~301 |  (omitted)
Abordern~302 |  (omitted)
Abordern~307 |  (omitted)
Abordern~309 |  (omitted)
Abordern~312 |  (omitted)
Abordern~313 |  (omitted)
Abordern~314 |  (omitted)
Abordern~316 |  (omitted)
Abordern~320 |  (omitted)
Abordern~321 |  (omitted)
Abordern~322 |  (omitted)
Abordern~324 |  (omitted)
Abordern~329 |  (omitted)
Abordern~330 |  (omitted)
  Ayear_1980 |   .5333664   .0194797    27.38   0.000     .4947878     .571945
Abor~_1_1980 |  -.2884263   .0253619   -11.37   0.000    -.3386542   -.2381985
Abor~_2_1980 |  -.2276036   .0540784    -4.21   0.000     -.334703   -.1205041
Abor~_3_1980 |  -.2884112   .0592099    -4.87   0.000    -.4056733    -.171149
Abor~_4_1980 |  -.5472022   .3107242    -1.76   0.081    -1.162575    .0681708
AborXyea_5~0 |  -.3121323   .0581686    -5.37   0.000    -.4273322   -.1969323
AborXyea_8~0 |   .0835957   .0289391     2.89   0.005     .0262833    .1409081
AborXyea_9~0 |   .1051124   .0578368     1.82   0.072    -.0094303    .2196551
Abor~10_1980 |   .1309406   .0230887     5.67   0.000     .0852147    .1766665
Abo~_11_1980 |   .0800348   .0222768     3.59   0.000     .0359169    .1241528
Abo~_12_1980 |  -.0473079   .0466819    -1.01   0.313     -.139759    .0451432
Abo~_13_1980 |   .3002637   .0359552     8.35   0.000     .2290563    .3714711
Abo~_14_1980 |   .1040352   .0169493     6.14   0.000      .070468    .1376025
Abor~15_1980 |   .4400694   .0207606    21.20   0.000      .398954    .4811848
Abo~_16_1980 |   .1945105   .0326985     5.95   0.000     .1297528    .2592681
Abo~_17_1980 |  -.0367475   .0436151    -0.84   0.401    -.1231249    .0496299
Abo~_18_1980 |   .1064138    .020948     5.08   0.000     .0649273    .1479002
Abor~19_1980 |  -.0007706   .0164246    -0.05   0.963    -.0332987    .0317574
Abo~_20_1980 |  -.0394288   .0283784    -1.39   0.167    -.0956308    .0167732
Abo~_22_1980 |  -.3148808   .0216751   -14.53   0.000    -.3578071   -.2719545
Abo~_24_1980 |  -.2745479   .0197279   -13.92   0.000     -.313618   -.2354777
Abo~_25_1980 |  -.4964918   .1733063    -2.86   0.005    -.8397158   -.1532678
Abor~26_1980 |  -.2541292   .0320806    -7.92   0.000    -.3176633   -.1905952
Abor~27_1980 |  -.1322478   .0520864    -2.54   0.012    -.2354021   -.0290935
Abo~_28_1980 |   -.116342   .0795681    -1.46   0.146    -.2739225    .0412384
Abo~_31_1980 |  -.4105303   .0420765    -9.76   0.000    -.4938607   -.3271999
Abor~32_1980 |  -.3903578   .0423424    -9.22   0.000    -.4742147   -.3065009
Abor~33_1980 |  -.3776318   .0240708   -15.69   0.000    -.4253027   -.3299609
Abor~34_1980 |   -.336349   .0659221    -5.10   0.000    -.4669042   -.2057938
Abor~35_1980 |  -.4648026    .035567   -13.07   0.000    -.5352413    -.394364
Abor~36_1980 |  -.3671033   .0331038   -11.09   0.000    -.4326638   -.3015429
Abor~37_1980 |  -.5258548    .058352    -9.01   0.000     -.641418   -.4102917
Abor~38_1980 |  -.4745522   .0645849    -7.35   0.000    -.6024592   -.3466452
Abor~39_1980 |   .0165382   .0640726     0.26   0.797    -.1103541    .1434306
Abor~40_1980 |  -.0404921   .0445212    -0.91   0.365     -.128664    .0476798
Abor~41_1980 |   .3087359   .0370014     8.34   0.000     .2354566    .3820153
Abor~43_1980 |    .298174   .0732974     4.07   0.000     .1530124    .4433356
Abor~47_1980 |  -.3601361   .0312002   -11.54   0.000    -.4219264   -.2983457
Abor~61_1980 |  -.1399826   .0967678    -1.45   0.151    -.3316262    .0516609
Abor~62_1980 |  -.2110746   .0434118    -4.86   0.000    -.2970495   -.1250998
Abor~64_1980 |   .0057295   .0182516     0.31   0.754     -.030417    .0418759
Abor~66_1980 |  -.4086152   .0220385   -18.54   0.000    -.4522612   -.3649692
Abor~67_1980 |   -.453179   .0221856   -20.43   0.000    -.4971164   -.4092416
Abor~73_1980 |   -.319804   .0317758   -10.06   0.000    -.3827344   -.2568737
Abor~74_1980 |   .3087199   .0223908    13.79   0.000     .2643761    .3530638
Abor~75_1980 |  -.3052224    .051312    -5.95   0.000    -.4068431   -.2036017
Abor~76_1980 |   .0712753   .0767666     0.93   0.355     -.080757    .2233076
Abo~101_1980 |  -.3185322   .0203981   -15.62   0.000    -.3589295   -.2781348
Abo~102_1980 |  -.3040676   .0203413   -14.95   0.000    -.3443525   -.2637827
Abor~03_1980 |   -.232749    .066137    -3.52   0.001    -.3637299   -.1017681
Abor~04_1980 |  -.2982695   .0625844    -4.77   0.000    -.4222146   -.1743243
Abor~05_1980 |  -.1903287   .0172493   -11.03   0.000    -.2244901   -.1561673
Abo~111_1980 |  -.2184282   .0573508    -3.81   0.000    -.3320084    -.104848
Abo~114_1980 |  -.4171024    .034948   -11.93   0.000     -.486315   -.3478897
Abo~116_1980 |  -.2803563   .0431939    -6.49   0.000    -.3658995   -.1948131
Abo~117_1980 |  -.4567868   .1155988    -3.95   0.000    -.6857241   -.2278495
Abo~118_1980 |  -.3126141   .0523723    -5.97   0.000    -.4163348   -.2088934
Abo~120_1980 |  -.3770785   .0760778    -4.96   0.000    -.5277465   -.2264105
Abo~121_1980 |  -.3539194   .0283597   -12.48   0.000    -.4100843   -.2977546
Abo~122_1980 |   -.361637   .0424594    -8.52   0.000    -.4457255   -.2775484
Abo~125_1980 |  -.1931635   .0177051   -10.91   0.000    -.2282275   -.1580994
Abo~128_1980 |  -.0336864   .0277332    -1.21   0.227    -.0886105    .0212377
Abo~129_1980 |  -.3671326   .0659857    -5.56   0.000    -.4978139   -.2364514
Abo~130_1980 |  -.3022997   .0461331    -6.55   0.000    -.3936638   -.2109356
Abo~131_1980 |  -.4592359   .0253965   -18.08   0.000    -.5095325   -.4089394
Abor~00_1980 |  -.4024478   .0280662   -14.34   0.000    -.4580313   -.3468642
Abo~301_1980 |  -.2731694   .0953791    -2.86   0.005    -.4620627   -.0842762
Abo~302_1980 |  -.4580262   .0180427   -25.39   0.000    -.4937589   -.4222935
Abor~07_1980 |  -.2163336   .0224661    -9.63   0.000    -.2608265   -.1718407
Abor~09_1980 |   .0278183   .0306118     0.91   0.365    -.0328068    .0884435
Abo~312_1980 |  -.7548955   .0354617   -21.29   0.000    -.8251255   -.6846655
Abo~313_1980 |  -.3853576   .0194797   -19.78   0.000    -.4239362    -.346779
Abo~314_1980 |  -.7702195   .0212805   -36.19   0.000    -.8123644   -.7280746
Abo~316_1980 |  -.5803246    .067748    -8.57   0.000    -.7144961   -.4461532
Abo~320_1980 |   .2275273   .1020315     2.23   0.028     .0254593    .4295954
Abo~321_1980 |   .2904124   .0246015    11.80   0.000     .2416905    .3391344
Abo~322_1980 |  -.1693942   .0295294    -5.74   0.000    -.2278757   -.1109127
Abo~324_1980 |   .1125181   .0191375     5.88   0.000     .0746174    .1504189
Abo~329_1980 |  -.4263789   .0927979    -4.59   0.000    -.6101602   -.2425976
Abo~330_1980 |   -.125228    .033842    -3.70   0.000    -.1922503   -.0582056
       _cons |    11.5714   .0066135  1749.65   0.000      11.5583     11.5845
-------------+----------------------------------------------------------------
       extra |   absorbed                                     (160 categories)

. /* Add # rooms*/
. areg lnavval yesbig1980 big1980 av_rooms_oo A* if tierno<2 [aw=house_ownocc], absorb(extra) cluster(jurcode)
note: Aborderno_1 omitted because of collinearity
note: Aborderno_2 omitted because of collinearity
note: Aborderno_3 omitted because of collinearity
note: Aborderno_4 omitted because of collinearity
note: Aborderno_5 omitted because of collinearity
note: Aborderno_8 omitted because of collinearity
note: Aborderno_9 omitted because of collinearity
note: Aborderno_10 omitted because of collinearity
note: Aborderno_11 omitted because of collinearity
note: Aborderno_12 omitted because of collinearity
note: Aborderno_13 omitted because of collinearity
note: Aborderno_14 omitted because of collinearity
note: Aborderno_15 omitted because of collinearity
note: Aborderno_16 omitted because of collinearity
note: Aborderno_17 omitted because of collinearity
note: Aborderno_18 omitted because of collinearity
note: Aborderno_19 omitted because of collinearity
note: Aborderno_20 omitted because of collinearity
note: Aborderno_22 omitted because of collinearity
note: Aborderno_24 omitted because of collinearity
note: Aborderno_25 omitted because of collinearity
note: Aborderno_26 omitted because of collinearity
note: Aborderno_27 omitted because of collinearity
note: Aborderno_28 omitted because of collinearity
note: Aborderno_31 omitted because of collinearity
note: Aborderno_32 omitted because of collinearity
note: Aborderno_33 omitted because of collinearity
note: Aborderno_34 omitted because of collinearity
note: Aborderno_35 omitted because of collinearity
note: Aborderno_36 omitted because of collinearity
note: Aborderno_37 omitted because of collinearity
note: Aborderno_38 omitted because of collinearity
note: Aborderno_39 omitted because of collinearity
note: Aborderno_40 omitted because of collinearity
note: Aborderno_41 omitted because of collinearity
note: Aborderno_43 omitted because of collinearity
note: Aborderno_47 omitted because of collinearity
note: Aborderno_61 omitted because of collinearity
note: Aborderno_62 omitted because of collinearity
note: Aborderno_64 omitted because of collinearity
note: Aborderno_66 omitted because of collinearity
note: Aborderno_67 omitted because of collinearity
note: Aborderno_73 omitted because of collinearity
note: Aborderno_74 omitted because of collinearity
note: Aborderno_75 omitted because of collinearity
note: Aborderno_76 omitted because of collinearity
note: Aborderno_101 omitted because of collinearity
note: Aborderno_102 omitted because of collinearity
note: Aborderno_103 omitted because of collinearity
note: Aborderno_104 omitted because of collinearity
note: Aborderno_105 omitted because of collinearity
note: Aborderno_111 omitted because of collinearity
note: Aborderno_114 omitted because of collinearity
note: Aborderno_116 omitted because of collinearity
note: Aborderno_117 omitted because of collinearity
note: Aborderno_118 omitted because of collinearity
note: Aborderno_120 omitted because of collinearity
note: Aborderno_121 omitted because of collinearity
note: Aborderno_122 omitted because of collinearity
note: Aborderno_125 omitted because of collinearity
note: Aborderno_128 omitted because of collinearity
note: Aborderno_129 omitted because of collinearity
note: Aborderno_130 omitted because of collinearity
note: Aborderno_131 omitted because of collinearity
note: Aborderno_300 omitted because of collinearity
note: Aborderno_301 omitted because of collinearity
note: Aborderno_302 omitted because of collinearity
note: Aborderno_307 omitted because of collinearity
note: Aborderno_309 omitted because of collinearity
note: Aborderno_312 omitted because of collinearity
note: Aborderno_313 omitted because of collinearity
note: Aborderno_314 omitted because of collinearity
note: Aborderno_316 omitted because of collinearity
note: Aborderno_320 omitted because of collinearity
note: Aborderno_321 omitted because of collinearity
note: Aborderno_322 omitted because of collinearity
note: Aborderno_324 omitted because of collinearity
note: Aborderno_329 omitted because of collinearity
note: Aborderno_330 omitted because of collinearity

Linear regression, absorbing indicators                Number of obs =    4352
                                                       F( 78, 117)   =       .
                                                       Prob > F      =
                                                       R-squared     =  0.8759
                                                       Adj R-squared =  0.8686
                                                       Root MSE      =  .16914

                              (Std. Err. adjusted for 118 clusters in jurcode)
------------------------------------------------------------------------------
             |               Robust
     lnavval |      Coef.   Std. Err.      t    P>|t|     [95% Conf. Interval]
-------------+----------------------------------------------------------------
  yesbig1980 |  -.0403231   .0258012    -1.56   0.121     -.091421    .0107747
     big1980 |  -.0122337   .0137645    -0.89   0.376    -.0394937    .0150262
 av_rooms_oo |   .1724625   .0109504    15.75   0.000     .1507759    .1941492
 Aborderno_1 |  (omitted)
 Aborderno_2 |  (omitted)
 Aborderno_3 |  (omitted)
 Aborderno_4 |  (omitted)
 Aborderno_5 |  (omitted)
 Aborderno_8 |  (omitted)
 Aborderno_9 |  (omitted)
Aborderno_10 |  (omitted)
Aborderno_11 |  (omitted)
Aborderno_12 |  (omitted)
Aborderno_13 |  (omitted)
Aborderno_14 |  (omitted)
Aborderno_15 |  (omitted)
Aborderno_16 |  (omitted)
Aborderno_17 |  (omitted)
Aborderno_18 |  (omitted)
Aborderno_19 |  (omitted)
Aborderno_20 |  (omitted)
Aborderno_22 |  (omitted)
Aborderno_24 |  (omitted)
Aborderno_25 |  (omitted)
Aborderno_26 |  (omitted)
Aborderno_27 |  (omitted)
Aborderno_28 |  (omitted)
Aborderno_31 |  (omitted)
Aborderno_32 |  (omitted)
Aborderno_33 |  (omitted)
Aborderno_34 |  (omitted)
Aborderno_35 |  (omitted)
Aborderno_36 |  (omitted)
Aborderno_37 |  (omitted)
Aborderno_38 |  (omitted)
Aborderno_39 |  (omitted)
Aborderno_40 |  (omitted)
Aborderno_41 |  (omitted)
Aborderno_43 |  (omitted)
Aborderno_47 |  (omitted)
Aborderno_61 |  (omitted)
Aborderno_62 |  (omitted)
Aborderno_64 |  (omitted)
Aborderno_66 |  (omitted)
Aborderno_67 |  (omitted)
Aborderno_73 |  (omitted)
Aborderno_74 |  (omitted)
Aborderno_75 |  (omitted)
Aborderno_76 |  (omitted)
Abordern~101 |  (omitted)
Abordern~102 |  (omitted)
Abordern~103 |  (omitted)
Abordern~104 |  (omitted)
Abordern~105 |  (omitted)
Abordern~111 |  (omitted)
Abordern~114 |  (omitted)
Abordern~116 |  (omitted)
Abordern~117 |  (omitted)
Abordern~118 |  (omitted)
Abordern~120 |  (omitted)
Abordern~121 |  (omitted)
Abordern~122 |  (omitted)
Abordern~125 |  (omitted)
Abordern~128 |  (omitted)
Abordern~129 |  (omitted)
Abordern~130 |  (omitted)
Abordern~131 |  (omitted)
Abordern~300 |  (omitted)
Abordern~301 |  (omitted)
Abordern~302 |  (omitted)
Abordern~307 |  (omitted)
Abordern~309 |  (omitted)
Abordern~312 |  (omitted)
Abordern~313 |  (omitted)
Abordern~314 |  (omitted)
Abordern~316 |  (omitted)
Abordern~320 |  (omitted)
Abordern~321 |  (omitted)
Abordern~322 |  (omitted)
Abordern~324 |  (omitted)
Abordern~329 |  (omitted)
Abordern~330 |  (omitted)
  Ayear_1980 |   .5461703   .0278499    19.61   0.000     .4910151    .6013254
Abor~_1_1980 |  -.2495797   .0746812    -3.34   0.001     -.397482   -.1016774
Abor~_2_1980 |  -.2448151   .0611118    -4.01   0.000    -.3658439   -.1237863
Abor~_3_1980 |  -.2203457   .0590437    -3.73   0.000    -.3372787   -.1034128
Abor~_4_1980 |  -.1792205   .2151198    -0.83   0.406    -.6052541    .2468131
AborXyea_5~0 |  -.5732896   .0873371    -6.56   0.000    -.7462561   -.4003231
AborXyea_8~0 |   .1345268   .0630073     2.14   0.035     .0097442    .2593094
AborXyea_9~0 |   .1954984   .0288107     6.79   0.000     .1384402    .2525565
Abor~10_1980 |   .1596205   .0371608     4.30   0.000     .0860255    .2332156
Abo~_11_1980 |   .1730514   .0505159     3.43   0.001     .0730073    .2730956
Abo~_12_1980 |  -.1434412   .0308159    -4.65   0.000    -.2044705   -.0824119
Abo~_13_1980 |   .3340682   .0356734     9.36   0.000     .2634188    .4047175
Abo~_14_1980 |   .0849618   .0256027     3.32   0.001     .0342569    .1356666
Abor~15_1980 |   .4486702   .0335521    13.37   0.000      .382222    .5151184
Abo~_16_1980 |   .2624469   .0474581     5.53   0.000     .1684586    .3564353
Abo~_17_1980 |   .0528439    .056221     0.94   0.349    -.0584989    .1641867
Abo~_18_1980 |   .1297199   .0532339     2.44   0.016     .0242929     .235147
Abor~19_1980 |   .0188145   .0361855     0.52   0.604    -.0528489     .090478
Abo~_20_1980 |   .0028144   .0256859     0.11   0.913    -.0480552    .0536841
Abo~_22_1980 |  -.3050865    .043165    -7.07   0.000    -.3905726   -.2196004
Abo~_24_1980 |   .5148284   .0571009     9.02   0.000      .401743    .6279137
Abo~_25_1980 |   -.292283    .051982    -5.62   0.000    -.3952306   -.1893354
Abor~26_1980 |  -.2172934   .0275697    -7.88   0.000    -.2718937    -.162693
Abor~27_1980 |   -.102914   .0725146    -1.42   0.158    -.2465255    .0406974
Abo~_28_1980 |  -.0694335   .0992832    -0.70   0.486    -.2660587    .1271918
Abo~_31_1980 |  -.1971451   .0630618    -3.13   0.002    -.3220356   -.0722546
Abor~32_1980 |  -.3406255   .0262755   -12.96   0.000    -.3926628   -.2885882
Abor~33_1980 |  -.3399566   .0460119    -7.39   0.000    -.4310808   -.2488324
Abor~34_1980 |  -.1904045   .0322816    -5.90   0.000    -.2543365   -.1264726
Abor~35_1980 |  -.3956164   .0774345    -5.11   0.000    -.5489713   -.2422616
Abor~36_1980 |  -.2991365   .0471759    -6.34   0.000    -.3925658   -.2057072
Abor~37_1980 |  -.5479121   .0558913    -9.80   0.000    -.6586019   -.4372223
Abor~38_1980 |  -.5364042    .030837   -17.39   0.000    -.5974752   -.4753332
Abor~39_1980 |    .133438   .0459821     2.90   0.004     .0423729    .2245031
Abor~40_1980 |  -.0155427   .0312329    -0.50   0.620    -.0773979    .0463125
Abor~41_1980 |   .2867819   .0265124    10.82   0.000     .2342754    .3392884
Abor~43_1980 |   .3473301   .0957572     3.63   0.000     .1576879    .5369722
Abor~47_1980 |  -.2884339   .0322224    -8.95   0.000    -.3522486   -.2246192
Abor~61_1980 |  -.0312552   .0625875    -0.50   0.618    -.1552066    .0926961
Abor~62_1980 |  -.1835101   .0298017    -6.16   0.000    -.2425308   -.1244893
Abor~64_1980 |   .0650313   .0260665     2.49   0.014      .013408    .1166547
Abor~66_1980 |  -.4518597   .0295634   -15.28   0.000    -.5104085   -.3933108
Abor~67_1980 |  -.4103871   .0299678   -13.69   0.000    -.4697367   -.3510375
Abor~73_1980 |  -.3597344   .0469349    -7.66   0.000    -.4526865   -.2667822
Abor~74_1980 |   .4747513   .0839858     5.65   0.000     .3084217    .6410808
Abor~75_1980 |  -.3523923   .0376569    -9.36   0.000    -.4269699   -.2778148
Abor~76_1980 |  -.1002663   .0784146    -1.28   0.204    -.2555623    .0550297
Abo~101_1980 |   -.304382   .0408141    -7.46   0.000    -.3852123   -.2235517
Abo~102_1980 |  -.3672163   .0356613   -10.30   0.000    -.4378416    -.296591
Abor~03_1980 |  -.2539227   .0624289    -4.07   0.000    -.3775598   -.1302856
Abor~04_1980 |  -.2006539   .0637743    -3.15   0.002    -.3269556   -.0743523
Abor~05_1980 |  -.3433594   .0271857   -12.63   0.000    -.3971992   -.2895196
Abo~111_1980 |  -.1992922    .039092    -5.10   0.000    -.2767119   -.1218724
Abo~114_1980 |  -.4615955   .0257101   -17.95   0.000    -.5125129    -.410678
Abo~116_1980 |  -.3222348   .0422276    -7.63   0.000    -.4058643   -.2386053
Abo~117_1980 |  -.4188178   .1022993    -4.09   0.000    -.6214162   -.2162193
Abo~118_1980 |  -.4521158   .0254812   -17.74   0.000      -.50258   -.4016516
Abo~120_1980 |  -.3522244   .0768291    -4.58   0.000    -.5043804   -.2000685
Abo~121_1980 |  -.4320533   .0321455   -13.44   0.000    -.4957157   -.3683908
Abo~122_1980 |  -.4044752   .0436603    -9.26   0.000    -.4909421   -.3180083
Abo~125_1980 |  -.2017613    .025921    -7.78   0.000    -.2530965   -.1504261
Abo~128_1980 |   .0146335   .0428775     0.34   0.733    -.0702832    .0995503
Abo~129_1980 |  -.3068583   .0638983    -4.80   0.000    -.4334055   -.1803111
Abo~130_1980 |  -.3103978    .039403    -7.88   0.000    -.3884333   -.2323623
Abo~131_1980 |  -.5021967   .0319715   -15.71   0.000    -.5655146   -.4388789
Abor~00_1980 |  -.2710044   .0353694    -7.66   0.000    -.3410516   -.2009572
Abo~301_1980 |  -.2837647    .072375    -3.92   0.000    -.4270996   -.1404299
Abo~302_1980 |  -.4477651   .0256846   -17.43   0.000    -.4986322   -.3968981
Abor~07_1980 |      -.278   .0763142    -3.64   0.000    -.4291363   -.1268637
Abor~09_1980 |  -.0411319   .0401659    -1.02   0.308    -.1206784    .0384145
Abo~312_1980 |  -.7478188   .0507032   -14.75   0.000    -.8482338   -.6474038
Abo~313_1980 |  -.4437383    .028136   -15.77   0.000    -.4994601   -.3880165
Abo~314_1980 |  -.7898705   .0378163   -20.89   0.000    -.8647636   -.7149774
Abo~316_1980 |  -.6351738   .0646737    -9.82   0.000    -.7632566    -.507091
Abo~320_1980 |   .4670448   .0783057     5.96   0.000     .3119645    .6221251
Abo~321_1980 |   .3658342   .0359382    10.18   0.000     .2946605    .4370079
Abo~322_1980 |  -.2270667   .0507186    -4.48   0.000    -.3275122   -.1266212
Abo~324_1980 |   .1514021   .0252275     6.00   0.000     .1014402    .2013639
Abo~329_1980 |  -.4181421   .0779075    -5.37   0.000    -.5724339   -.2638503
Abo~330_1980 |  -.1768296   .0371521    -4.76   0.000    -.2504074   -.1032518
       _cons |   10.55887   .0627872   168.17   0.000     10.43453    10.68322
-------------+----------------------------------------------------------------
       extra |   absorbed                                     (160 categories)

. /* Main results without 'early case' borders in the control group*/
. * Replace absorb(extra) with extra as dummy variables in order to estimate
. * Check also without weights and with lnavcost as DV
. areg lnavval yesbig1980 big1980 A* if tierno<2 & earlycase==0 [aw=house_ownocc], absorb(extra) cluster(jurcode)
note: Aborderno_1 omitted because of collinearity
note: Aborderno_2 omitted because of collinearity
note: Aborderno_3 omitted because of collinearity
note: Aborderno_4 omitted because of collinearity
note: Aborderno_5 omitted because of collinearity
note: Aborderno_8 omitted because of collinearity
note: Aborderno_9 omitted because of collinearity
note: Aborderno_10 omitted because of collinearity
note: Aborderno_11 omitted because of collinearity
note: Aborderno_12 omitted because of collinearity
note: Aborderno_13 omitted because of collinearity
note: Aborderno_14 omitted because of collinearity
note: Aborderno_15 omitted because of collinearity
note: Aborderno_16 omitted because of collinearity
note: Aborderno_17 omitted because of collinearity
note: Aborderno_18 omitted because of collinearity
note: Aborderno_19 omitted because of collinearity
note: Aborderno_20 omitted because of collinearity
note: Aborderno_22 omitted because of collinearity
note: Aborderno_24 omitted because of collinearity
note: Aborderno_25 omitted because of collinearity
note: Aborderno_26 omitted because of collinearity
note: Aborderno_27 omitted because of collinearity
note: Aborderno_28 omitted because of collinearity
note: Aborderno_31 omitted because of collinearity
note: Aborderno_32 omitted because of collinearity
note: Aborderno_33 omitted because of collinearity
note: Aborderno_34 omitted because of collinearity
note: Aborderno_35 omitted because of collinearity
note: Aborderno_36 omitted because of collinearity
note: Aborderno_37 omitted because of collinearity
note: Aborderno_38 omitted because of collinearity
note: Aborderno_39 omitted because of collinearity
note: Aborderno_40 omitted because of collinearity
note: Aborderno_41 omitted because of collinearity
note: Aborderno_43 omitted because of collinearity
note: Aborderno_47 omitted because of collinearity
note: Aborderno_61 omitted because of collinearity
note: Aborderno_62 omitted because of collinearity
note: Aborderno_64 omitted because of collinearity
note: Aborderno_66 omitted because of collinearity
note: Aborderno_67 omitted because of collinearity
note: Aborderno_73 omitted because of collinearity
note: Aborderno_74 omitted because of collinearity
note: Aborderno_75 omitted because of collinearity
note: Aborderno_76 omitted because of collinearity
note: Aborderno_101 omitted because of collinearity
note: Aborderno_102 omitted because of collinearity
note: Aborderno_103 omitted because of collinearity
note: Aborderno_104 omitted because of collinearity
note: Aborderno_105 omitted because of collinearity
note: Aborderno_111 omitted because of collinearity
note: Aborderno_114 omitted because of collinearity
note: Aborderno_116 omitted because of collinearity
note: Aborderno_117 omitted because of collinearity
note: Aborderno_118 omitted because of collinearity
note: Aborderno_120 omitted because of collinearity
note: Aborderno_121 omitted because of collinearity
note: Aborderno_122 omitted because of collinearity
note: Aborderno_125 omitted because of collinearity
note: Aborderno_128 omitted because of collinearity
note: Aborderno_129 omitted because of collinearity
note: Aborderno_130 omitted because of collinearity
note: Aborderno_131 omitted because of collinearity
note: Aborderno_300 omitted because of collinearity
note: Aborderno_301 omitted because of collinearity
note: Aborderno_302 omitted because of collinearity
note: Aborderno_307 omitted because of collinearity
note: Aborderno_309 omitted because of collinearity
note: Aborderno_312 omitted because of collinearity
note: Aborderno_313 omitted because of collinearity
note: Aborderno_314 omitted because of collinearity
note: Aborderno_316 omitted because of collinearity
note: Aborderno_320 omitted because of collinearity
note: Aborderno_321 omitted because of collinearity
note: Aborderno_322 omitted because of collinearity
note: Aborderno_324 omitted because of collinearity
note: Aborderno_329 omitted because of collinearity
note: Aborderno_330 omitted because of collinearity
note: AborXyea_14_1980 omitted because of collinearity
note: AborXyea_25_1980 omitted because of collinearity
note: AborXyea_27_1980 omitted because of collinearity
note: AborXyea_309_1980 omitted because of collinearity
note: AborXyea_330_1980 omitted because of collinearity

Linear regression, absorbing indicators                Number of obs =    4024
                                                       F( 72, 111)   =       .
                                                       Prob > F      =
                                                       R-squared     =  0.8219
                                                       Adj R-squared =  0.8113
                                                       Root MSE      =  .20126

                              (Std. Err. adjusted for 112 clusters in jurcode)
------------------------------------------------------------------------------
             |               Robust
     lnavval |      Coef.   Std. Err.      t    P>|t|     [95% Conf. Interval]
-------------+----------------------------------------------------------------
  yesbig1980 |  -.0506588   .0289204    -1.75   0.083    -.1079666     .006649
     big1980 |  -.0131763   .0172605    -0.76   0.447    -.0473791    .0210264
 Aborderno_1 |  (omitted)
 Aborderno_2 |  (omitted)
 Aborderno_3 |  (omitted)
 Aborderno_4 |  (omitted)
 Aborderno_5 |  (omitted)
 Aborderno_8 |  (omitted)
 Aborderno_9 |  (omitted)
Aborderno_10 |  (omitted)
Aborderno_11 |  (omitted)
Aborderno_12 |  (omitted)
Aborderno_13 |  (omitted)
Aborderno_14 |  (omitted)
Aborderno_15 |  (omitted)
Aborderno_16 |  (omitted)
Aborderno_17 |  (omitted)
Aborderno_18 |  (omitted)
Aborderno_19 |  (omitted)
Aborderno_20 |  (omitted)
Aborderno_22 |  (omitted)
Aborderno_24 |  (omitted)
Aborderno_25 |  (omitted)
Aborderno_26 |  (omitted)
Aborderno_27 |  (omitted)
Aborderno_28 |  (omitted)
Aborderno_31 |  (omitted)
Aborderno_32 |  (omitted)
Aborderno_33 |  (omitted)
Aborderno_34 |  (omitted)
Aborderno_35 |  (omitted)
Aborderno_36 |  (omitted)
Aborderno_37 |  (omitted)
Aborderno_38 |  (omitted)
Aborderno_39 |  (omitted)
Aborderno_40 |  (omitted)
Aborderno_41 |  (omitted)
Aborderno_43 |  (omitted)
Aborderno_47 |  (omitted)
Aborderno_61 |  (omitted)
Aborderno_62 |  (omitted)
Aborderno_64 |  (omitted)
Aborderno_66 |  (omitted)
Aborderno_67 |  (omitted)
Aborderno_73 |  (omitted)
Aborderno_74 |  (omitted)
Aborderno_75 |  (omitted)
Aborderno_76 |  (omitted)
Abordern~101 |  (omitted)
Abordern~102 |  (omitted)
Abordern~103 |  (omitted)
Abordern~104 |  (omitted)
Abordern~105 |  (omitted)
Abordern~111 |  (omitted)
Abordern~114 |  (omitted)
Abordern~116 |  (omitted)
Abordern~117 |  (omitted)
Abordern~118 |  (omitted)
Abordern~120 |  (omitted)
Abordern~121 |  (omitted)
Abordern~122 |  (omitted)
Abordern~125 |  (omitted)
Abordern~128 |  (omitted)
Abordern~129 |  (omitted)
Abordern~130 |  (omitted)
Abordern~131 |  (omitted)
Abordern~300 |  (omitted)
Abordern~301 |  (omitted)
Abordern~302 |  (omitted)
Abordern~307 |  (omitted)
Abordern~309 |  (omitted)
Abordern~312 |  (omitted)
Abordern~313 |  (omitted)
Abordern~314 |  (omitted)
Abordern~316 |  (omitted)
Abordern~320 |  (omitted)
Abordern~321 |  (omitted)
Abordern~322 |  (omitted)
Abordern~324 |  (omitted)
Abordern~329 |  (omitted)
Abordern~330 |  (omitted)
  Ayear_1980 |    .017402   .1635885     0.11   0.915    -.3067594    .3415635
Abor~_1_1980 |   .2332276   .1647286     1.42   0.160    -.0931931    .5596482
Abor~_2_1980 |   .2297822   .1697257     1.35   0.179    -.1065407    .5661051
Abor~_3_1980 |   .2299198   .1723877     1.33   0.185     -.111678    .5715175
Abor~_4_1980 |  -.0204286   .3481825    -0.06   0.953    -.7103754    .6695182
AborXyea_5~0 |   .0896711   .1898264     0.47   0.638    -.2864826    .4658248
AborXyea_8~0 |   .6063689   .1667091     3.64   0.000     .2760236    .9367141
AborXyea_9~0 |   .6183096   .1719834     3.60   0.000     .2775129    .9591062
Abor~10_1980 |   .6479282   .1635704     3.96   0.000     .3238024    .9720539
Abo~_11_1980 |   .5967524   .1637098     3.65   0.000     .2723506    .9211542
Abo~_12_1980 |   .3625007   .1640475     2.21   0.029     .0374297    .6875718
Abo~_13_1980 |   .8241008   .1684693     4.89   0.000     .4902676    1.157934
Abo~_14_1980 |  (omitted)
Abor~15_1980 |   .9574711   .1634398     5.86   0.000     .6336041    1.281338
Abo~_16_1980 |   .7135618   .1649296     4.33   0.000     .3867429    1.040381
Abo~_17_1980 |   .4752636   .1698423     2.80   0.006     .1387097    .8118175
Abo~_18_1980 |   .6303582   .1649208     3.82   0.000     .3035566    .9571599
Abor~19_1980 |   .5240019   .1639983     3.20   0.002     .1990284    .8489754
Abo~_20_1980 |   .4805688   .1646728     2.92   0.004     .1542587    .8068789
Abo~_22_1980 |   .2063589   .1647164     1.25   0.213    -.1200377    .5327554
Abo~_24_1980 |   .2374316   .1635885     1.45   0.149    -.0867299    .5615931
Abo~_25_1980 |  (omitted)
Abor~26_1980 |   .2626014   .1655461     1.59   0.116    -.0654392    .5906421
Abor~27_1980 |  (omitted)
Abo~_28_1980 |   .4008362   .1813483     2.21   0.029     .0414824    .7601899
Abo~_31_1980 |   .1104514   .1677822     0.66   0.512    -.2220202     .442923
Abor~32_1980 |   .1299293   .1670355     0.78   0.438    -.2010627    .4609212
Abor~33_1980 |   .1466265   .1661801     0.88   0.380    -.1826705    .4759236
Abor~34_1980 |    .183493   .1782478     1.03   0.306     -.169717    .5367029
Abor~35_1980 |   .0496144   .1647869     0.30   0.764    -.2769218    .3761507
Abor~36_1980 |   .1594416   .1657224     0.96   0.338    -.1689484    .4878317
Abor~37_1980 |  -.1011364   .1698033    -0.60   0.553    -.4376131    .2353402
Abor~38_1980 |  -.1246037   .1640247    -0.76   0.449    -.4496296    .2004222
Abor~39_1980 |   .5152589   .1794116     2.87   0.005     .1597428    .8707749
Abor~40_1980 |   .4615398   .1664211     2.77   0.007     .1317652    .7913143
Abor~41_1980 |   .8335359   .1663497     5.01   0.000     .5039029    1.163169
Abor~43_1980 |   .8155382   .1767423     4.61   0.000     .4653115    1.165765
Abor~47_1980 |   .1657995    .165411     1.00   0.318    -.1619734    .4935725
Abor~61_1980 |   .3741006   .1907781     1.96   0.052    -.0039389      .75214
Abor~62_1980 |   .3070579    .168411     1.82   0.071    -.0266597    .6407755
Abor~64_1980 |   .5266765   .1642433     3.21   0.002     .2012175    .8521355
Abor~66_1980 |   .1092711   .1639639     0.67   0.507    -.2156343    .4341764
Abor~67_1980 |   .0652018   .1635193     0.40   0.691    -.2588227    .3892263
Abor~73_1980 |   .1960497   .1675431     1.17   0.244     -.135948    .5280475
Abor~74_1980 |   .8273891   .1635286     5.06   0.000     .5033463    1.151432
Abor~75_1980 |   .1063612   .1644141     0.65   0.519    -.2194363    .4321587
Abor~76_1980 |   .4341608   .1711651     2.54   0.013     .0949858    .7733359
Abo~101_1980 |   .2061264   .1648107     1.25   0.214    -.1204571    .5327099
Abo~102_1980 |   .2101975   .1640367     1.28   0.203    -.1148523    .5352472
Abor~03_1980 |   .2901941   .1737271     1.67   0.098    -.0540577     .634446
Abor~04_1980 |   .2191448   .1729928     1.27   0.208    -.1236519    .5619416
Abor~05_1980 |   .3416137   .1645031     2.08   0.040     .0156399    .6675875
Abo~111_1980 |   .3019101   .1709733     1.77   0.080    -.0368851    .6407052
Abo~114_1980 |   .0977282   .1658617     0.59   0.557    -.2309379    .4263943
Abo~116_1980 |   .2394769   .1710742     1.40   0.164     -.099518    .5784718
Abo~117_1980 |   .0567607   .1965762     0.29   0.773    -.3327683    .4462896
Abo~118_1980 |   .0752137    .163968     0.46   0.647    -.2496998    .4001273
Abo~120_1980 |   .1466383   .1775449     0.83   0.411    -.2051788    .4984554
Abo~121_1980 |   .1261934   .1665889     0.76   0.450    -.2039137    .4563005
Abo~122_1980 |   .1038042   .1651723     0.63   0.531    -.2234957    .4311042
Abo~125_1980 |   .3290462   .1644129     2.00   0.048     .0032511    .6548414
Abo~128_1980 |   .4853334   .1646422     2.95   0.004     .1590838     .811583
Abo~129_1980 |    .155685   .1775976     0.88   0.383    -.1962366    .5076065
Abo~130_1980 |   .2090851   .1688021     1.24   0.218    -.1254075    .5435778
Abo~131_1980 |   .0594342   .1643857     0.36   0.718     -.266307    .3851754
Abor~00_1980 |   .1152085   .1642033     0.70   0.484    -.2101713    .4405883
Abo~301_1980 |   .2512527   .1927909     1.30   0.195    -.1307752    .6332807
Abo~302_1980 |   .0644542   .1638254     0.39   0.695    -.2601767    .3890851
Abor~07_1980 |   .3100387    .164292     1.89   0.062    -.0155168    .6355942
Abor~09_1980 |  (omitted)
Abo~312_1980 |   -.236127   .1657434    -1.42   0.157    -.5645585    .0923046
Abo~313_1980 |   .1306068   .1635885     0.80   0.426    -.1935547    .4547682
Abo~314_1980 |  -.2515797   .1634699    -1.54   0.127    -.5755063    .0723468
Abo~316_1980 |   -.062535   .1756815    -0.36   0.723    -.4106597    .2855897
Abo~320_1980 |   .7309702   .1908687     3.83   0.000     .3527511    1.109189
Abo~321_1980 |   .8055034   .1638668     4.92   0.000     .4807904    1.130216
Abo~322_1980 |   .3492264   .1644531     2.12   0.036     .0233516    .6751012
Abo~324_1980 |   .6526897   .1644996     3.97   0.000     .3267227    .9786567
Abo~329_1980 |   .0832442   .1852545     0.45   0.654      -.28385    .4503384
Abo~330_1980 |  (omitted)
       _cons |   11.57231    .003568  3243.38   0.000     11.56524    11.57938
-------------+----------------------------------------------------------------
       extra |   absorbed                                     (150 categories)

. /* Drop borders in which both sides were desegregated in 1970s from the control group*/
. areg lnavval yesbig1980 big1980 A* if tierno<2 & double_m==0 [aw=house_ownocc], absorb(extra) cluster(jurcode)
note: Aborderno_1 omitted because of collinearity
note: Aborderno_2 omitted because of collinearity
note: Aborderno_3 omitted because of collinearity
note: Aborderno_4 omitted because of collinearity
note: Aborderno_5 omitted because of collinearity
note: Aborderno_8 omitted because of collinearity
note: Aborderno_9 omitted because of collinearity
note: Aborderno_10 omitted because of collinearity
note: Aborderno_11 omitted because of collinearity
note: Aborderno_12 omitted because of collinearity
note: Aborderno_13 omitted because of collinearity
note: Aborderno_14 omitted because of collinearity
note: Aborderno_15 omitted because of collinearity
note: Aborderno_16 omitted because of collinearity
note: Aborderno_17 omitted because of collinearity
note: Aborderno_18 omitted because of collinearity
note: Aborderno_19 omitted because of collinearity
note: Aborderno_20 omitted because of collinearity
note: Aborderno_22 omitted because of collinearity
note: Aborderno_24 omitted because of collinearity
note: Aborderno_25 omitted because of collinearity
note: Aborderno_26 omitted because of collinearity
note: Aborderno_27 omitted because of collinearity
note: Aborderno_28 omitted because of collinearity
note: Aborderno_31 omitted because of collinearity
note: Aborderno_32 omitted because of collinearity
note: Aborderno_33 omitted because of collinearity
note: Aborderno_34 omitted because of collinearity
note: Aborderno_35 omitted because of collinearity
note: Aborderno_36 omitted because of collinearity
note: Aborderno_37 omitted because of collinearity
note: Aborderno_38 omitted because of collinearity
note: Aborderno_39 omitted because of collinearity
note: Aborderno_40 omitted because of collinearity
note: Aborderno_41 omitted because of collinearity
note: Aborderno_43 omitted because of collinearity
note: Aborderno_47 omitted because of collinearity
note: Aborderno_61 omitted because of collinearity
note: Aborderno_62 omitted because of collinearity
note: Aborderno_64 omitted because of collinearity
note: Aborderno_66 omitted because of collinearity
note: Aborderno_67 omitted because of collinearity
note: Aborderno_73 omitted because of collinearity
note: Aborderno_74 omitted because of collinearity
note: Aborderno_75 omitted because of collinearity
note: Aborderno_76 omitted because of collinearity
note: Aborderno_101 omitted because of collinearity
note: Aborderno_102 omitted because of collinearity
note: Aborderno_103 omitted because of collinearity
note: Aborderno_104 omitted because of collinearity
note: Aborderno_105 omitted because of collinearity
note: Aborderno_111 omitted because of collinearity
note: Aborderno_114 omitted because of collinearity
note: Aborderno_116 omitted because of collinearity
note: Aborderno_117 omitted because of collinearity
note: Aborderno_118 omitted because of collinearity
note: Aborderno_120 omitted because of collinearity
note: Aborderno_121 omitted because of collinearity
note: Aborderno_122 omitted because of collinearity
note: Aborderno_125 omitted because of collinearity
note: Aborderno_128 omitted because of collinearity
note: Aborderno_129 omitted because of collinearity
note: Aborderno_130 omitted because of collinearity
note: Aborderno_131 omitted because of collinearity
note: Aborderno_300 omitted because of collinearity
note: Aborderno_301 omitted because of collinearity
note: Aborderno_302 omitted because of collinearity
note: Aborderno_307 omitted because of collinearity
note: Aborderno_309 omitted because of collinearity
note: Aborderno_312 omitted because of collinearity
note: Aborderno_313 omitted because of collinearity
note: Aborderno_314 omitted because of collinearity
note: Aborderno_316 omitted because of collinearity
note: Aborderno_320 omitted because of collinearity
note: Aborderno_321 omitted because of collinearity
note: Aborderno_322 omitted because of collinearity
note: Aborderno_324 omitted because of collinearity
note: Aborderno_329 omitted because of collinearity
note: Aborderno_330 omitted because of collinearity
note: AborXyea_14_1980 omitted because of collinearity
note: AborXyea_27_1980 omitted because of collinearity
note: AborXyea_114_1980 omitted because of collinearity
note: AborXyea_116_1980 omitted because of collinearity
note: AborXyea_117_1980 omitted because of collinearity
note: AborXyea_121_1980 omitted because of collinearity
note: AborXyea_122_1980 omitted because of collinearity

Linear regression, absorbing indicators                Number of obs =    3989
                                                       F( 70, 108)   =       .
                                                       Prob > F      =
                                                       R-squared     =  0.8111
                                                       Adj R-squared =  0.8001
                                                       Root MSE      =  .20591

                              (Std. Err. adjusted for 109 clusters in jurcode)
------------------------------------------------------------------------------
             |               Robust
     lnavval |      Coef.   Std. Err.      t    P>|t|     [95% Conf. Interval]
-------------+----------------------------------------------------------------
  yesbig1980 |    -.07886   .0265823    -2.97   0.004    -.1315507   -.0261693
     big1980 |   .0150249   .0130294     1.15   0.251    -.0108016    .0408514
 Aborderno_1 |  (omitted)
 Aborderno_2 |  (omitted)
 Aborderno_3 |  (omitted)
 Aborderno_4 |  (omitted)
 Aborderno_5 |  (omitted)
 Aborderno_8 |  (omitted)
 Aborderno_9 |  (omitted)
Aborderno_10 |  (omitted)
Aborderno_11 |  (omitted)
Aborderno_12 |  (omitted)
Aborderno_13 |  (omitted)
Aborderno_14 |  (omitted)
Aborderno_15 |  (omitted)
Aborderno_16 |  (omitted)
Aborderno_17 |  (omitted)
Aborderno_18 |  (omitted)
Aborderno_19 |  (omitted)
Aborderno_20 |  (omitted)
Aborderno_22 |  (omitted)
Aborderno_24 |  (omitted)
Aborderno_25 |  (omitted)
Aborderno_26 |  (omitted)
Aborderno_27 |  (omitted)
Aborderno_28 |  (omitted)
Aborderno_31 |  (omitted)
Aborderno_32 |  (omitted)
Aborderno_33 |  (omitted)
Aborderno_34 |  (omitted)
Aborderno_35 |  (omitted)
Aborderno_36 |  (omitted)
Aborderno_37 |  (omitted)
Aborderno_38 |  (omitted)
Aborderno_39 |  (omitted)
Aborderno_40 |  (omitted)
Aborderno_41 |  (omitted)
Aborderno_43 |  (omitted)
Aborderno_47 |  (omitted)
Aborderno_61 |  (omitted)
Aborderno_62 |  (omitted)
Aborderno_64 |  (omitted)
Aborderno_66 |  (omitted)
Aborderno_67 |  (omitted)
Aborderno_73 |  (omitted)
Aborderno_74 |  (omitted)
Aborderno_75 |  (omitted)
Aborderno_76 |  (omitted)
Abordern~101 |  (omitted)
Abordern~102 |  (omitted)
Abordern~103 |  (omitted)
Abordern~104 |  (omitted)
Abordern~105 |  (omitted)
Abordern~111 |  (omitted)
Abordern~114 |  (omitted)
Abordern~116 |  (omitted)
Abordern~117 |  (omitted)
Abordern~118 |  (omitted)
Abordern~120 |  (omitted)
Abordern~121 |  (omitted)
Abordern~122 |  (omitted)
Abordern~125 |  (omitted)
Abordern~128 |  (omitted)
Abordern~129 |  (omitted)
Abordern~130 |  (omitted)
Abordern~131 |  (omitted)
Abordern~300 |  (omitted)
Abordern~301 |  (omitted)
Abordern~302 |  (omitted)
Abordern~307 |  (omitted)
Abordern~309 |  (omitted)
Abordern~312 |  (omitted)
Abordern~313 |  (omitted)
Abordern~314 |  (omitted)
Abordern~316 |  (omitted)
Abordern~320 |  (omitted)
Abordern~321 |  (omitted)
Abordern~322 |  (omitted)
Abordern~324 |  (omitted)
Abordern~329 |  (omitted)
Abordern~330 |  (omitted)
  Ayear_1980 |    .522895   .0150455    34.75   0.000     .4930723    .5527177
Abor~_1_1980 |  -.2943623   .0225733   -13.04   0.000    -.3391065   -.2496181
Abor~_2_1980 |  -.2888893   .0536686    -5.38   0.000    -.3952698   -.1825088
Abor~_3_1980 |  -.2755732   .0569868    -4.84   0.000    -.3885309   -.1626155
Abor~_4_1980 |  -.5448235   .3160446    -1.72   0.088    -1.171279    .0816316
AborXyea_5~0 |  -.4158219   .0976319    -4.26   0.000    -.6093453   -.2222984
AborXyea_8~0 |   .0861229   .0237868     3.62   0.000     .0389734    .1332725
AborXyea_9~0 |   .1128166   .0571611     1.97   0.051    -.0004866    .2261198
Abor~10_1980 |   .1424352    .019633     7.25   0.000     .1035192    .1813512
Abo~_11_1980 |   .0912595   .0194667     4.69   0.000     .0526731    .1298459
Abo~_12_1980 |  -.1429923   .0236352    -6.05   0.000    -.1898412   -.0961433
Abo~_13_1980 |   .3011302   .0311232     9.68   0.000     .2394386    .3628218
Abo~_14_1980 |  (omitted)
Abor~15_1980 |   .4519781   .0170294    26.54   0.000     .4182229    .4857333
Abo~_16_1980 |   .2080689   .0318565     6.53   0.000     .1449237    .2712141
Abo~_17_1980 |  -.0473928    .037974    -1.25   0.215    -.1226638    .0278783
Abo~_18_1980 |   .1091494   .0151361     7.21   0.000     .0791472    .1391517
Abor~19_1980 |   .0022365   .0127866     0.17   0.861    -.0231087    .0275817
Abo~_20_1980 |  -.0384743   .0303356    -1.27   0.207    -.0986046     .021656
Abo~_22_1980 |  -.3086413   .0160189   -19.27   0.000    -.3403935   -.2768892
Abo~_24_1980 |  -.2680614   .0150455   -17.82   0.000    -.2978841   -.2382387
Abo~_25_1980 |   -.505493   .1642155    -3.08   0.003    -.8309966   -.1799893
Abor~26_1980 |   -.244772   .0316424    -7.74   0.000    -.3074928   -.1820512
Abor~27_1980 |  (omitted)
Abo~_28_1980 |  -.1046568   .0813462    -1.29   0.201    -.2658992    .0565856
Abo~_31_1980 |  -.3950416   .0429742    -9.19   0.000    -.4802239   -.3098592
Abor~32_1980 |  -.3851676   .0451901    -8.52   0.000    -.4747422   -.2955931
Abor~33_1980 |  -.3760652   .0212753   -17.68   0.000    -.4182365   -.3338939
Abor~34_1980 |  -.3395097   .0614123    -5.53   0.000    -.4612395   -.2177798
Abor~35_1980 |  -.4714918   .0301288   -15.65   0.000    -.5312123   -.4117713
Abor~36_1980 |   -.364756    .035026   -10.41   0.000    -.4341836   -.2953285
Abor~37_1980 |  -.6196009   .0566214   -10.94   0.000    -.7318343   -.5073675
Abor~38_1980 |  -.6486776   .0140306   -46.23   0.000    -.6764887   -.6208665
Abor~39_1980 |  -.0076247   .0635921    -0.12   0.905    -.1336753    .1184259
Abor~40_1980 |  -.0619882   .0395761    -1.57   0.120    -.1404349    .0164585
Abor~41_1980 |   .3177949   .0416481     7.63   0.000      .235241    .4003487
Abor~43_1980 |   .3100452   .0698287     4.44   0.000     .1716326    .4484579
Abor~47_1980 |  -.3601956   .0315471   -11.42   0.000    -.4227275   -.2976638
Abor~61_1980 |  -.1313924   .0995847    -1.32   0.190    -.3287865    .0660017
Abor~62_1980 |  -.1984351   .0439908    -4.51   0.000    -.2856325   -.1112377
Abor~64_1980 |   .0099049   .0131915     0.75   0.454    -.0162429    .0360527
Abor~66_1980 |  -.3962219   .0194607   -20.36   0.000    -.4347963   -.3576475
Abor~67_1980 |  -.4402912   .0186901   -23.56   0.000    -.4773382   -.4032441
Abor~73_1980 |  -.3207316   .0287885   -11.14   0.000    -.3777955   -.2636678
Abor~74_1980 |   .3218962   .0195823    16.44   0.000     .2830806    .3607118
Abor~75_1980 |  -.3991318   .0270786   -14.74   0.000    -.4528062   -.3454573
Abor~76_1980 |  -.0840526    .042303    -1.99   0.049    -.1679045   -.0002007
Abo~101_1980 |  -.3187922   .0143529   -22.21   0.000    -.3472422   -.2903422
Abo~102_1980 |  -.3019706    .014104   -21.41   0.000    -.3299272    -.274014
Abor~03_1980 |  -.2276163   .0695824    -3.27   0.001    -.3655407    -.089692
Abor~04_1980 |   -.297523   .0672175    -4.43   0.000    -.4307597   -.1642863
Abor~05_1980 |  -.1920805   .0131132   -14.65   0.000    -.2180732   -.1660878
Abo~111_1980 |  -.2169804   .0606531    -3.58   0.001    -.3372054   -.0967554
Abo~114_1980 |  (omitted)
Abo~116_1980 |  (omitted)
Abo~117_1980 |  (omitted)
Abo~118_1980 |  -.4451236   .0212338   -20.96   0.000    -.4872126   -.4030345
Abo~120_1980 |   -.372685   .0798905    -4.66   0.000    -.5310417   -.2143282
Abo~121_1980 |  (omitted)
Abo~122_1980 |  (omitted)
Abo~125_1980 |  -.1921961   .0127831   -15.04   0.000    -.2175345   -.1668578
Abo~128_1980 |  -.0230044   .0266389    -0.86   0.390    -.0758073    .0297985
Abo~129_1980 |  -.3640263   .0595584    -6.11   0.000    -.4820813   -.2459712
Abo~130_1980 |  -.2964078   .0464708    -6.38   0.000    -.3885211   -.2042946
Abo~131_1980 |  -.4460587   .0249408   -17.88   0.000    -.4954957   -.3966217
Abor~00_1980 |  -.3902844   .0267365   -14.60   0.000    -.4432808   -.3372881
Abo~301_1980 |  -.2693947   .0901363    -2.99   0.003    -.4480604    -.090729
Abo~302_1980 |   -.454209    .017544   -25.89   0.000    -.4889842   -.4194337
Abor~07_1980 |  -.2138242   .0230473    -9.28   0.000    -.2595079   -.1681406
Abor~09_1980 |   .0317785   .0264345     1.20   0.232    -.0206192    .0841763
Abo~312_1980 |  -.7416199   .0312591   -23.72   0.000    -.8035808   -.6796591
Abo~313_1980 |  -.3748862   .0150455   -24.92   0.000    -.4047089   -.3450635
Abo~314_1980 |  -.7570727   .0182902   -41.39   0.000    -.7933271   -.7208183
Abo~316_1980 |   -.568028   .0643274    -8.83   0.000     -.695536     -.44052
Abo~320_1980 |   .2254772   .1007703     2.24   0.027     .0257331    .4252214
Abo~321_1980 |   .3000105   .0208418    14.39   0.000     .2586984    .3413225
Abo~322_1980 |  -.1562665     .02573    -6.07   0.000    -.2072679   -.1052651
Abo~324_1980 |   .1285737   .0128254    10.02   0.000     .1031515    .1539959
Abo~329_1980 |  -.4222488   .0869364    -4.86   0.000    -.5945718   -.2499258
Abo~330_1980 |  -.1232344   .0292519    -4.21   0.000    -.1812167    -.065252
       _cons |   11.57732   .0032551  3556.70   0.000     11.57087    11.58377
-------------+----------------------------------------------------------------
       extra |   absorbed                                     (146 categories)

. /* Drop Los Angeles*/
. areg lnavval yesbig1980 big1980 A* if tierno<2 & metaread!=4480 [aw=house_ownocc], absorb(extra) cluster(jurcode)
note: Aborderno_1 omitted because of collinearity
note: Aborderno_2 omitted because of collinearity
note: Aborderno_3 omitted because of collinearity
note: Aborderno_4 omitted because of collinearity
note: Aborderno_5 omitted because of collinearity
note: Aborderno_8 omitted because of collinearity
note: Aborderno_9 omitted because of collinearity
note: Aborderno_10 omitted because of collinearity
note: Aborderno_11 omitted because of collinearity
note: Aborderno_12 omitted because of collinearity
note: Aborderno_13 omitted because of collinearity
note: Aborderno_14 omitted because of collinearity
note: Aborderno_15 omitted because of collinearity
note: Aborderno_16 omitted because of collinearity
note: Aborderno_17 omitted because of collinearity
note: Aborderno_18 omitted because of collinearity
note: Aborderno_19 omitted because of collinearity
note: Aborderno_20 omitted because of collinearity
note: Aborderno_22 omitted because of collinearity
note: Aborderno_24 omitted because of collinearity
note: Aborderno_25 omitted because of collinearity
note: Aborderno_26 omitted because of collinearity
note: Aborderno_27 omitted because of collinearity
note: Aborderno_28 omitted because of collinearity
note: Aborderno_31 omitted because of collinearity
note: Aborderno_32 omitted because of collinearity
note: Aborderno_33 omitted because of collinearity
note: Aborderno_34 omitted because of collinearity
note: Aborderno_35 omitted because of collinearity
note: Aborderno_36 omitted because of collinearity
note: Aborderno_37 omitted because of collinearity
note: Aborderno_38 omitted because of collinearity
note: Aborderno_39 omitted because of collinearity
note: Aborderno_40 omitted because of collinearity
note: Aborderno_41 omitted because of collinearity
note: Aborderno_43 omitted because of collinearity
note: Aborderno_47 omitted because of collinearity
note: Aborderno_61 omitted because of collinearity
note: Aborderno_62 omitted because of collinearity
note: Aborderno_64 omitted because of collinearity
note: Aborderno_66 omitted because of collinearity
note: Aborderno_67 omitted because of collinearity
note: Aborderno_73 omitted because of collinearity
note: Aborderno_74 omitted because of collinearity
note: Aborderno_75 omitted because of collinearity
note: Aborderno_76 omitted because of collinearity
note: Aborderno_101 omitted because of collinearity
note: Aborderno_102 omitted because of collinearity
note: Aborderno_103 omitted because of collinearity
note: Aborderno_104 omitted because of collinearity
note: Aborderno_105 omitted because of collinearity
note: Aborderno_111 omitted because of collinearity
note: Aborderno_114 omitted because of collinearity
note: Aborderno_116 omitted because of collinearity
note: Aborderno_117 omitted because of collinearity
note: Aborderno_118 omitted because of collinearity
note: Aborderno_120 omitted because of collinearity
note: Aborderno_121 omitted because of collinearity
note: Aborderno_122 omitted because of collinearity
note: Aborderno_125 omitted because of collinearity
note: Aborderno_128 omitted because of collinearity
note: Aborderno_129 omitted because of collinearity
note: Aborderno_130 omitted because of collinearity
note: Aborderno_131 omitted because of collinearity
note: Aborderno_300 omitted because of collinearity
note: Aborderno_301 omitted because of collinearity
note: Aborderno_302 omitted because of collinearity
note: Aborderno_307 omitted because of collinearity
note: Aborderno_309 omitted because of collinearity
note: Aborderno_312 omitted because of collinearity
note: Aborderno_313 omitted because of collinearity
note: Aborderno_314 omitted because of collinearity
note: Aborderno_316 omitted because of collinearity
note: Aborderno_320 omitted because of collinearity
note: Aborderno_321 omitted because of collinearity
note: Aborderno_322 omitted because of collinearity
note: Aborderno_324 omitted because of collinearity
note: Aborderno_329 omitted because of collinearity
note: Aborderno_330 omitted because of collinearity
note: AborXyea_8_1980 omitted because of collinearity
note: AborXyea_9_1980 omitted because of collinearity
note: AborXyea_10_1980 omitted because of collinearity
note: AborXyea_11_1980 omitted because of collinearity
note: AborXyea_12_1980 omitted because of collinearity
note: AborXyea_13_1980 omitted because of collinearity
note: AborXyea_14_1980 omitted because of collinearity
note: AborXyea_15_1980 omitted because of collinearity
note: AborXyea_16_1980 omitted because of collinearity
note: AborXyea_17_1980 omitted because of collinearity
note: AborXyea_18_1980 omitted because of collinearity
note: AborXyea_19_1980 omitted because of collinearity
note: AborXyea_20_1980 omitted because of collinearity
note: AborXyea_64_1980 omitted because of collinearity
note: AborXyea_76_1980 omitted because of collinearity
note: AborXyea_320_1980 omitted because of collinearity
note: AborXyea_321_1980 omitted because of collinearity

Linear regression, absorbing indicators                Number of obs =    3656
                                                       F( 62, 114)   =       .
                                                       Prob > F      =
                                                       R-squared     =  0.8205
                                                       Adj R-squared =  0.8093
                                                       Root MSE      =  .21063

                              (Std. Err. adjusted for 115 clusters in jurcode)
------------------------------------------------------------------------------
             |               Robust
     lnavval |      Coef.   Std. Err.      t    P>|t|     [95% Conf. Interval]
-------------+----------------------------------------------------------------
  yesbig1980 |  -.0613275   .0404597    -1.52   0.132    -.1414778    .0188228
     big1980 |  -.0188483   .0203965    -0.92   0.357    -.0592536    .0215571
 Aborderno_1 |  (omitted)
 Aborderno_2 |  (omitted)
 Aborderno_3 |  (omitted)
 Aborderno_4 |  (omitted)
 Aborderno_5 |  (omitted)
 Aborderno_8 |  (omitted)
 Aborderno_9 |  (omitted)
Aborderno_10 |  (omitted)
Aborderno_11 |  (omitted)
Aborderno_12 |  (omitted)
Aborderno_13 |  (omitted)
Aborderno_14 |  (omitted)
Aborderno_15 |  (omitted)
Aborderno_16 |  (omitted)
Aborderno_17 |  (omitted)
Aborderno_18 |  (omitted)
Aborderno_19 |  (omitted)
Aborderno_20 |  (omitted)
Aborderno_22 |  (omitted)
Aborderno_24 |  (omitted)
Aborderno_25 |  (omitted)
Aborderno_26 |  (omitted)
Aborderno_27 |  (omitted)
Aborderno_28 |  (omitted)
Aborderno_31 |  (omitted)
Aborderno_32 |  (omitted)
Aborderno_33 |  (omitted)
Aborderno_34 |  (omitted)
Aborderno_35 |  (omitted)
Aborderno_36 |  (omitted)
Aborderno_37 |  (omitted)
Aborderno_38 |  (omitted)
Aborderno_39 |  (omitted)
Aborderno_40 |  (omitted)
Aborderno_41 |  (omitted)
Aborderno_43 |  (omitted)
Aborderno_47 |  (omitted)
Aborderno_61 |  (omitted)
Aborderno_62 |  (omitted)
Aborderno_64 |  (omitted)
Aborderno_66 |  (omitted)
Aborderno_67 |  (omitted)
Aborderno_73 |  (omitted)
Aborderno_74 |  (omitted)
Aborderno_75 |  (omitted)
Aborderno_76 |  (omitted)
Abordern~101 |  (omitted)
Abordern~102 |  (omitted)
Abordern~103 |  (omitted)
Abordern~104 |  (omitted)
Abordern~105 |  (omitted)
Abordern~111 |  (omitted)
Abordern~114 |  (omitted)
Abordern~116 |  (omitted)
Abordern~117 |  (omitted)
Abordern~118 |  (omitted)
Abordern~120 |  (omitted)
Abordern~121 |  (omitted)
Abordern~122 |  (omitted)
Abordern~125 |  (omitted)
Abordern~128 |  (omitted)
Abordern~129 |  (omitted)
Abordern~130 |  (omitted)
Abordern~131 |  (omitted)
Abordern~300 |  (omitted)
Abordern~301 |  (omitted)
Abordern~302 |  (omitted)
Abordern~307 |  (omitted)
Abordern~309 |  (omitted)
Abordern~312 |  (omitted)
Abordern~313 |  (omitted)
Abordern~314 |  (omitted)
Abordern~316 |  (omitted)
Abordern~320 |  (omitted)
Abordern~321 |  (omitted)
Abordern~322 |  (omitted)
Abordern~324 |  (omitted)
Abordern~329 |  (omitted)
Abordern~330 |  (omitted)
  Ayear_1980 |   .5467485   .0264128    20.70   0.000      .494425     .599072
Abor~_1_1980 |  -.2916747   .0251671   -11.59   0.000    -.3415306   -.2418188
Abor~_2_1980 |  -.2969138   .0456248    -6.51   0.000    -.3872962   -.2065315
Abor~_3_1980 |   -.292744   .0566983    -5.16   0.000    -.4050629   -.1804251
Abor~_4_1980 |  -.5459735   .3061302    -1.78   0.077    -1.152415    .0604681
AborXyea_5~0 |  -.4298835   .0957278    -4.49   0.000    -.6195197   -.2402474
AborXyea_8~0 |  (omitted)
AborXyea_9~0 |  (omitted)
Abor~10_1980 |  (omitted)
Abo~_11_1980 |  (omitted)
Abo~_12_1980 |  (omitted)
Abo~_13_1980 |  (omitted)
Abo~_14_1980 |  (omitted)
Abor~15_1980 |  (omitted)
Abo~_16_1980 |  (omitted)
Abo~_17_1980 |  (omitted)
Abo~_18_1980 |  (omitted)
Abor~19_1980 |  (omitted)
Abo~_20_1980 |  (omitted)
Abo~_22_1980 |  -.3210755   .0312949   -10.26   0.000    -.3830704   -.2590806
Abo~_24_1980 |  -.2919149   .0264128   -11.05   0.000    -.3442384   -.2395914
Abo~_25_1980 |   -.523157   .1605542    -3.26   0.001    -.8412136   -.2051004
Abor~26_1980 |  -.2663669   .0359183    -7.42   0.000    -.3375207    -.195213
Abor~27_1980 |  -.1379823   .0632969    -2.18   0.031    -.2633729   -.0125917
Abo~_28_1980 |  -.1181542    .091296    -1.29   0.198    -.2990108    .0627024
Abo~_31_1980 |  -.4073515   .0552366    -7.37   0.000    -.5167747   -.2979283
Abor~32_1980 |  -.3974857   .0400815    -9.92   0.000    -.4768868   -.3180845
Abor~33_1980 |  -.3792609   .0369502   -10.26   0.000    -.4524589   -.3060629
Abor~34_1980 |  -.3423319   .0754106    -4.54   0.000    -.4917197   -.1929442
Abor~35_1980 |  -.4765918    .027416   -17.38   0.000    -.5309026    -.422281
Abor~36_1980 |  -.3661429   .0314333   -11.65   0.000    -.4284121   -.3038737
Abor~37_1980 |   -.627874   .0487196   -12.89   0.000    -.7243871    -.531361
Abor~38_1980 |  -.6502132   .0231216   -28.12   0.000    -.6960168   -.6044095
Abor~39_1980 |    -.01059   .0775549    -0.14   0.892    -.1642257    .1430458
Abor~40_1980 |  -.0641795   .0346856    -1.85   0.067    -.1328914    .0045324
Abor~41_1980 |   .3062506   .0366416     8.36   0.000     .2336638    .3788374
Abor~43_1980 |   .2947482   .0691313     4.26   0.000     .1577996    .4316967
Abor~47_1980 |  -.3594235   .0297606   -12.08   0.000    -.4183789    -.300468
Abor~61_1980 |  -.1457438   .1078056    -1.35   0.179    -.3593058    .0678183
Abor~62_1980 |  -.2149429   .0548656    -3.92   0.000    -.3236312   -.1062545
Abor~64_1980 |  (omitted)
Abor~66_1980 |  -.4144424   .0315846   -13.12   0.000    -.4770113   -.3518734
Abor~67_1980 |  -.4568715   .0306027   -14.93   0.000    -.5174952   -.3962479
Abor~73_1980 |  -.3310264   .0444673    -7.44   0.000    -.4191157    -.242937
Abor~74_1980 |   .3068786   .0330337     9.29   0.000     .2414392    .3723181
Abor~75_1980 |  -.4112679   .0416518    -9.87   0.000    -.4937798    -.328756
Abor~76_1980 |  (omitted)
Abo~101_1980 |  -.3193131   .0289361   -11.04   0.000    -.3766354   -.2619909
Abo~102_1980 |  -.3178065   .0275845   -11.52   0.000    -.3724511   -.2631619
Abor~03_1980 |   -.236675   .0608827    -3.89   0.000    -.3572831    -.116067
Abor~04_1980 |  -.3079541   .0590156    -5.22   0.000    -.4248636   -.1910446
Abor~05_1980 |  -.1820609   .0237036    -7.68   0.000    -.2290176   -.1351041
Abo~111_1980 |  -.2247419   .0523765    -4.29   0.000    -.3284993   -.1209845
Abo~114_1980 |  -.4286935   .0362034   -11.84   0.000    -.5004121   -.3569749
Abo~116_1980 |  -.2882183   .0515414    -5.59   0.000    -.3903215   -.1861151
Abo~117_1980 |  -.4707873   .1126394    -4.18   0.000    -.6939251   -.2476494
Abo~118_1980 |  -.4511472   .0233664   -19.31   0.000    -.4974359   -.4048585
Abo~120_1980 |  -.3799266   .0704185    -5.40   0.000    -.5194251   -.2404282
Abo~121_1980 |  -.4008084    .037007   -10.83   0.000     -.474119   -.3274977
Abo~122_1980 |  -.4233033   .0307557   -13.76   0.000      -.48423   -.3623766
Abo~125_1980 |  -.1971327   .0274244    -7.19   0.000    -.2514602   -.1428051
Abo~128_1980 |  -.0434409   .0311325    -1.40   0.166    -.1051142    .0182323
Abo~129_1980 |  -.3708019   .0743255    -4.99   0.000      -.51804   -.2235637
Abo~130_1980 |  -.3109534   .0490234    -6.34   0.000    -.4080684   -.2138384
Abo~131_1980 |  -.4631092   .0379257   -12.21   0.000    -.5382396   -.3879787
Abor~00_1980 |  -.4021204   .0422451    -9.52   0.000    -.4858075   -.3184332
Abo~301_1980 |  -.2750458   .1043893    -2.63   0.010    -.4818401   -.0682515
Abo~302_1980 |  -.4622434   .0230271   -20.07   0.000      -.50786   -.4166269
Abor~07_1980 |  -.2156132   .0241356    -8.93   0.000    -.2634256   -.1678008
Abor~09_1980 |   .0253502   .0372053     0.68   0.497    -.0483533    .0990537
Abo~312_1980 |  -.7579484   .0356705   -21.25   0.000    -.8286113   -.6872855
Abo~313_1980 |  -.3987397   .0264128   -15.10   0.000    -.4510632   -.3464162
Abo~314_1980 |  -.7737272    .032024   -24.16   0.000    -.8371665   -.7102878
Abo~316_1980 |  -.5869702    .063124    -9.30   0.000    -.7120183   -.4619221
Abo~320_1980 |  (omitted)
Abo~321_1980 |  (omitted)
Abo~322_1980 |  -.1729726    .032924    -5.25   0.000    -.2381948   -.1077504
Abo~324_1980 |   .1270888   .0269741     4.71   0.000     .0736533    .1805242
Abo~329_1980 |  -.4407316   .0943492    -4.67   0.000    -.6276367   -.2538266
Abo~330_1980 |  -.1284748   .0450996    -2.85   0.005    -.2178167   -.0391329
       _cons |   11.52438    .005326  2163.79   0.000     11.51383    11.53493
-------------+----------------------------------------------------------------
       extra |   absorbed                                     (149 categories)

. /* Don't weight by number of houses*/
. areg lnavval yesbig1980 big1980 A* if tierno<2, absorb(extra) cluster(jurcode)
note: Aborderno_1 omitted because of collinearity
note: Aborderno_2 omitted because of collinearity
note: Aborderno_3 omitted because of collinearity
note: Aborderno_4 omitted because of collinearity
note: Aborderno_5 omitted because of collinearity
note: Aborderno_8 omitted because of collinearity
note: Aborderno_9 omitted because of collinearity
note: Aborderno_10 omitted because of collinearity
note: Aborderno_11 omitted because of collinearity
note: Aborderno_12 omitted because of collinearity
note: Aborderno_13 omitted because of collinearity
note: Aborderno_14 omitted because of collinearity
note: Aborderno_15 omitted because of collinearity
note: Aborderno_16 omitted because of collinearity
note: Aborderno_17 omitted because of collinearity
note: Aborderno_18 omitted because of collinearity
note: Aborderno_19 omitted because of collinearity
note: Aborderno_20 omitted because of collinearity
note: Aborderno_22 omitted because of collinearity
note: Aborderno_24 omitted because of collinearity
note: Aborderno_25 omitted because of collinearity
note: Aborderno_26 omitted because of collinearity
note: Aborderno_27 omitted because of collinearity
note: Aborderno_28 omitted because of collinearity
note: Aborderno_31 omitted because of collinearity
note: Aborderno_32 omitted because of collinearity
note: Aborderno_33 omitted because of collinearity
note: Aborderno_34 omitted because of collinearity
note: Aborderno_35 omitted because of collinearity
note: Aborderno_36 omitted because of collinearity
note: Aborderno_37 omitted because of collinearity
note: Aborderno_38 omitted because of collinearity
note: Aborderno_39 omitted because of collinearity
note: Aborderno_40 omitted because of collinearity
note: Aborderno_41 omitted because of collinearity
note: Aborderno_43 omitted because of collinearity
note: Aborderno_47 omitted because of collinearity
note: Aborderno_61 omitted because of collinearity
note: Aborderno_62 omitted because of collinearity
note: Aborderno_64 omitted because of collinearity
note: Aborderno_66 omitted because of collinearity
note: Aborderno_67 omitted because of collinearity
note: Aborderno_73 omitted because of collinearity
note: Aborderno_74 omitted because of collinearity
note: Aborderno_75 omitted because of collinearity
note: Aborderno_76 omitted because of collinearity
note: Aborderno_101 omitted because of collinearity
note: Aborderno_102 omitted because of collinearity
note: Aborderno_103 omitted because of collinearity
note: Aborderno_104 omitted because of collinearity
note: Aborderno_105 omitted because of collinearity
note: Aborderno_111 omitted because of collinearity
note: Aborderno_114 omitted because of collinearity
note: Aborderno_116 omitted because of collinearity
note: Aborderno_117 omitted because of collinearity
note: Aborderno_118 omitted because of collinearity
note: Aborderno_120 omitted because of collinearity
note: Aborderno_121 omitted because of collinearity
note: Aborderno_122 omitted because of collinearity
note: Aborderno_125 omitted because of collinearity
note: Aborderno_128 omitted because of collinearity
note: Aborderno_129 omitted because of collinearity
note: Aborderno_130 omitted because of collinearity
note: Aborderno_131 omitted because of collinearity
note: Aborderno_300 omitted because of collinearity
note: Aborderno_301 omitted because of collinearity
note: Aborderno_302 omitted because of collinearity
note: Aborderno_307 omitted because of collinearity
note: Aborderno_309 omitted because of collinearity
note: Aborderno_312 omitted because of collinearity
note: Aborderno_313 omitted because of collinearity
note: Aborderno_314 omitted because of collinearity
note: Aborderno_316 omitted because of collinearity
note: Aborderno_320 omitted because of collinearity
note: Aborderno_321 omitted because of collinearity
note: Aborderno_322 omitted because of collinearity
note: Aborderno_324 omitted because of collinearity
note: Aborderno_329 omitted because of collinearity
note: Aborderno_330 omitted because of collinearity

Linear regression, absorbing indicators                Number of obs =    4352
                                                       F( 77, 117)   =       .
                                                       Prob > F      =
                                                       R-squared     =  0.7628
                                                       Adj R-squared =  0.7489
                                                       Root MSE      =  .24483

                              (Std. Err. adjusted for 118 clusters in jurcode)
------------------------------------------------------------------------------
             |               Robust
     lnavval |      Coef.   Std. Err.      t    P>|t|     [95% Conf. Interval]
-------------+----------------------------------------------------------------
  yesbig1980 |  -.0561677   .0270313    -2.08   0.040    -.1097018   -.0026336
     big1980 |   -.005777   .0161109    -0.36   0.721    -.0376839    .0261298
 Aborderno_1 |  (omitted)
 Aborderno_2 |  (omitted)
 Aborderno_3 |  (omitted)
 Aborderno_4 |  (omitted)
 Aborderno_5 |  (omitted)
 Aborderno_8 |  (omitted)
 Aborderno_9 |  (omitted)
Aborderno_10 |  (omitted)
Aborderno_11 |  (omitted)
Aborderno_12 |  (omitted)
Aborderno_13 |  (omitted)
Aborderno_14 |  (omitted)
Aborderno_15 |  (omitted)
Aborderno_16 |  (omitted)
Aborderno_17 |  (omitted)
Aborderno_18 |  (omitted)
Aborderno_19 |  (omitted)
Aborderno_20 |  (omitted)
Aborderno_22 |  (omitted)
Aborderno_24 |  (omitted)
Aborderno_25 |  (omitted)
Aborderno_26 |  (omitted)
Aborderno_27 |  (omitted)
Aborderno_28 |  (omitted)
Aborderno_31 |  (omitted)
Aborderno_32 |  (omitted)
Aborderno_33 |  (omitted)
Aborderno_34 |  (omitted)
Aborderno_35 |  (omitted)
Aborderno_36 |  (omitted)
Aborderno_37 |  (omitted)
Aborderno_38 |  (omitted)
Aborderno_39 |  (omitted)
Aborderno_40 |  (omitted)
Aborderno_41 |  (omitted)
Aborderno_43 |  (omitted)
Aborderno_47 |  (omitted)
Aborderno_61 |  (omitted)
Aborderno_62 |  (omitted)
Aborderno_64 |  (omitted)
Aborderno_66 |  (omitted)
Aborderno_67 |  (omitted)
Aborderno_73 |  (omitted)
Aborderno_74 |  (omitted)
Aborderno_75 |  (omitted)
Aborderno_76 |  (omitted)
Abordern~101 |  (omitted)
Abordern~102 |  (omitted)
Abordern~103 |  (omitted)
Abordern~104 |  (omitted)
Abordern~105 |  (omitted)
Abordern~111 |  (omitted)
Abordern~114 |  (omitted)
Abordern~116 |  (omitted)
Abordern~117 |  (omitted)
Abordern~118 |  (omitted)
Abordern~120 |  (omitted)
Abordern~121 |  (omitted)
Abordern~122 |  (omitted)
Abordern~125 |  (omitted)
Abordern~128 |  (omitted)
Abordern~129 |  (omitted)
Abordern~130 |  (omitted)
Abordern~131 |  (omitted)
Abordern~300 |  (omitted)
Abordern~301 |  (omitted)
Abordern~302 |  (omitted)
Abordern~307 |  (omitted)
Abordern~309 |  (omitted)
Abordern~312 |  (omitted)
Abordern~313 |  (omitted)
Abordern~314 |  (omitted)
Abordern~316 |  (omitted)
Abordern~320 |  (omitted)
Abordern~321 |  (omitted)
Abordern~322 |  (omitted)
Abordern~324 |  (omitted)
Abordern~329 |  (omitted)
Abordern~330 |  (omitted)
  Ayear_1980 |   .5230969   .0219599    23.82   0.000     .4796065    .5665872
Abor~_1_1980 |  -.2476343   .0406718    -6.09   0.000    -.3281826    -.167086
Abor~_2_1980 |  -.3372783   .0505456    -6.67   0.000    -.4373811   -.2371754
Abor~_3_1980 |  -.1977665   .0561576    -3.52   0.001    -.3089837   -.0865493
Abor~_4_1980 |   -.474927   .2867063    -1.66   0.100    -1.042734    .0928798
AborXyea_5~0 |  -.3943388   .0994252    -3.97   0.000    -.5912451   -.1974325
AborXyea_8~0 |   .0700977   .0220993     3.17   0.002     .0263312    .1138643
AborXyea_9~0 |   .1191228   .0441938     2.70   0.008     .0315993    .2066463
Abor~10_1980 |   .1471632   .0273265     5.39   0.000     .0930444     .201282
Abo~_11_1980 |   .0476335   .0423857     1.12   0.263    -.0363091    .1315761
Abo~_12_1980 |  -.1467685   .0254835    -5.76   0.000    -.1972372   -.0962998
Abo~_13_1980 |   .3339456    .031148    10.72   0.000     .2722586    .3956326
Abo~_14_1980 |   .0961993   .0251121     3.83   0.000     .0464661    .1459326
Abor~15_1980 |   .4273409   .0339988    12.57   0.000      .360008    .4946738
Abo~_16_1980 |   .1751727   .0453591     3.86   0.000     .0853414     .265004
Abo~_17_1980 |  -.0697581   .0661561    -1.05   0.294    -.2007768    .0612605
Abo~_18_1980 |   .1664655   .0222835     7.47   0.000     .1223342    .2105967
Abor~19_1980 |  -.0217111   .0239391    -0.91   0.366    -.0691213    .0256991
Abo~_20_1980 |  -.0288264   .0202231    -1.43   0.157    -.0688772    .0112243
Abo~_22_1980 |  -.3003169   .0251944   -11.92   0.000     -.350213   -.2504208
Abo~_24_1980 |  -.2915357   .0219599   -13.28   0.000     -.335026   -.2480453
Abo~_25_1980 |  -.5744123   .2921146    -1.97   0.052     -1.15293    .0041054
Abor~26_1980 |  -.2729876   .0726876    -3.76   0.000    -.4169416   -.1290337
Abor~27_1980 |  -.1230852   .0788192    -1.56   0.121    -.2791825    .0330121
Abo~_28_1980 |  -.1192692   .1213516    -0.98   0.328    -.3595997    .1210612
Abo~_31_1980 |   -.272539   .0992738    -2.75   0.007    -.4691456   -.0759323
Abor~32_1980 |  -.3569785   .0727891    -4.90   0.000    -.5011335   -.2128234
Abor~33_1980 |   -.374349    .020242   -18.49   0.000    -.4144374   -.3342607
Abor~34_1980 |  -.5237759    .107434    -4.88   0.000    -.7365433   -.3110085
Abor~35_1980 |  -.3751036   .0400495    -9.37   0.000    -.4544195   -.2957877
Abor~36_1980 |  -.3388325   .0404687    -8.37   0.000    -.4189787   -.2586864
Abor~37_1980 |  -.6843299   .0461919   -14.81   0.000    -.7758106   -.5928491
Abor~38_1980 |  -.6772707   .0420185   -16.12   0.000    -.7604861   -.5940553
Abor~39_1980 |   .0284614   .0343721     0.83   0.409    -.0396109    .0965336
Abor~40_1980 |  -.0418803   .0510294    -0.82   0.413    -.1429414    .0591807
Abor~41_1980 |   .3147652   .0399725     7.87   0.000     .2356018    .3939285
Abor~43_1980 |   .3122174   .0661679     4.72   0.000     .1811754    .4432595
Abor~47_1980 |  -.3377161   .0304762   -11.08   0.000    -.3980728   -.2773595
Abor~61_1980 |  -.1945181   .1129606    -1.72   0.088    -.4182306    .0291944
Abor~62_1980 |    -.21218   .0289085    -7.34   0.000    -.2694319   -.1549282
Abor~64_1980 |  -.0044618   .0206669    -0.22   0.829    -.0453916     .036468
Abor~66_1980 |  -.3607877   .0336513   -10.72   0.000    -.4274323    -.294143
Abor~67_1980 |  -.4275985   .0257064   -16.63   0.000    -.4785086   -.3766884
Abor~73_1980 |  -.2753545   .0302612    -9.10   0.000    -.3352851   -.2154238
Abor~74_1980 |   .3196946   .0237998    13.43   0.000     .2725603    .3668289
Abor~75_1980 |  -.4396885   .0391559   -11.23   0.000    -.5172347   -.3621422
Abor~76_1980 |  -.0897028    .076307    -1.18   0.242    -.2408248    .0614192
Abo~101_1980 |  -.3121997   .0535973    -5.82   0.000    -.4183463   -.2060531
Abo~102_1980 |  -.3180843   .0245005   -12.98   0.000    -.3666062   -.2695623
Abor~03_1980 |  -.2505034   .0652578    -3.84   0.000    -.3797431   -.1212636
Abor~04_1980 |  -.2960287   .0679321    -4.36   0.000    -.4305646   -.1614928
Abor~05_1980 |  -.1206414   .0215559    -5.60   0.000    -.1633317   -.0779511
Abo~111_1980 |  -.1959277   .0489968    -4.00   0.000    -.2929634    -.098892
Abo~114_1980 |  -.4240576   .0413227   -10.26   0.000     -.505895   -.3422201
Abo~116_1980 |  -.3139248   .0230175   -13.64   0.000    -.3595098   -.2683398
Abo~117_1980 |  -.4189672   .0524616    -7.99   0.000    -.5228648   -.3150697
Abo~118_1980 |  -.4554982   .0219585   -20.74   0.000    -.4989859   -.4120105
Abo~120_1980 |  -.3657163   .0829884    -4.41   0.000    -.5300706    -.201362
Abo~121_1980 |  -.3801833   .0413829    -9.19   0.000      -.46214   -.2982266
Abo~122_1980 |  -.3606282   .0209969   -17.18   0.000    -.4022114    -.319045
Abo~125_1980 |  -.1796673   .0213256    -8.42   0.000    -.2219015   -.1374332
Abo~128_1980 |  -.0109649   .0340552    -0.32   0.748    -.0784094    .0564797
Abo~129_1980 |  -.3518129   .1205607    -2.92   0.004    -.5905771   -.1130487
Abo~130_1980 |  -.2691704   .0505285    -5.33   0.000    -.3692394   -.1691014
Abo~131_1980 |  -.4591353   .0334622   -13.72   0.000    -.5254055   -.3928651
Abor~00_1980 |  -.4265436   .0271094   -15.73   0.000    -.4802324   -.3728549
Abo~301_1980 |  -.2236048   .0680754    -3.28   0.001    -.3584246   -.0887851
Abo~302_1980 |  -.4450598   .0221675   -20.08   0.000    -.4889613   -.4011582
Abor~07_1980 |  -.2108252   .0222746    -9.46   0.000    -.2549388   -.1667116
Abor~09_1980 |   .0367803   .0545628     0.67   0.502    -.0712784     .144839
Abo~312_1980 |  -.7646496   .0600167   -12.74   0.000    -.8835095   -.6457897
Abo~313_1980 |  -.3913798   .0219599   -17.82   0.000    -.4348702   -.3478894
Abo~314_1980 |  -.7895716   .0288243   -27.39   0.000    -.8466567   -.7324865
Abo~316_1980 |  -.5801019   .0697457    -8.32   0.000    -.7182297   -.4419742
Abo~320_1980 |   .2541429   .0636172     3.99   0.000     .1281524    .3801333
Abo~321_1980 |   .2533825   .0323658     7.83   0.000     .1892837    .3174813
Abo~322_1980 |  -.1756296   .0364281    -4.82   0.000    -.2477735   -.1034856
Abo~324_1980 |   .1286731   .0306031     4.20   0.000     .0680652    .1892809
Abo~329_1980 |  -.4313825   .0761361    -5.67   0.000     -.582166   -.2805989
Abo~330_1980 |  -.1482865   .0458023    -3.24   0.002    -.2389955   -.0575776
       _cons |    11.5177   .0050537  2279.09   0.000      11.5077    11.52771
-------------+----------------------------------------------------------------
       extra |   absorbed                                     (160 categories)

. /* Weight each border equally*/
. sort year borderno tierno

. by year borderno tierno: egen count=count(tierno)

. gen test=count if tierno==1
(11574 missing values generated)

. sort year borderno

. by year borderno: egen test1=max(test)

. gen weight1=1/test1

. drop test*

. areg lnavval yesbig1980 big1980 A* if tierno<2 [aw=weight1], absorb(extra) cluster(jurcode)
note: Aborderno_1 omitted because of collinearity
note: Aborderno_2 omitted because of collinearity
note: Aborderno_3 omitted because of collinearity
note: Aborderno_4 omitted because of collinearity
note: Aborderno_5 omitted because of collinearity
note: Aborderno_8 omitted because of collinearity
note: Aborderno_9 omitted because of collinearity
note: Aborderno_10 omitted because of collinearity
note: Aborderno_11 omitted because of collinearity
note: Aborderno_12 omitted because of collinearity
note: Aborderno_13 omitted because of collinearity
note: Aborderno_14 omitted because of collinearity
note: Aborderno_15 omitted because of collinearity
note: Aborderno_16 omitted because of collinearity
note: Aborderno_17 omitted because of collinearity
note: Aborderno_18 omitted because of collinearity
note: Aborderno_19 omitted because of collinearity
note: Aborderno_20 omitted because of collinearity
note: Aborderno_22 omitted because of collinearity
note: Aborderno_24 omitted because of collinearity
note: Aborderno_25 omitted because of collinearity
note: Aborderno_26 omitted because of collinearity
note: Aborderno_27 omitted because of collinearity
note: Aborderno_28 omitted because of collinearity
note: Aborderno_31 omitted because of collinearity
note: Aborderno_32 omitted because of collinearity
note: Aborderno_33 omitted because of collinearity
note: Aborderno_34 omitted because of collinearity
note: Aborderno_35 omitted because of collinearity
note: Aborderno_36 omitted because of collinearity
note: Aborderno_37 omitted because of collinearity
note: Aborderno_38 omitted because of collinearity
note: Aborderno_39 omitted because of collinearity
note: Aborderno_40 omitted because of collinearity
note: Aborderno_41 omitted because of collinearity
note: Aborderno_43 omitted because of collinearity
note: Aborderno_47 omitted because of collinearity
note: Aborderno_61 omitted because of collinearity
note: Aborderno_62 omitted because of collinearity
note: Aborderno_64 omitted because of collinearity
note: Aborderno_66 omitted because of collinearity
note: Aborderno_67 omitted because of collinearity
note: Aborderno_73 omitted because of collinearity
note: Aborderno_74 omitted because of collinearity
note: Aborderno_75 omitted because of collinearity
note: Aborderno_76 omitted because of collinearity
note: Aborderno_101 omitted because of collinearity
note: Aborderno_102 omitted because of collinearity
note: Aborderno_103 omitted because of collinearity
note: Aborderno_104 omitted because of collinearity
note: Aborderno_105 omitted because of collinearity
note: Aborderno_111 omitted because of collinearity
note: Aborderno_114 omitted because of collinearity
note: Aborderno_116 omitted because of collinearity
note: Aborderno_117 omitted because of collinearity
note: Aborderno_118 omitted because of collinearity
note: Aborderno_120 omitted because of collinearity
note: Aborderno_121 omitted because of collinearity
note: Aborderno_122 omitted because of collinearity
note: Aborderno_125 omitted because of collinearity
note: Aborderno_128 omitted because of collinearity
note: Aborderno_129 omitted because of collinearity
note: Aborderno_130 omitted because of collinearity
note: Aborderno_131 omitted because of collinearity
note: Aborderno_300 omitted because of collinearity
note: Aborderno_301 omitted because of collinearity
note: Aborderno_302 omitted because of collinearity
note: Aborderno_307 omitted because of collinearity
note: Aborderno_309 omitted because of collinearity
note: Aborderno_312 omitted because of collinearity
note: Aborderno_313 omitted because of collinearity
note: Aborderno_314 omitted because of collinearity
note: Aborderno_316 omitted because of collinearity
note: Aborderno_320 omitted because of collinearity
note: Aborderno_321 omitted because of collinearity
note: Aborderno_322 omitted because of collinearity
note: Aborderno_324 omitted because of collinearity
note: Aborderno_329 omitted because of collinearity
note: Aborderno_330 omitted because of collinearity

Linear regression, absorbing indicators                Number of obs =    4352
                                                       F( 77, 117)   =       .
                                                       Prob > F      =
                                                       R-squared     =  0.8199
                                                       Adj R-squared =  0.8094
                                                       Root MSE      =  .21228

                              (Std. Err. adjusted for 118 clusters in jurcode)
------------------------------------------------------------------------------
             |               Robust
     lnavval |      Coef.   Std. Err.      t    P>|t|     [95% Conf. Interval]
-------------+----------------------------------------------------------------
  yesbig1980 |  -.0525031   .0294058    -1.79   0.077    -.1107399    .0057336
     big1980 |  -.0096011   .0154181    -0.62   0.535    -.0401358    .0209336
 Aborderno_1 |  (omitted)
 Aborderno_2 |  (omitted)
 Aborderno_3 |  (omitted)
 Aborderno_4 |  (omitted)
 Aborderno_5 |  (omitted)
 Aborderno_8 |  (omitted)
 Aborderno_9 |  (omitted)
Aborderno_10 |  (omitted)
Aborderno_11 |  (omitted)
Aborderno_12 |  (omitted)
Aborderno_13 |  (omitted)
Aborderno_14 |  (omitted)
Aborderno_15 |  (omitted)
Aborderno_16 |  (omitted)
Aborderno_17 |  (omitted)
Aborderno_18 |  (omitted)
Aborderno_19 |  (omitted)
Aborderno_20 |  (omitted)
Aborderno_22 |  (omitted)
Aborderno_24 |  (omitted)
Aborderno_25 |  (omitted)
Aborderno_26 |  (omitted)
Aborderno_27 |  (omitted)
Aborderno_28 |  (omitted)
Aborderno_31 |  (omitted)
Aborderno_32 |  (omitted)
Aborderno_33 |  (omitted)
Aborderno_34 |  (omitted)
Aborderno_35 |  (omitted)
Aborderno_36 |  (omitted)
Aborderno_37 |  (omitted)
Aborderno_38 |  (omitted)
Aborderno_39 |  (omitted)
Aborderno_40 |  (omitted)
Aborderno_41 |  (omitted)
Aborderno_43 |  (omitted)
Aborderno_47 |  (omitted)
Aborderno_61 |  (omitted)
Aborderno_62 |  (omitted)
Aborderno_64 |  (omitted)
Aborderno_66 |  (omitted)
Aborderno_67 |  (omitted)
Aborderno_73 |  (omitted)
Aborderno_74 |  (omitted)
Aborderno_75 |  (omitted)
Aborderno_76 |  (omitted)
Abordern~101 |  (omitted)
Abordern~102 |  (omitted)
Abordern~103 |  (omitted)
Abordern~104 |  (omitted)
Abordern~105 |  (omitted)
Abordern~111 |  (omitted)
Abordern~114 |  (omitted)
Abordern~116 |  (omitted)
Abordern~117 |  (omitted)
Abordern~118 |  (omitted)
Abordern~120 |  (omitted)
Abordern~121 |  (omitted)
Abordern~122 |  (omitted)
Abordern~125 |  (omitted)
Abordern~128 |  (omitted)
Abordern~129 |  (omitted)
Abordern~130 |  (omitted)
Abordern~131 |  (omitted)
Abordern~300 |  (omitted)
Abordern~301 |  (omitted)
Abordern~302 |  (omitted)
Abordern~307 |  (omitted)
Abordern~309 |  (omitted)
Abordern~312 |  (omitted)
Abordern~313 |  (omitted)
Abordern~314 |  (omitted)
Abordern~316 |  (omitted)
Abordern~320 |  (omitted)
Abordern~321 |  (omitted)
Abordern~322 |  (omitted)
Abordern~324 |  (omitted)
Abordern~329 |  (omitted)
Abordern~330 |  (omitted)
  Ayear_1980 |   .5255937   .0230822    22.77   0.000     .4798806    .5713068
Abor~_1_1980 |   -.249964   .0395396    -6.32   0.000    -.3282701   -.1716578
Abor~_2_1980 |  -.3382419   .0498609    -6.78   0.000    -.4369888    -.239495
Abor~_3_1980 |  -.1982081   .0566266    -3.50   0.001     -.310354   -.0860621
Abor~_4_1980 |  -.4616679   .2913836    -1.58   0.116    -1.038738    .1154021
AborXyea_5~0 |  -.3953576   .0988729    -4.00   0.000    -.5911703   -.1995449
AborXyea_8~0 |   .0701233   .0237655     2.95   0.004     .0230569    .1171897
AborXyea_9~0 |   .1167571   .0448671     2.60   0.010     .0279001     .205614
Abor~10_1980 |   .1447869   .0293777     4.93   0.000     .0866059    .2029679
Abo~_11_1980 |   .0452024   .0436389     1.04   0.302    -.0412221    .1316269
Abo~_12_1980 |  -.1491812   .0273733    -5.45   0.000    -.2033926   -.0949699
Abo~_13_1980 |   .3335174   .0330481    10.09   0.000     .2680674    .3989674
Abo~_14_1980 |   .0962518   .0254648     3.78   0.000     .0458202    .1466835
Abor~15_1980 |   .4249264   .0351887    12.08   0.000     .3552369    .4946158
Abo~_16_1980 |   .1728064   .0468844     3.69   0.000     .0799544    .2656585
Abo~_17_1980 |  -.0697935   .0681577    -1.02   0.308    -.2047762    .0651892
Abo~_18_1980 |   .1662448   .0229492     7.24   0.000     .1207951    .2116945
Abor~19_1980 |  -.0225197   .0244499    -0.92   0.359    -.0709414     .025902
Abo~_20_1980 |  -.0290835    .021556    -1.35   0.180    -.0717741    .0136071
Abo~_22_1980 |  -.3006954   .0271665   -11.07   0.000    -.3544972   -.2468936
Abo~_24_1980 |  -.2940325   .0230822   -12.74   0.000    -.3397456   -.2483195
Abo~_25_1980 |  -.5409654   .2836666    -1.91   0.059    -1.102752    .0208214
Abor~26_1980 |  -.2747197   .0726458    -3.78   0.000    -.4185908   -.1308485
Abor~27_1980 |  -.1239398   .0804988    -1.54   0.126    -.2833634    .0354838
Abo~_28_1980 |  -.1224278   .1228096    -1.00   0.321    -.3656458    .1207902
Abo~_31_1980 |  -.2811758   .1043677    -2.69   0.008    -.4878704   -.0744811
Abor~32_1980 |  -.3577839   .0718894    -4.98   0.000     -.500157   -.2154108
Abor~33_1980 |  -.3748449   .0215019   -17.43   0.000    -.4174283   -.3322615
Abor~34_1980 |   -.525033   .1092079    -4.81   0.000    -.7413134   -.3087525
Abor~35_1980 |  -.3732577   .0433224    -8.62   0.000    -.4590555     -.28746
Abor~36_1980 |  -.3392435   .0399553    -8.49   0.000     -.418373   -.2601141
Abor~37_1980 |  -.6847745   .0454762   -15.06   0.000    -.7748376   -.5947114
Abor~38_1980 |  -.6779065   .0413473   -16.40   0.000    -.7597927   -.5960203
Abor~39_1980 |   .0280426   .0362668     0.77   0.441    -.0437819    .0998671
Abor~40_1980 |  -.0422751   .0503211    -0.84   0.403    -.1419334    .0573831
Abor~41_1980 |   .3138475   .0394964     7.95   0.000     .2356269    .3920681
Abor~43_1980 |   .3110772   .0664566     4.68   0.000     .1794633    .4426911
Abor~47_1980 |  -.3378692    .030383   -11.12   0.000    -.3980411   -.2776974
Abor~61_1980 |  -.2051438   .1155288    -1.78   0.078    -.4339425     .023655
Abor~62_1980 |  -.2145278   .0301928    -7.11   0.000     -.274323   -.1547326
Abor~64_1980 |  -.0054824   .0221897    -0.25   0.805    -.0494279     .038463
Abor~66_1980 |  -.3631995   .0352769   -10.30   0.000    -.4330636   -.2933355
Abor~67_1980 |  -.4300137   .0273745   -15.71   0.000    -.4842276   -.3757999
Abor~73_1980 |  -.2747921   .0317946    -8.64   0.000    -.3377596   -.2118246
Abor~74_1980 |   .3172666   .0252362    12.57   0.000     .2672877    .3672455
Abor~75_1980 |  -.4421276   .0401864   -11.00   0.000    -.5217145   -.3625406
Abor~76_1980 |   -.091107   .0785338    -1.16   0.248     -.246639    .0644249
Abo~101_1980 |  -.3117675   .0550728    -5.66   0.000    -.4208364   -.2026987
Abo~102_1980 |  -.3189029   .0264183   -12.07   0.000    -.3712229   -.2665829
Abor~03_1980 |  -.2507058   .0644749    -3.89   0.000    -.3783949   -.1230166
Abor~04_1980 |  -.3063453   .0740575    -4.14   0.000    -.4530122   -.1596784
Abor~05_1980 |  -.1193142   .0226148    -5.28   0.000    -.1641015   -.0745268
Abo~111_1980 |  -.1975078   .0484949    -4.07   0.000    -.2935494   -.1014663
Abo~114_1980 |  -.4242824   .0408172   -10.39   0.000    -.5051188    -.343446
Abo~116_1980 |  -.3145096   .0248867   -12.64   0.000    -.3637963   -.2652229
Abo~117_1980 |  -.4198795   .0515541    -8.14   0.000    -.5219797   -.3177792
Abo~118_1980 |  -.4558259   .0236551   -19.27   0.000    -.5026736   -.4089782
Abo~120_1980 |  -.3656406   .0819301    -4.46   0.000    -.5278988   -.2033823
Abo~121_1980 |  -.3815315   .0409549    -9.32   0.000    -.4626405   -.3004224
Abo~122_1980 |  -.3615634   .0226119   -15.99   0.000    -.4063452   -.3167817
Abo~125_1980 |   -.179863   .0229815    -7.83   0.000    -.2253767   -.1343493
Abo~128_1980 |  -.0128261   .0345028    -0.37   0.711     -.081157    .0555048
Abo~129_1980 |  -.3526386   .1221594    -2.89   0.005    -.5945689   -.1107083
Abo~130_1980 |  -.2715526   .0513478    -5.29   0.000    -.3732442   -.1698611
Abo~131_1980 |  -.4599024   .0350725   -13.11   0.000    -.5293617   -.3904432
Abor~00_1980 |  -.4284567   .0297918   -14.38   0.000    -.4874578   -.3694556
Abo~301_1980 |  -.2238051   .0701093    -3.19   0.002     -.362653   -.0849572
Abo~302_1980 |  -.4462536   .0240053   -18.59   0.000    -.4937949   -.3987123
Abor~07_1980 |  -.2107457   .0229861    -9.17   0.000    -.2562685   -.1652229
Abor~09_1980 |   .0326652   .0556762     0.59   0.559    -.0775985     .142929
Abo~312_1980 |  -.7647377   .0595232   -12.85   0.000    -.8826203   -.6468552
Abo~313_1980 |  -.3938767   .0230822   -17.06   0.000    -.4395897   -.3481636
Abo~314_1980 |  -.7923626   .0311187   -25.46   0.000    -.8539916   -.7307337
Abo~316_1980 |  -.5826112   .0696019    -8.37   0.000     -.720454   -.4447683
Abo~320_1980 |   .2471304   .0638437     3.87   0.000     .1206913    .3735694
Abo~321_1980 |   .2509772   .0332434     7.55   0.000     .1851403    .3168141
Abo~322_1980 |  -.1782657    .038804    -4.59   0.000     -.255115   -.1014164
Abo~324_1980 |   .1287087   .0324321     3.97   0.000     .0644787    .1929388
Abo~329_1980 |  -.4336546   .0769208    -5.64   0.000    -.5859922   -.2813171
Abo~330_1980 |  -.1477003    .047648    -3.10   0.002    -.2420648   -.0533359
       _cons |   11.50607   .0037669  3054.50   0.000     11.49861    11.51353
-------------+----------------------------------------------------------------
       extra |   absorbed                                     (160 categories)

. /* RHS: Count number of steps*/
. areg lnavval deseg01 A* if tierno<2 [aw=house_ownocc], absorb(extra) cluster(jurcode)
note: Aborderno_1 omitted because of collinearity
note: Aborderno_2 omitted because of collinearity
note: Aborderno_3 omitted because of collinearity
note: Aborderno_4 omitted because of collinearity
note: Aborderno_5 omitted because of collinearity
note: Aborderno_8 omitted because of collinearity
note: Aborderno_9 omitted because of collinearity
note: Aborderno_10 omitted because of collinearity
note: Aborderno_11 omitted because of collinearity
note: Aborderno_12 omitted because of collinearity
note: Aborderno_13 omitted because of collinearity
note: Aborderno_14 omitted because of collinearity
note: Aborderno_15 omitted because of collinearity
note: Aborderno_16 omitted because of collinearity
note: Aborderno_17 omitted because of collinearity
note: Aborderno_18 omitted because of collinearity
note: Aborderno_19 omitted because of collinearity
note: Aborderno_20 omitted because of collinearity
note: Aborderno_22 omitted because of collinearity
note: Aborderno_24 omitted because of collinearity
note: Aborderno_25 omitted because of collinearity
note: Aborderno_26 omitted because of collinearity
note: Aborderno_27 omitted because of collinearity
note: Aborderno_28 omitted because of collinearity
note: Aborderno_31 omitted because of collinearity
note: Aborderno_32 omitted because of collinearity
note: Aborderno_33 omitted because of collinearity
note: Aborderno_34 omitted because of collinearity
note: Aborderno_35 omitted because of collinearity
note: Aborderno_36 omitted because of collinearity
note: Aborderno_37 omitted because of collinearity
note: Aborderno_38 omitted because of collinearity
note: Aborderno_39 omitted because of collinearity
note: Aborderno_40 omitted because of collinearity
note: Aborderno_41 omitted because of collinearity
note: Aborderno_43 omitted because of collinearity
note: Aborderno_47 omitted because of collinearity
note: Aborderno_61 omitted because of collinearity
note: Aborderno_62 omitted because of collinearity
note: Aborderno_64 omitted because of collinearity
note: Aborderno_66 omitted because of collinearity
note: Aborderno_67 omitted because of collinearity
note: Aborderno_73 omitted because of collinearity
note: Aborderno_74 omitted because of collinearity
note: Aborderno_75 omitted because of collinearity
note: Aborderno_76 omitted because of collinearity
note: Aborderno_101 omitted because of collinearity
note: Aborderno_102 omitted because of collinearity
note: Aborderno_103 omitted because of collinearity
note: Aborderno_104 omitted because of collinearity
note: Aborderno_105 omitted because of collinearity
note: Aborderno_111 omitted because of collinearity
note: Aborderno_114 omitted because of collinearity
note: Aborderno_116 omitted because of collinearity
note: Aborderno_117 omitted because of collinearity
note: Aborderno_118 omitted because of collinearity
note: Aborderno_120 omitted because of collinearity
note: Aborderno_121 omitted because of collinearity
note: Aborderno_122 omitted because of collinearity
note: Aborderno_125 omitted because of collinearity
note: Aborderno_128 omitted because of collinearity
note: Aborderno_129 omitted because of collinearity
note: Aborderno_130 omitted because of collinearity
note: Aborderno_131 omitted because of collinearity
note: Aborderno_300 omitted because of collinearity
note: Aborderno_301 omitted because of collinearity
note: Aborderno_302 omitted because of collinearity
note: Aborderno_307 omitted because of collinearity
note: Aborderno_309 omitted because of collinearity
note: Aborderno_312 omitted because of collinearity
note: Aborderno_313 omitted because of collinearity
note: Aborderno_314 omitted because of collinearity
note: Aborderno_316 omitted because of collinearity
note: Aborderno_320 omitted because of collinearity
note: Aborderno_321 omitted because of collinearity
note: Aborderno_322 omitted because of collinearity
note: Aborderno_324 omitted because of collinearity
note: Aborderno_329 omitted because of collinearity
note: Aborderno_330 omitted because of collinearity

Linear regression, absorbing indicators                Number of obs =    4350
                                                       F( 76, 116)   =       .
                                                       Prob > F      =
                                                       R-squared     =  0.8152
                                                       Adj R-squared =  0.8045
                                                       Root MSE      =  .20637

                              (Std. Err. adjusted for 117 clusters in jurcode)
------------------------------------------------------------------------------
             |               Robust
     lnavval |      Coef.   Std. Err.      t    P>|t|     [95% Conf. Interval]
-------------+----------------------------------------------------------------
     deseg01 |  -.0199139   .0036757    -5.42   0.000    -.0271941   -.0126338
 Aborderno_1 |  (omitted)
 Aborderno_2 |  (omitted)
 Aborderno_3 |  (omitted)
 Aborderno_4 |  (omitted)
 Aborderno_5 |  (omitted)
 Aborderno_8 |  (omitted)
 Aborderno_9 |  (omitted)
Aborderno_10 |  (omitted)
Aborderno_11 |  (omitted)
Aborderno_12 |  (omitted)
Aborderno_13 |  (omitted)
Aborderno_14 |  (omitted)
Aborderno_15 |  (omitted)
Aborderno_16 |  (omitted)
Aborderno_17 |  (omitted)
Aborderno_18 |  (omitted)
Aborderno_19 |  (omitted)
Aborderno_20 |  (omitted)
Aborderno_22 |  (omitted)
Aborderno_24 |  (omitted)
Aborderno_25 |  (omitted)
Aborderno_26 |  (omitted)
Aborderno_27 |  (omitted)
Aborderno_28 |  (omitted)
Aborderno_31 |  (omitted)
Aborderno_32 |  (omitted)
Aborderno_33 |  (omitted)
Aborderno_34 |  (omitted)
Aborderno_35 |  (omitted)
Aborderno_36 |  (omitted)
Aborderno_37 |  (omitted)
Aborderno_38 |  (omitted)
Aborderno_39 |  (omitted)
Aborderno_40 |  (omitted)
Aborderno_41 |  (omitted)
Aborderno_43 |  (omitted)
Aborderno_47 |  (omitted)
Aborderno_61 |  (omitted)
Aborderno_62 |  (omitted)
Aborderno_64 |  (omitted)
Aborderno_66 |  (omitted)
Aborderno_67 |  (omitted)
Aborderno_73 |  (omitted)
Aborderno_74 |  (omitted)
Aborderno_75 |  (omitted)
Aborderno_76 |  (omitted)
Abordern~101 |  (omitted)
Abordern~102 |  (omitted)
Abordern~103 |  (omitted)
Abordern~104 |  (omitted)
Abordern~105 |  (omitted)
Abordern~111 |  (omitted)
Abordern~114 |  (omitted)
Abordern~116 |  (omitted)
Abordern~117 |  (omitted)
Abordern~118 |  (omitted)
Abordern~120 |  (omitted)
Abordern~121 |  (omitted)
Abordern~122 |  (omitted)
Abordern~125 |  (omitted)
Abordern~128 |  (omitted)
Abordern~129 |  (omitted)
Abordern~130 |  (omitted)
Abordern~131 |  (omitted)
Abordern~300 |  (omitted)
Abordern~301 |  (omitted)
Abordern~302 |  (omitted)
Abordern~307 |  (omitted)
Abordern~309 |  (omitted)
Abordern~312 |  (omitted)
Abordern~313 |  (omitted)
Abordern~314 |  (omitted)
Abordern~316 |  (omitted)
Abordern~320 |  (omitted)
Abordern~321 |  (omitted)
Abordern~322 |  (omitted)
Abordern~324 |  (omitted)
Abordern~329 |  (omitted)
Abordern~330 |  (omitted)
  Ayear_1980 |   .5334755    .016924    31.52   0.000     .4999555    .5669956
Abor~_1_1980 |  -.2931702   .0225926   -12.98   0.000    -.3379177   -.2484226
Abor~_2_1980 |  -.2924487   .0503455    -5.81   0.000    -.3921643   -.1927331
Abor~_3_1980 |  -.2308197   .0239632    -9.63   0.000    -.2782818   -.1833577
Abor~_4_1980 |  -.5453336    .311294    -1.75   0.082    -1.161891    .0712233
AborXyea_5~0 |  -.4288553   .0991426    -4.33   0.000    -.6252197   -.2324908
AborXyea_8~0 |   .0834024   .0307949     2.71   0.008     .0224092    .1443956
AborXyea_9~0 |   .0956464    .063167     1.51   0.133    -.0294638    .2207566
Abor~10_1980 |   .1208207   .0222307     5.43   0.000       .07679    .1648513
Abo~_11_1980 |   .0708587   .0172065     4.12   0.000     .0367791    .1049383
Abo~_12_1980 |  -.1673022   .0179835    -9.30   0.000    -.2029209   -.1316836
Abo~_13_1980 |   .2998613    .037804     7.93   0.000     .2249858    .3747368
Abo~_14_1980 |   .1138473   .0182424     6.24   0.000     .0777159    .1499787
Abor~15_1980 |   .4331725   .0188477    22.98   0.000     .3958423    .4705028
Abo~_16_1980 |   .1778607    .028788     6.18   0.000     .1208425    .2348789
Abo~_17_1980 |  -.0488291   .0442927    -1.10   0.273    -.1365564    .0388983
Abo~_18_1980 |   .1069419   .0219558     4.87   0.000     .0634556    .1504282
Abor~19_1980 |   .0003255    .017044     0.02   0.985    -.0334324    .0340833
Abo~_20_1980 |  -.0418357   .0277814    -1.51   0.135    -.0968602    .0131888
Abo~_22_1980 |  -.3141567   .0220476   -14.25   0.000    -.3578248   -.2704886
Abo~_24_1980 |  -.2786419    .016924   -16.46   0.000     -.312162   -.2451219
Abo~_25_1980 |  -.5327099   .1792096    -2.97   0.004     -.887657   -.1777627
Abor~26_1980 |  -.2543507   .0314822    -8.08   0.000    -.3167051   -.1919963
Abor~27_1980 |  -.1144923   .0680653    -1.68   0.095    -.2493042    .0203197
Abo~_28_1980 |  -.1178315   .0789818    -1.49   0.138     -.274265    .0386019
Abo~_31_1980 |  -.4507174   .0242745   -18.57   0.000     -.498796   -.4026387
Abor~32_1980 |  -.3906315   .0415483    -9.40   0.000    -.4729231   -.3083398
Abor~33_1980 |  -.3774827   .0281987   -13.39   0.000    -.4333338   -.3216316
Abor~34_1980 |  -.3407615   .0674659    -5.05   0.000    -.4743862   -.2071369
Abor~35_1980 |   -.473754   .0277799   -17.05   0.000    -.5287755   -.4187325
Abor~36_1980 |  -.3653712   .0326208   -11.20   0.000    -.4299807   -.3007617
Abor~37_1980 |  -.6232706   .0524406   -11.89   0.000    -.7271358   -.5194053
Abor~38_1980 |  -.6493587   .0170047   -38.19   0.000    -.6830387   -.6156787
Abor~39_1980 |    -.00894   .0697133    -0.13   0.898     -.147016    .1291361
Abor~40_1980 |  -.0629602   .0367065    -1.72   0.089    -.1356621    .0097418
Abor~41_1980 |   .3126742   .0381405     8.20   0.000     .2371322    .3882162
Abor~43_1980 |   .3390314   .0450904     7.52   0.000     .2497243    .4283385
Abor~47_1980 |  -.3598531   .0298946   -12.04   0.000    -.4190632   -.3006431
Abor~61_1980 |  -.1675133   .0845562    -1.98   0.050    -.3349875   -.0000391
Abor~62_1980 |  -.2287598    .029937    -7.64   0.000    -.2880537   -.1694658
Abor~64_1980 |   .0053333   .0189035     0.28   0.778    -.0321074     .042774
Abor~66_1980 |  -.4150783   .0176032   -23.58   0.000    -.4499437    -.380213
Abor~67_1980 |    -.44383   .0182224   -24.36   0.000    -.4799217   -.4077383
Abor~73_1980 |   -.325298   .0353335    -9.21   0.000    -.3952805   -.2553155
Abor~74_1980 |   .2875659   .0234494    12.26   0.000     .2411214    .3340103
Abor~75_1980 |  -.4554866   .0173528   -26.25   0.000     -.489856   -.4211172
Abor~76_1980 |   -.087856   .0486211    -1.81   0.073    -.1841562    .0084441
Abo~101_1980 |  -.3190233   .0207561   -15.37   0.000    -.3601334   -.2779131
Abo~102_1980 |  -.3089948   .0186952   -16.53   0.000    -.3460231   -.2719666
Abor~03_1980 |  -.2316344   .0650891    -3.56   0.001    -.3605515   -.1027174
Abor~04_1980 |  -.3021499   .0628729    -4.81   0.000    -.4266775   -.1776222
Abor~05_1980 |  -.1876362    .016924   -11.09   0.000    -.2211562   -.1541161
Abo~111_1980 |  -.2204231   .0564104    -3.91   0.000    -.3321511   -.1086952
Abo~114_1980 |  -.3949571   .0311371   -12.68   0.000     -.456628   -.3332862
Abo~116_1980 |  -.2547212   .0535827    -4.75   0.000    -.3608484    -.148594
Abo~117_1980 |  -.4372624    .108798    -4.02   0.000    -.6527506   -.2217743
Abo~118_1980 |  -.4477954   .0204937   -21.85   0.000    -.4883858   -.4072051
Abo~120_1980 |  -.3758971   .0752288    -5.00   0.000    -.5248973   -.2268969
Abo~121_1980 |  -.3554992   .0398819    -8.91   0.000    -.4344902   -.2765081
Abo~122_1980 |  -.3378147   .0346841    -9.74   0.000     -.406511   -.2691185
Abo~125_1980 |  -.1943858    .018922   -10.27   0.000    -.2318632   -.1569084
Abo~128_1980 |  -.0320693   .0264028    -1.21   0.227    -.0843634    .0202247
Abo~129_1980 |  -.3670317   .0659064    -5.57   0.000    -.4975677   -.2364956
Abo~130_1980 |  -.3206634   .0532507    -6.02   0.000     -.426133   -.2151937
Abo~131_1980 |   -.400308   .0682049    -5.87   0.000    -.5353964   -.2652196
Abor~00_1980 |  -.3013565   .0642796    -4.69   0.000    -.4286704   -.1740426
Abo~301_1980 |  -.2719014   .0968163    -2.81   0.006    -.4636582   -.0801445
Abo~302_1980 |  -.4577728   .0183809   -24.90   0.000    -.4941785    -.421367
Abor~07_1980 |  -.2146177   .0222697    -9.64   0.000    -.2587257   -.1705098
Abor~09_1980 |   .0289271    .030919     0.94   0.351    -.0323119    .0901662
Abo~312_1980 |  -.7540855    .033086   -22.79   0.000    -.8196164   -.6885546
Abo~313_1980 |  -.3854667    .016924   -22.78   0.000    -.4189868   -.3519467
Abo~314_1980 |  -.7694566   .0175525   -43.84   0.000    -.8042216   -.7346916
Abo~316_1980 |  -.5798388   .0665451    -8.71   0.000    -.7116398   -.4480378
Abo~320_1980 |   .2021259   .0916022     2.21   0.029     .0206961    .3835557
Abo~321_1980 |   .2828462   .0255966    11.05   0.000     .2321489    .3335435
Abo~322_1980 |  -.1686375   .0262997    -6.41   0.000    -.2207273   -.1165477
Abo~324_1980 |    .127915   .0188979     6.77   0.000     .0904854    .1653447
Abo~329_1980 |  -.4407198   .0805868    -5.47   0.000    -.6003321   -.2811075
Abo~330_1980 |  -.1255588   .0361268    -3.48   0.001    -.1971124   -.0540052
       _cons |   11.55872   .0033919  3407.73   0.000       11.552    11.56544
-------------+----------------------------------------------------------------
       extra |   absorbed                                     (159 categories)

. /* Add % black and lnpop in town*/
. areg lnavval yesbig1980 big1980 shblack lnpoptot A* if tierno<2 [aw=house_ownocc], absorb(extra) cluster(jurcode)
note: Aborderno_1 omitted because of collinearity
note: Aborderno_2 omitted because of collinearity
note: Aborderno_3 omitted because of collinearity
note: Aborderno_4 omitted because of collinearity
note: Aborderno_5 omitted because of collinearity
note: Aborderno_8 omitted because of collinearity
note: Aborderno_9 omitted because of collinearity
note: Aborderno_10 omitted because of collinearity
note: Aborderno_11 omitted because of collinearity
note: Aborderno_12 omitted because of collinearity
note: Aborderno_13 omitted because of collinearity
note: Aborderno_14 omitted because of collinearity
note: Aborderno_15 omitted because of collinearity
note: Aborderno_16 omitted because of collinearity
note: Aborderno_17 omitted because of collinearity
note: Aborderno_18 omitted because of collinearity
note: Aborderno_19 omitted because of collinearity
note: Aborderno_20 omitted because of collinearity
note: Aborderno_22 omitted because of collinearity
note: Aborderno_24 omitted because of collinearity
note: Aborderno_25 omitted because of collinearity
note: Aborderno_26 omitted because of collinearity
note: Aborderno_27 omitted because of collinearity
note: Aborderno_28 omitted because of collinearity
note: Aborderno_31 omitted because of collinearity
note: Aborderno_32 omitted because of collinearity
note: Aborderno_33 omitted because of collinearity
note: Aborderno_34 omitted because of collinearity
note: Aborderno_35 omitted because of collinearity
note: Aborderno_36 omitted because of collinearity
note: Aborderno_37 omitted because of collinearity
note: Aborderno_38 omitted because of collinearity
note: Aborderno_39 omitted because of collinearity
note: Aborderno_40 omitted because of collinearity
note: Aborderno_41 omitted because of collinearity
note: Aborderno_43 omitted because of collinearity
note: Aborderno_47 omitted because of collinearity
note: Aborderno_61 omitted because of collinearity
note: Aborderno_62 omitted because of collinearity
note: Aborderno_64 omitted because of collinearity
note: Aborderno_66 omitted because of collinearity
note: Aborderno_67 omitted because of collinearity
note: Aborderno_73 omitted because of collinearity
note: Aborderno_74 omitted because of collinearity
note: Aborderno_75 omitted because of collinearity
note: Aborderno_76 omitted because of collinearity
note: Aborderno_101 omitted because of collinearity
note: Aborderno_102 omitted because of collinearity
note: Aborderno_103 omitted because of collinearity
note: Aborderno_104 omitted because of collinearity
note: Aborderno_105 omitted because of collinearity
note: Aborderno_111 omitted because of collinearity
note: Aborderno_114 omitted because of collinearity
note: Aborderno_116 omitted because of collinearity
note: Aborderno_117 omitted because of collinearity
note: Aborderno_118 omitted because of collinearity
note: Aborderno_120 omitted because of collinearity
note: Aborderno_121 omitted because of collinearity
note: Aborderno_122 omitted because of collinearity
note: Aborderno_125 omitted because of collinearity
note: Aborderno_128 omitted because of collinearity
note: Aborderno_129 omitted because of collinearity
note: Aborderno_130 omitted because of collinearity
note: Aborderno_131 omitted because of collinearity
note: Aborderno_300 omitted because of collinearity
note: Aborderno_301 omitted because of collinearity
note: Aborderno_302 omitted because of collinearity
note: Aborderno_307 omitted because of collinearity
note: Aborderno_309 omitted because of collinearity
note: Aborderno_312 omitted because of collinearity
note: Aborderno_313 omitted because of collinearity
note: Aborderno_314 omitted because of collinearity
note: Aborderno_316 omitted because of collinearity
note: Aborderno_320 omitted because of collinearity
note: Aborderno_321 omitted because of collinearity
note: Aborderno_322 omitted because of collinearity
note: Aborderno_324 omitted because of collinearity
note: Aborderno_329 omitted because of collinearity
note: Aborderno_330 omitted because of collinearity

Linear regression, absorbing indicators                Number of obs =    4350
                                                       F( 78, 117)   =       .
                                                       Prob > F      =
                                                       R-squared     =  0.8150
                                                       Adj R-squared =  0.8040
                                                       Root MSE      =  .20656

                              (Std. Err. adjusted for 118 clusters in jurcode)
------------------------------------------------------------------------------
             |               Robust
     lnavval |      Coef.   Std. Err.      t    P>|t|     [95% Conf. Interval]
-------------+----------------------------------------------------------------
  yesbig1980 |  -.0621474   .0285747    -2.17   0.032     -.118738   -.0055567
     big1980 |  -.0039065   .0158656    -0.25   0.806    -.0353275    .0275146
     shblack |  -.0477288   .0816422    -0.58   0.560    -.2094168    .1139592
    lnpoptot |   .0044066   .0447538     0.10   0.922    -.0842259    .0930392
 Aborderno_1 |  (omitted)
 Aborderno_2 |  (omitted)
 Aborderno_3 |  (omitted)
 Aborderno_4 |  (omitted)
 Aborderno_5 |  (omitted)
 Aborderno_8 |  (omitted)
 Aborderno_9 |  (omitted)
Aborderno_10 |  (omitted)
Aborderno_11 |  (omitted)
Aborderno_12 |  (omitted)
Aborderno_13 |  (omitted)
Aborderno_14 |  (omitted)
Aborderno_15 |  (omitted)
Aborderno_16 |  (omitted)
Aborderno_17 |  (omitted)
Aborderno_18 |  (omitted)
Aborderno_19 |  (omitted)
Aborderno_20 |  (omitted)
Aborderno_22 |  (omitted)
Aborderno_24 |  (omitted)
Aborderno_25 |  (omitted)
Aborderno_26 |  (omitted)
Aborderno_27 |  (omitted)
Aborderno_28 |  (omitted)
Aborderno_31 |  (omitted)
Aborderno_32 |  (omitted)
Aborderno_33 |  (omitted)
Aborderno_34 |  (omitted)
Aborderno_35 |  (omitted)
Aborderno_36 |  (omitted)
Aborderno_37 |  (omitted)
Aborderno_38 |  (omitted)
Aborderno_39 |  (omitted)
Aborderno_40 |  (omitted)
Aborderno_41 |  (omitted)
Aborderno_43 |  (omitted)
Aborderno_47 |  (omitted)
Aborderno_61 |  (omitted)
Aborderno_62 |  (omitted)
Aborderno_64 |  (omitted)
Aborderno_66 |  (omitted)
Aborderno_67 |  (omitted)
Aborderno_73 |  (omitted)
Aborderno_74 |  (omitted)
Aborderno_75 |  (omitted)
Aborderno_76 |  (omitted)
Abordern~101 |  (omitted)
Abordern~102 |  (omitted)
Abordern~103 |  (omitted)
Abordern~104 |  (omitted)
Abordern~105 |  (omitted)
Abordern~111 |  (omitted)
Abordern~114 |  (omitted)
Abordern~116 |  (omitted)
Abordern~117 |  (omitted)
Abordern~118 |  (omitted)
Abordern~120 |  (omitted)
Abordern~121 |  (omitted)
Abordern~122 |  (omitted)
Abordern~125 |  (omitted)
Abordern~128 |  (omitted)
Abordern~129 |  (omitted)
Abordern~130 |  (omitted)
Abordern~131 |  (omitted)
Abordern~300 |  (omitted)
Abordern~301 |  (omitted)
Abordern~302 |  (omitted)
Abordern~307 |  (omitted)
Abordern~309 |  (omitted)
Abordern~312 |  (omitted)
Abordern~313 |  (omitted)
Abordern~314 |  (omitted)
Abordern~316 |  (omitted)
Abordern~320 |  (omitted)
Abordern~321 |  (omitted)
Abordern~322 |  (omitted)
Abordern~324 |  (omitted)
Abordern~329 |  (omitted)
Abordern~330 |  (omitted)
  Ayear_1980 |   .5371037   .0215031    24.98   0.000      .494518    .5796894
Abor~_1_1980 |  -.2900407    .024914   -11.64   0.000    -.3393817   -.2406998
Abor~_2_1980 |  -.2894159   .0513948    -5.63   0.000    -.3912007   -.1876312
Abor~_3_1980 |  -.2869623   .0576216    -4.98   0.000    -.4010788   -.1728457
Abor~_4_1980 |  -.5444609   .3097275    -1.76   0.081     -1.15786    .0689382
AborXyea_5~0 |  -.4223209   .0958781    -4.40   0.000    -.6122025   -.2324394
AborXyea_8~0 |   .0820093    .032891     2.49   0.014     .0168704    .1471481
AborXyea_9~0 |   .0991632   .0587118     1.69   0.094    -.0171124    .2154388
Abor~10_1980 |   .1292107   .0247413     5.22   0.000     .0802117    .1782096
Abo~_11_1980 |   .0776458   .0249847     3.11   0.002     .0281648    .1271267
Abo~_12_1980 |   -.146953   .0319379    -4.60   0.000    -.2102044   -.0837015
Abo~_13_1980 |   .2990934   .0396593     7.54   0.000     .2205503    .3776365
Abo~_14_1980 |   .1109952   .0194344     5.71   0.000     .0725064     .149484
Abor~15_1980 |   .4381363   .0228019    19.21   0.000     .3929783    .4832943
Abo~_16_1980 |   .1952129    .034633     5.64   0.000      .126624    .2638018
Abo~_17_1980 |   -.048193   .0471757    -1.02   0.309    -.1416219    .0452359
Abo~_18_1980 |   .1076478   .0245404     4.39   0.000     .0590468    .1562489
Abor~19_1980 |  -.0000342   .0190419    -0.00   0.999    -.0377457    .0376774
Abo~_20_1980 |  -.0429644   .0279332    -1.54   0.127    -.0982848    .0123559
Abo~_22_1980 |  -.3159786    .024975   -12.65   0.000    -.3654402   -.2665171
Abo~_24_1980 |  -.2815857    .021621   -13.02   0.000    -.3244049   -.2387664
Abo~_25_1980 |  -.5105572    .167491    -3.05   0.003    -.8422644     -.17885
Abor~26_1980 |  -.2574113   .0334248    -7.70   0.000    -.3236073   -.1912152
Abor~27_1980 |  -.1328338   .0558756    -2.38   0.019    -.2434925   -.0221751
Abo~_28_1980 |  -.1155411   .0844826    -1.37   0.174    -.2828545    .0517723
Abo~_31_1980 |  -.3689441   .0341926   -10.79   0.000    -.4366607   -.3012275
Abor~32_1980 |  -.3912832   .0409811    -9.55   0.000    -.4724442   -.3101222
Abor~33_1980 |  -.3779432   .0302137   -12.51   0.000    -.4377798   -.3181066
Abor~34_1980 |  -.3391968   .0703008    -4.82   0.000    -.4784238   -.1999697
Abor~35_1980 |  -.4729026   .0273119   -17.31   0.000    -.5269923   -.4188128
Abor~36_1980 |  -.3661761   .0325071   -11.26   0.000    -.4305547   -.3017974
Abor~37_1980 |  -.6151383   .0587909   -10.46   0.000    -.7315706   -.4987061
Abor~38_1980 |  -.6438405   .0216798   -29.70   0.000    -.6867763   -.6009047
Abor~39_1980 |  -.0067486   .0739739    -0.09   0.927    -.1532501    .1397528
Abor~40_1980 |  -.0594946   .0358994    -1.66   0.100    -.1305915    .0116024
Abor~41_1980 |   .3104743   .0382864     8.11   0.000       .23465    .3862986
Abor~43_1980 |    .297025   .0714249     4.16   0.000     .1555718    .4384783
Abor~47_1980 |  -.3591403   .0297524   -12.07   0.000    -.4180634   -.3002171
Abor~61_1980 |  -.1391079   .1003886    -1.39   0.168    -.3379221    .0597064
Abor~62_1980 |  -.2095102   .0487487    -4.30   0.000    -.3060543    -.112966
Abor~64_1980 |   .0031314   .0223482     0.14   0.889     -.041128    .0473908
Abor~66_1980 |  -.4085753   .0253985   -16.09   0.000    -.4588757   -.3582748
Abor~67_1980 |  -.4514436   .0255767   -17.65   0.000     -.502097   -.4007902
Abor~73_1980 |  -.3262269   .0374525    -8.71   0.000    -.4003995   -.2520543
Abor~74_1980 |   .3087162   .0247798    12.46   0.000     .2596411    .3577914
Abor~75_1980 |  -.4081004   .0333114   -12.25   0.000    -.4740718   -.3421289
Abor~76_1980 |  -.0876728   .0514317    -1.70   0.091    -.1895305    .0141849
Abo~101_1980 |  -.3178106   .0237249   -13.40   0.000    -.3647965   -.2708247
Abo~102_1980 |  -.3108146   .0219411   -14.17   0.000    -.3542678   -.2673613
Abor~03_1980 |  -.2330297   .0642577    -3.63   0.000    -.3602886   -.1057708
Abor~04_1980 |  -.3037972   .0621195    -4.89   0.000    -.4268216   -.1807727
Abor~05_1980 |  -.1851569   .0202751    -9.13   0.000    -.2253108   -.1450031
Abo~111_1980 |  -.2221682    .055527    -4.00   0.000    -.3321365   -.1121999
Abo~114_1980 |  -.4250128   .0367065   -11.58   0.000    -.4977081   -.3523176
Abo~116_1980 |  -.2828607   .0471445    -6.00   0.000     -.376228   -.1894934
Abo~117_1980 |   -.464922   .1153792    -4.03   0.000    -.6934244   -.2364196
Abo~118_1980 |  -.4443503   .0227407   -19.54   0.000    -.4893871   -.3993135
Abo~120_1980 |  -.3759174   .0731689    -5.14   0.000    -.5208246   -.2310102
Abo~121_1980 |  -.3976899   .0398623    -9.98   0.000    -.4766351   -.3187447
Abo~122_1980 |   -.416283     .03503   -11.88   0.000    -.4856581   -.3469079
Abo~125_1980 |  -.1981681    .035805    -5.53   0.000    -.2690781   -.1272581
Abo~128_1980 |  -.0352222    .029081    -1.21   0.228    -.0928156    .0223712
Abo~129_1980 |  -.3681702   .0680702    -5.41   0.000    -.5029795   -.2333608
Abo~130_1980 |  -.3079035   .0477811    -6.44   0.000    -.4025315   -.2132755
Abo~131_1980 |  -.4582468   .0311098   -14.73   0.000     -.519858   -.3966355
Abor~00_1980 |  -.4002011   .0338724   -11.81   0.000    -.4672835   -.3331186
Abo~301_1980 |  -.2712893   .0991877    -2.74   0.007    -.4677253   -.0748533
Abo~302_1980 |  -.4572011    .020413   -22.40   0.000    -.4976279   -.4167743
Abor~07_1980 |  -.2154851   .0233721    -9.22   0.000    -.2617724   -.1691979
Abor~09_1980 |   .0284179   .0321703     0.88   0.379    -.0352937    .0921296
Abo~312_1980 |  -.7495837   .0333628   -22.47   0.000     -.815657   -.6835103
Abo~313_1980 |  -.3884669   .0217104   -17.89   0.000    -.4314633   -.3454706
Abo~314_1980 |  -.7653546   .0290453   -26.35   0.000    -.8228774   -.7078319
Abo~316_1980 |   -.577926    .061692    -9.37   0.000    -.7001038   -.4557482
Abo~320_1980 |   .2134495   .1022517     2.09   0.039     .0109453    .4159537
Abo~321_1980 |   .2864172   .0257439    11.13   0.000     .2354326    .3374017
Abo~322_1980 |  -.1680193   .0305913    -5.49   0.000    -.2286038   -.1074349
Abo~324_1980 |   .1274659   .0208015     6.13   0.000     .0862696    .1686623
Abo~329_1980 |  -.4342545   .0894324    -4.86   0.000    -.6113707   -.2571383
Abo~330_1980 |  -.1256372   .0390888    -3.21   0.002    -.2030506   -.0482238
       _cons |   11.50693   .5297563    21.72   0.000     10.45778    12.55609
-------------+----------------------------------------------------------------
       extra |   absorbed                                     (160 categories)

. /* Less than 2% black*/
. areg lnavval yesbig1980 big1980 A* if tierno<2 & perblack<=.02 [aw=house_ownocc], absorb(extra) cluster(jurcode)
note: Aborderno_1 omitted because of collinearity
note: Aborderno_2 omitted because of collinearity
note: Aborderno_3 omitted because of collinearity
note: Aborderno_4 omitted because of collinearity
note: Aborderno_5 omitted because of collinearity
note: Aborderno_8 omitted because of collinearity
note: Aborderno_9 omitted because of collinearity
note: Aborderno_10 omitted because of collinearity
note: Aborderno_11 omitted because of collinearity
note: Aborderno_12 omitted because of collinearity
note: Aborderno_13 omitted because of collinearity
note: Aborderno_14 omitted because of collinearity
note: Aborderno_15 omitted because of collinearity
note: Aborderno_16 omitted because of collinearity
note: Aborderno_17 omitted because of collinearity
note: Aborderno_18 omitted because of collinearity
note: Aborderno_19 omitted because of collinearity
note: Aborderno_20 omitted because of collinearity
note: Aborderno_22 omitted because of collinearity
note: Aborderno_24 omitted because of collinearity
note: Aborderno_25 omitted because of collinearity
note: Aborderno_26 omitted because of collinearity
note: Aborderno_27 omitted because of collinearity
note: Aborderno_28 omitted because of collinearity
note: Aborderno_31 omitted because of collinearity
note: Aborderno_32 omitted because of collinearity
note: Aborderno_33 omitted because of collinearity
note: Aborderno_34 omitted because of collinearity
note: Aborderno_35 omitted because of collinearity
note: Aborderno_36 omitted because of collinearity
note: Aborderno_37 omitted because of collinearity
note: Aborderno_38 omitted because of collinearity
note: Aborderno_39 omitted because of collinearity
note: Aborderno_40 omitted because of collinearity
note: Aborderno_41 omitted because of collinearity
note: Aborderno_43 omitted because of collinearity
note: Aborderno_47 omitted because of collinearity
note: Aborderno_61 omitted because of collinearity
note: Aborderno_62 omitted because of collinearity
note: Aborderno_64 omitted because of collinearity
note: Aborderno_66 omitted because of collinearity
note: Aborderno_67 omitted because of collinearity
note: Aborderno_73 omitted because of collinearity
note: Aborderno_74 omitted because of collinearity
note: Aborderno_75 omitted because of collinearity
note: Aborderno_76 omitted because of collinearity
note: Aborderno_101 omitted because of collinearity
note: Aborderno_102 omitted because of collinearity
note: Aborderno_103 omitted because of collinearity
note: Aborderno_104 omitted because of collinearity
note: Aborderno_105 omitted because of collinearity
note: Aborderno_111 omitted because of collinearity
note: Aborderno_114 omitted because of collinearity
note: Aborderno_116 omitted because of collinearity
note: Aborderno_117 omitted because of collinearity
note: Aborderno_118 omitted because of collinearity
note: Aborderno_120 omitted because of collinearity
note: Aborderno_121 omitted because of collinearity
note: Aborderno_122 omitted because of collinearity
note: Aborderno_125 omitted because of collinearity
note: Aborderno_128 omitted because of collinearity
note: Aborderno_129 omitted because of collinearity
note: Aborderno_130 omitted because of collinearity
note: Aborderno_131 omitted because of collinearity
note: Aborderno_300 omitted because of collinearity
note: Aborderno_301 omitted because of collinearity
note: Aborderno_302 omitted because of collinearity
note: Aborderno_307 omitted because of collinearity
note: Aborderno_309 omitted because of collinearity
note: Aborderno_312 omitted because of collinearity
note: Aborderno_313 omitted because of collinearity
note: Aborderno_314 omitted because of collinearity
note: Aborderno_316 omitted because of collinearity
note: Aborderno_320 omitted because of collinearity
note: Aborderno_321 omitted because of collinearity
note: Aborderno_322 omitted because of collinearity
note: Aborderno_324 omitted because of collinearity
note: Aborderno_329 omitted because of collinearity
note: Aborderno_330 omitted because of collinearity
note: AborXyea_4_1980 omitted because of collinearity
note: AborXyea_12_1980 omitted because of collinearity
note: AborXyea_38_1980 omitted because of collinearity
note: AborXyea_75_1980 omitted because of collinearity
note: AborXyea_76_1980 omitted because of collinearity
note: AborXyea_118_1980 omitted because of collinearity

Linear regression, absorbing indicators                Number of obs =    3248
                                                       F( 66, 115)   =       .
                                                       Prob > F      =
                                                       R-squared     =  0.8401
                                                       Adj R-squared =  0.8278
                                                       Root MSE      =  .19903

                              (Std. Err. adjusted for 116 clusters in jurcode)
------------------------------------------------------------------------------
             |               Robust
     lnavval |      Coef.   Std. Err.      t    P>|t|     [95% Conf. Interval]
-------------+----------------------------------------------------------------
  yesbig1980 |  -.0879807    .027239    -3.23   0.002    -.1419359   -.0340254
     big1980 |   .0114298    .018812     0.61   0.545    -.0258333    .0486928
 Aborderno_1 |  (omitted)
 Aborderno_2 |  (omitted)
 Aborderno_3 |  (omitted)
 Aborderno_4 |  (omitted)
 Aborderno_5 |  (omitted)
 Aborderno_8 |  (omitted)
 Aborderno_9 |  (omitted)
Aborderno_10 |  (omitted)
Aborderno_11 |  (omitted)
Aborderno_12 |  (omitted)
Aborderno_13 |  (omitted)
Aborderno_14 |  (omitted)
Aborderno_15 |  (omitted)
Aborderno_16 |  (omitted)
Aborderno_17 |  (omitted)
Aborderno_18 |  (omitted)
Aborderno_19 |  (omitted)
Aborderno_20 |  (omitted)
Aborderno_22 |  (omitted)
Aborderno_24 |  (omitted)
Aborderno_25 |  (omitted)
Aborderno_26 |  (omitted)
Aborderno_27 |  (omitted)
Aborderno_28 |  (omitted)
Aborderno_31 |  (omitted)
Aborderno_32 |  (omitted)
Aborderno_33 |  (omitted)
Aborderno_34 |  (omitted)
Aborderno_35 |  (omitted)
Aborderno_36 |  (omitted)
Aborderno_37 |  (omitted)
Aborderno_38 |  (omitted)
Aborderno_39 |  (omitted)
Aborderno_40 |  (omitted)
Aborderno_41 |  (omitted)
Aborderno_43 |  (omitted)
Aborderno_47 |  (omitted)
Aborderno_61 |  (omitted)
Aborderno_62 |  (omitted)
Aborderno_64 |  (omitted)
Aborderno_66 |  (omitted)
Aborderno_67 |  (omitted)
Aborderno_73 |  (omitted)
Aborderno_74 |  (omitted)
Aborderno_75 |  (omitted)
Aborderno_76 |  (omitted)
Abordern~101 |  (omitted)
Abordern~102 |  (omitted)
Abordern~103 |  (omitted)
Abordern~104 |  (omitted)
Abordern~105 |  (omitted)
Abordern~111 |  (omitted)
Abordern~114 |  (omitted)
Abordern~116 |  (omitted)
Abordern~117 |  (omitted)
Abordern~118 |  (omitted)
Abordern~120 |  (omitted)
Abordern~121 |  (omitted)
Abordern~122 |  (omitted)
Abordern~125 |  (omitted)
Abordern~128 |  (omitted)
Abordern~129 |  (omitted)
Abordern~130 |  (omitted)
Abordern~131 |  (omitted)
Abordern~300 |  (omitted)
Abordern~301 |  (omitted)
Abordern~302 |  (omitted)
Abordern~307 |  (omitted)
Abordern~309 |  (omitted)
Abordern~312 |  (omitted)
Abordern~313 |  (omitted)
Abordern~314 |  (omitted)
Abordern~316 |  (omitted)
Abordern~320 |  (omitted)
Abordern~321 |  (omitted)
Abordern~322 |  (omitted)
Abordern~324 |  (omitted)
Abordern~329 |  (omitted)
Abordern~330 |  (omitted)
  Ayear_1980 |   .5379441   .0228162    23.58   0.000     .4927495    .5831386
Abor~_1_1980 |   -.325219   .0199197   -16.33   0.000    -.3646761   -.2857619
Abor~_2_1980 |  -.1414281   .0814112    -1.74   0.085    -.3026881    .0198319
Abor~_3_1980 |  -.2714988   .0385051    -7.05   0.000    -.3477699   -.1952276
Abor~_4_1980 |  (omitted)
AborXyea_5~0 |  -.2657194   .0228162   -11.65   0.000     -.310914   -.2205248
AborXyea_8~0 |   .0648349   .0345543     1.88   0.063    -.0036105    .1332804
AborXyea_9~0 |   .1327947   .0376986     3.52   0.001     .0581211    .2074683
Abor~10_1980 |   .1486816   .0336355     4.42   0.000     .0820563     .215307
Abo~_11_1980 |   .1108755   .0478794     2.32   0.022     .0160356    .2057154
Abo~_12_1980 |  (omitted)
Abo~_13_1980 |   .2625096   .0441224     5.95   0.000     .1751116    .3499076
Abo~_14_1980 |   .0526718   .0201306     2.62   0.010     .0127969    .0925467
Abor~15_1980 |   .4169999   .0237428    17.56   0.000     .3699699    .4640299
Abo~_16_1980 |   .1921409   .0348035     5.52   0.000     .1232018    .2610799
Abo~_17_1980 |  -.0986859   .0358437    -2.75   0.007    -.1696853   -.0276864
Abo~_18_1980 |   .1053585   .0209515     5.03   0.000     .0638576    .1468594
Abor~19_1980 |  -.0158674   .0193194    -0.82   0.413    -.0541354    .0224007
Abo~_20_1980 |  -.0774405   .0227885    -3.40   0.001    -.1225801   -.0323008
Abo~_22_1980 |  -.3224784   .0226865   -14.21   0.000    -.3674161   -.2775408
Abo~_24_1980 |  -.2831104   .0228162   -12.41   0.000     -.328305   -.2379159
Abo~_25_1980 |  -.2362392   .1085098    -2.18   0.032    -.4511763   -.0213021
Abor~26_1980 |  -.2369052   .0228162   -10.38   0.000    -.2820998   -.1917107
Abor~27_1980 |  -.1796183   .0666784    -2.69   0.008    -.3116955   -.0475412
Abo~_28_1980 |  -.0766956    .101231    -0.76   0.450    -.2772148    .1238236
Abo~_31_1980 |  -.4011078   .0491149    -8.17   0.000     -.498395   -.3038206
Abor~32_1980 |   -.397027   .0457933    -8.67   0.000    -.4877347   -.3063193
Abor~33_1980 |  -.4298873   .0235047   -18.29   0.000    -.4764455   -.3833291
Abor~34_1980 |  -.3977884   .1755339    -2.27   0.025    -.7454874   -.0500895
Abor~35_1980 |  -.4498931   .0640733    -7.02   0.000      -.57681   -.3229762
Abor~36_1980 |  -.3774206   .0371641   -10.16   0.000    -.4510356   -.3038056
Abor~37_1980 |  -.4479463   .0617642    -7.25   0.000    -.5702893   -.3256033
Abor~38_1980 |  (omitted)
Abor~39_1980 |   .2481685   .0325779     7.62   0.000     .1836379    .3126991
Abor~40_1980 |  -.1270728   .0211619    -6.00   0.000    -.1689904   -.0851552
Abor~41_1980 |   .3119627    .032915     9.48   0.000     .2467644    .3771611
Abor~43_1980 |   .2897796   .0601961     4.81   0.000     .1705427    .4090165
Abor~47_1980 |  -.3590773   .0298476   -12.03   0.000    -.4181996    -.299955
Abor~61_1980 |  -.1042184   .0764272    -1.36   0.175     -.255606    .0471691
Abor~62_1980 |  -.2054939   .0443806    -4.63   0.000    -.2934033   -.1175846
Abor~64_1980 |  -.0009785   .0199206    -0.05   0.961    -.0404374    .0384803
Abor~66_1980 |  -.4068875   .0276846   -14.70   0.000    -.4617255   -.3520496
Abor~67_1980 |  -.4597596   .0255236   -18.01   0.000     -.510317   -.4092023
Abor~73_1980 |  -.2881594   .0201306   -14.31   0.000    -.3280344   -.2482845
Abor~74_1980 |    .313723    .025647    12.23   0.000     .2629212    .3645247
Abor~75_1980 |  (omitted)
Abor~76_1980 |  (omitted)
Abo~101_1980 |  -.3460772   .0192058   -18.02   0.000    -.3841202   -.3080343
Abo~102_1980 |  -.3021588   .0254666   -11.86   0.000    -.3526032   -.2517145
Abor~03_1980 |  -.2410952   .0703542    -3.43   0.001    -.3804534   -.1017369
Abor~04_1980 |  -.2734311   .0228162   -11.98   0.000    -.3186256   -.2282365
Abor~05_1980 |  -.2035345   .0201306   -10.11   0.000    -.2434094   -.1636595
Abo~111_1980 |  -.2578588   .0389015    -6.63   0.000    -.3349153   -.1808023
Abo~114_1980 |  -.4094961   .0282714   -14.48   0.000    -.4654963    -.353496
Abo~116_1980 |  -.2882287   .0421176    -6.84   0.000    -.3716556   -.2048018
Abo~117_1980 |  -.4885059   .1345632    -3.63   0.000    -.7550497   -.2219621
Abo~118_1980 |  (omitted)
Abo~120_1980 |  -.3859709   .0805362    -4.79   0.000    -.5454977   -.2264441
Abo~121_1980 |  -.5166248   .0700869    -7.37   0.000    -.6554534   -.3777962
Abo~122_1980 |  -.2536295   .0994067    -2.55   0.012     -.450535    -.056724
Abo~125_1980 |  -.2090547   .0225933    -9.25   0.000    -.2538076   -.1643017
Abo~128_1980 |  -.0977079   .0278603    -3.51   0.001    -.1528937    -.042522
Abo~129_1980 |  -.3829387   .0559083    -6.85   0.000    -.4936823   -.2721951
Abo~130_1980 |  -.2930231   .0494669    -5.92   0.000    -.3910076   -.1950386
Abo~131_1980 |  -.4457181   .0260426   -17.11   0.000    -.4973034   -.3941329
Abor~00_1980 |  -.4433523   .0265651   -16.69   0.000    -.4959727   -.3907319
Abo~301_1980 |  -.2825119   .0934041    -3.02   0.003    -.4675275   -.0974963
Abo~302_1980 |  -.4696333   .0231483   -20.29   0.000    -.5154856    -.423781
Abor~07_1980 |  -.2265315   .0265434    -8.53   0.000    -.2791089    -.173954
Abor~09_1980 |   .0315493   .0277273     1.14   0.258    -.0233732    .0864719
Abo~312_1980 |  -.7462679   .0352114   -21.19   0.000    -.8160148    -.676521
Abo~313_1980 |  -.3899353   .0228162   -17.09   0.000    -.4351298   -.3447407
Abo~314_1980 |  -.7665197   .0253622   -30.22   0.000    -.8167573   -.7162821
Abo~316_1980 |  -.5792552   .0639094    -9.06   0.000    -.7058475    -.452663
Abo~320_1980 |   .1759956   .0652758     2.70   0.008     .0466968    .3052944
Abo~321_1980 |   .2720561   .0267809    10.16   0.000     .2190083     .325104
Abo~322_1980 |  -.1657537   .0280391    -5.91   0.000    -.2212937   -.1102137
Abo~324_1980 |  -.0292955   .0376475    -0.78   0.438    -.1038679    .0452768
Abo~329_1980 |  -.4745367   .0665055    -7.14   0.000    -.6062712   -.3428022
Abo~330_1980 |  -.1245159   .0295147    -4.22   0.000    -.1829789   -.0660529
       _cons |   11.56424   .0027595  4190.63   0.000     11.55877    11.56971
-------------+----------------------------------------------------------------
       extra |   absorbed                                     (157 categories)

. 
. /* Table 9: Heterogeneous responses*/
. /* Interact with % black at nearest high school before desegregation (in 1970)*/
. sort borderno jurcode

. by borderno jurcode: egen perenr_bl1970=mean(perenr_black1)
(2220 missing values generated)

. gen big1980per=big1980*perenr_bl1970
(2220 missing values generated)

. gen yesbig1980per=yesbig1980*perenr_bl1970
(2220 missing values generated)

. /* Interaction with actual black enrollment in 1970*/
. areg lnavval big1980 yesbig1980 big1980per yesbig1980per A* if tierno<2 [aw=house_ownocc], absorb(extra) cluster(jurcode)
note: Aborderno_1 omitted because of collinearity
note: Aborderno_2 omitted because of collinearity
note: Aborderno_3 omitted because of collinearity
note: Aborderno_4 omitted because of collinearity
note: Aborderno_5 omitted because of collinearity
note: Aborderno_8 omitted because of collinearity
note: Aborderno_9 omitted because of collinearity
note: Aborderno_10 omitted because of collinearity
note: Aborderno_11 omitted because of collinearity
note: Aborderno_12 omitted because of collinearity
note: Aborderno_13 omitted because of collinearity
note: Aborderno_14 omitted because of collinearity
note: Aborderno_15 omitted because of collinearity
note: Aborderno_16 omitted because of collinearity
note: Aborderno_17 omitted because of collinearity
note: Aborderno_18 omitted because of collinearity
note: Aborderno_19 omitted because of collinearity
note: Aborderno_20 omitted because of collinearity
note: Aborderno_22 omitted because of collinearity
note: Aborderno_24 omitted because of collinearity
note: Aborderno_25 omitted because of collinearity
note: Aborderno_26 omitted because of collinearity
note: Aborderno_27 omitted because of collinearity
note: Aborderno_28 omitted because of collinearity
note: Aborderno_31 omitted because of collinearity
note: Aborderno_32 omitted because of collinearity
note: Aborderno_33 omitted because of collinearity
note: Aborderno_34 omitted because of collinearity
note: Aborderno_35 omitted because of collinearity
note: Aborderno_36 omitted because of collinearity
note: Aborderno_37 omitted because of collinearity
note: Aborderno_38 omitted because of collinearity
note: Aborderno_39 omitted because of collinearity
note: Aborderno_40 omitted because of collinearity
note: Aborderno_41 omitted because of collinearity
note: Aborderno_43 omitted because of collinearity
note: Aborderno_47 omitted because of collinearity
note: Aborderno_61 omitted because of collinearity
note: Aborderno_62 omitted because of collinearity
note: Aborderno_64 omitted because of collinearity
note: Aborderno_66 omitted because of collinearity
note: Aborderno_67 omitted because of collinearity
note: Aborderno_73 omitted because of collinearity
note: Aborderno_74 omitted because of collinearity
note: Aborderno_75 omitted because of collinearity
note: Aborderno_76 omitted because of collinearity
note: Aborderno_101 omitted because of collinearity
note: Aborderno_102 omitted because of collinearity
note: Aborderno_103 omitted because of collinearity
note: Aborderno_104 omitted because of collinearity
note: Aborderno_105 omitted because of collinearity
note: Aborderno_111 omitted because of collinearity
note: Aborderno_114 omitted because of collinearity
note: Aborderno_116 omitted because of collinearity
note: Aborderno_117 omitted because of collinearity
note: Aborderno_118 omitted because of collinearity
note: Aborderno_120 omitted because of collinearity
note: Aborderno_121 omitted because of collinearity
note: Aborderno_122 omitted because of collinearity
note: Aborderno_125 omitted because of collinearity
note: Aborderno_128 omitted because of collinearity
note: Aborderno_129 omitted because of collinearity
note: Aborderno_130 omitted because of collinearity
note: Aborderno_131 omitted because of collinearity
note: Aborderno_300 omitted because of collinearity
note: Aborderno_301 omitted because of collinearity
note: Aborderno_302 omitted because of collinearity
note: Aborderno_307 omitted because of collinearity
note: Aborderno_309 omitted because of collinearity
note: Aborderno_312 omitted because of collinearity
note: Aborderno_313 omitted because of collinearity
note: Aborderno_314 omitted because of collinearity
note: Aborderno_316 omitted because of collinearity
note: Aborderno_320 omitted because of collinearity
note: Aborderno_321 omitted because of collinearity
note: Aborderno_322 omitted because of collinearity
note: Aborderno_324 omitted because of collinearity
note: Aborderno_329 omitted because of collinearity
note: Aborderno_330 omitted because of collinearity
note: AborXyea_40_1980 omitted because of collinearity
note: AborXyea_101_1980 omitted because of collinearity
note: AborXyea_102_1980 omitted because of collinearity
note: AborXyea_105_1980 omitted because of collinearity
note: AborXyea_114_1980 omitted because of collinearity
note: AborXyea_116_1980 omitted because of collinearity
note: AborXyea_117_1980 omitted because of collinearity
note: AborXyea_313_1980 omitted because of collinearity

Linear regression, absorbing indicators                Number of obs =    3712
                                                       F( 62, 95)    =       .
                                                       Prob > F      =
                                                       R-squared     =  0.8195
                                                       Adj R-squared =  0.8087
                                                       Root MSE      =   .2054

                               (Std. Err. adjusted for 96 clusters in jurcode)
------------------------------------------------------------------------------
             |               Robust
     lnavval |      Coef.   Std. Err.      t    P>|t|     [95% Conf. Interval]
-------------+----------------------------------------------------------------
     big1980 |   .0243656   .0166828     1.46   0.147    -.0087541    .0574852
  yesbig1980 |  -.0959155   .0305813    -3.14   0.002    -.1566271   -.0352038
  big1980per |  -.0379641   .0830565    -0.46   0.649    -.2028522    .1269239
yesbig1980~r |   .0636877    .092327     0.69   0.492    -.1196046    .2469801
 Aborderno_1 |  (omitted)
 Aborderno_2 |  (omitted)
 Aborderno_3 |  (omitted)
 Aborderno_4 |  (omitted)
 Aborderno_5 |  (omitted)
 Aborderno_8 |  (omitted)
 Aborderno_9 |  (omitted)
Aborderno_10 |  (omitted)
Aborderno_11 |  (omitted)
Aborderno_12 |  (omitted)
Aborderno_13 |  (omitted)
Aborderno_14 |  (omitted)
Aborderno_15 |  (omitted)
Aborderno_16 |  (omitted)
Aborderno_17 |  (omitted)
Aborderno_18 |  (omitted)
Aborderno_19 |  (omitted)
Aborderno_20 |  (omitted)
Aborderno_22 |  (omitted)
Aborderno_24 |  (omitted)
Aborderno_25 |  (omitted)
Aborderno_26 |  (omitted)
Aborderno_27 |  (omitted)
Aborderno_28 |  (omitted)
Aborderno_31 |  (omitted)
Aborderno_32 |  (omitted)
Aborderno_33 |  (omitted)
Aborderno_34 |  (omitted)
Aborderno_35 |  (omitted)
Aborderno_36 |  (omitted)
Aborderno_37 |  (omitted)
Aborderno_38 |  (omitted)
Aborderno_39 |  (omitted)
Aborderno_40 |  (omitted)
Aborderno_41 |  (omitted)
Aborderno_43 |  (omitted)
Aborderno_47 |  (omitted)
Aborderno_61 |  (omitted)
Aborderno_62 |  (omitted)
Aborderno_64 |  (omitted)
Aborderno_66 |  (omitted)
Aborderno_67 |  (omitted)
Aborderno_73 |  (omitted)
Aborderno_74 |  (omitted)
Aborderno_75 |  (omitted)
Aborderno_76 |  (omitted)
Abordern~101 |  (omitted)
Abordern~102 |  (omitted)
Abordern~103 |  (omitted)
Abordern~104 |  (omitted)
Abordern~105 |  (omitted)
Abordern~111 |  (omitted)
Abordern~114 |  (omitted)
Abordern~116 |  (omitted)
Abordern~117 |  (omitted)
Abordern~118 |  (omitted)
Abordern~120 |  (omitted)
Abordern~121 |  (omitted)
Abordern~122 |  (omitted)
Abordern~125 |  (omitted)
Abordern~128 |  (omitted)
Abordern~129 |  (omitted)
Abordern~130 |  (omitted)
Abordern~131 |  (omitted)
Abordern~300 |  (omitted)
Abordern~301 |  (omitted)
Abordern~302 |  (omitted)
Abordern~307 |  (omitted)
Abordern~309 |  (omitted)
Abordern~312 |  (omitted)
Abordern~313 |  (omitted)
Abordern~314 |  (omitted)
Abordern~316 |  (omitted)
Abordern~320 |  (omitted)
Abordern~321 |  (omitted)
Abordern~322 |  (omitted)
Abordern~324 |  (omitted)
Abordern~329 |  (omitted)
Abordern~330 |  (omitted)
  Ayear_1980 |   .5168457   .0149987    34.46   0.000     .4870694    .5466219
Abor~_1_1980 |  -.2950529   .0233672   -12.63   0.000    -.3414427   -.2486632
Abor~_2_1980 |   -.281404   .0517585    -5.44   0.000    -.3841576   -.1786504
Abor~_3_1980 |  -.2691657   .0566331    -4.75   0.000    -.3815966   -.1567348
Abor~_4_1980 |  -.5417384   .3178265    -1.70   0.092    -1.172704     .089227
AborXyea_5~0 |   -.416588   .1066228    -3.91   0.000    -.6282611   -.2049149
AborXyea_8~0 |   .0872859   .0196867     4.43   0.000     .0482029    .1263688
AborXyea_9~0 |   .1208853   .0551126     2.19   0.031     .0114729    .2302977
Abor~10_1980 |    .151975   .0193455     7.86   0.000     .1135693    .1903808
Abo~_11_1980 |   .1004355   .0215009     4.67   0.000     .0577508    .1431202
Abo~_12_1980 |  -.1466506   .0283514    -5.17   0.000    -.2029352   -.0903661
Abo~_13_1980 |   .3014095   .0272392    11.07   0.000      .247333    .3554861
Abo~_14_1980 |   .1126043   .0182788     6.16   0.000     .0763164    .1488922
Abor~15_1980 |   .4599753   .0172804    26.62   0.000     .4256694    .4942812
Abo~_16_1980 |   .2195568   .0319494     6.87   0.000     .1561292    .2829845
Abo~_17_1980 |  -.0469724    .034209    -1.37   0.173    -.1148858     .020941
Abo~_18_1980 |   .1100446   .0113636     9.68   0.000      .087485    .1326041
Abor~19_1980 |   .0029491   .0118545     0.25   0.804    -.0205851    .0264833
Abo~_20_1980 |  -.0369044   .0327305    -1.13   0.262    -.1018826    .0280738
Abo~_22_1980 |  -.3057409   .0129611   -23.59   0.000     -.331472   -.2800099
Abo~_24_1980 |   -.262012   .0149987   -17.47   0.000    -.2917882   -.2322358
Abo~_25_1980 |  -.5062397   .1706255    -2.97   0.004     -.844974   -.1675053
Abor~26_1980 |  -.2391172    .032103    -7.45   0.000    -.3028498   -.1753846
Abor~27_1980 |  -.1220997   .0521518    -2.34   0.021    -.2256341   -.0185654
Abo~_28_1980 |  -.0942411   .0845724    -1.11   0.268    -.2621386    .0736563
Abo~_31_1980 |  -.3546484   .0300302   -11.81   0.000    -.4142659   -.2950309
Abor~32_1980 |  -.3749311   .0447227    -8.38   0.000    -.4637169   -.2861454
Abor~33_1980 |  -.3756676   .0172257   -21.81   0.000    -.4098649   -.3414702
Abor~34_1980 |  -.3376628    .058832    -5.74   0.000    -.4544592   -.2208664
Abor~35_1980 |  -.4603713   .0347413   -13.25   0.000    -.5293416   -.3914011
Abor~36_1980 |  -.3647892   .0371346    -9.82   0.000    -.4385107   -.2910677
Abor~37_1980 |  -.6046261   .0571046   -10.59   0.000    -.7179931   -.4912591
Abor~38_1980 |  -.6329204   .0352072   -17.98   0.000    -.7028155   -.5630254
Abor~39_1980 |   .0158872   .0961589     0.17   0.869    -.1750123    .2067868
Abor~40_1980 |  (omitted)
Abor~41_1980 |   .3204782   .0443461     7.23   0.000     .2324401    .4085164
Abor~43_1980 |   .3200187   .0675559     4.74   0.000     .1859032    .4541341
Abor~47_1980 |  -.3593491    .032686   -10.99   0.000    -.4242391   -.2944591
Abor~61_1980 |  -.1358037   .0975204    -1.39   0.167    -.3294062    .0577989
Abor~62_1980 |  -.1248193   .0292068    -4.27   0.000    -.1828022   -.0668364
Abor~64_1980 |   .0122194   .0108635     1.12   0.264    -.0093475    .0337863
Abor~66_1980 |  -.3875888   .0209403   -18.51   0.000    -.4291606    -.346017
Abor~67_1980 |   -.430942   .0188325   -22.88   0.000    -.4683291   -.3935548
Abor~73_1980 |  -.3183918   .0251314   -12.67   0.000     -.368284   -.2684997
Abor~74_1980 |   .3315404   .0205295    16.15   0.000     .2907842    .3722965
Abor~75_1980 |  -.3945688   .0282858   -13.95   0.000    -.4507231   -.3384144
Abor~76_1980 |  -.0821751    .038531    -2.13   0.036    -.1586688   -.0056814
Abo~101_1980 |  (omitted)
Abo~102_1980 |  (omitted)
Abor~03_1980 |   -.225034   .0722578    -3.11   0.002    -.3684839   -.0815841
Abor~04_1980 |  -.2950615   .0701528    -4.21   0.000    -.4343324   -.1557907
Abor~05_1980 |  (omitted)
Abo~111_1980 |  -.2152568   .0635998    -3.38   0.001    -.3415184   -.0889952
Abo~114_1980 |  (omitted)
Abo~116_1980 |  (omitted)
Abo~117_1980 |  (omitted)
Abo~118_1980 |  -.4144636   .0149987   -27.63   0.000    -.4442398   -.3846874
Abo~120_1980 |  -.2608126   .0149987   -17.39   0.000    -.2905889   -.2310364
Abo~121_1980 |  -.3845939    .043283    -8.89   0.000    -.4705216   -.2986662
Abo~122_1980 |  -.3709128   .0149987   -24.73   0.000     -.400689   -.3411366
Abo~125_1980 |  -.1910965   .0100538   -19.01   0.000    -.2110559   -.1711371
Abo~128_1980 |   -.017052   .0268715    -0.63   0.527    -.0703986    .0362945
Abo~129_1980 |  -.3625645   .0559218    -6.48   0.000    -.4735834   -.2515457
Abo~130_1980 |   -.288246   .0456875    -6.31   0.000    -.3789472   -.1975448
Abo~131_1980 |  -.4087801   .0290701   -14.06   0.000    -.4664916   -.3510686
Abor~00_1980 |  -.3677789   .0294111   -12.50   0.000    -.4261674   -.3093904
Abo~301_1980 |  -.2682013   .0867816    -3.09   0.003    -.4404846   -.0959181
Abo~302_1980 |  -.4446169   .0217226   -20.47   0.000    -.4877416   -.4014921
Abor~07_1980 |   -.211904   .0240022    -8.83   0.000    -.2595545   -.1642535
Abor~09_1980 |   .0708304   .0104134     6.80   0.000     .0501572    .0915036
Abo~312_1980 |  -.7696911   .0294896   -26.10   0.000    -.8282354   -.7111467
Abo~313_1980 |  (omitted)
Abo~314_1980 |  -.7431173   .0294896   -25.20   0.000    -.8016616   -.6845729
Abo~316_1980 |  -.7008673    .029386   -23.85   0.000    -.7592059   -.6425286
Abo~320_1980 |   .2328843   .1028315     2.26   0.026     .0287379    .4370307
Abo~321_1980 |   .3064986   .0206733    14.83   0.000     .2654568    .3475404
Abo~322_1980 |  -.1468427    .024504    -5.99   0.000    -.1954893   -.0981962
Abo~324_1980 |   .1363944   .0199016     6.85   0.000     .0968848     .175904
Abo~329_1980 |  -.4168282    .086338    -4.83   0.000    -.5882307   -.2454256
Abo~330_1980 |  -.1206177   .0265582    -4.54   0.000    -.1733423   -.0678931
       _cons |   11.57953   .0033643  3441.84   0.000     11.57285    11.58621
-------------+----------------------------------------------------------------
       extra |   absorbed                                     (134 categories)

. areg lnavval big1980 yesbig1980 big1980per yesbig1980per A* if tierno<2 & perblack<.02 [aw=house_ownocc], absorb(extra) cluster(jurcode)
note: Aborderno_1 omitted because of collinearity
note: Aborderno_2 omitted because of collinearity
note: Aborderno_3 omitted because of collinearity
note: Aborderno_4 omitted because of collinearity
note: Aborderno_5 omitted because of collinearity
note: Aborderno_8 omitted because of collinearity
note: Aborderno_9 omitted because of collinearity
note: Aborderno_10 omitted because of collinearity
note: Aborderno_11 omitted because of collinearity
note: Aborderno_12 omitted because of collinearity
note: Aborderno_13 omitted because of collinearity
note: Aborderno_14 omitted because of collinearity
note: Aborderno_15 omitted because of collinearity
note: Aborderno_16 omitted because of collinearity
note: Aborderno_17 omitted because of collinearity
note: Aborderno_18 omitted because of collinearity
note: Aborderno_19 omitted because of collinearity
note: Aborderno_20 omitted because of collinearity
note: Aborderno_22 omitted because of collinearity
note: Aborderno_24 omitted because of collinearity
note: Aborderno_25 omitted because of collinearity
note: Aborderno_26 omitted because of collinearity
note: Aborderno_27 omitted because of collinearity
note: Aborderno_28 omitted because of collinearity
note: Aborderno_31 omitted because of collinearity
note: Aborderno_32 omitted because of collinearity
note: Aborderno_33 omitted because of collinearity
note: Aborderno_34 omitted because of collinearity
note: Aborderno_35 omitted because of collinearity
note: Aborderno_36 omitted because of collinearity
note: Aborderno_37 omitted because of collinearity
note: Aborderno_38 omitted because of collinearity
note: Aborderno_39 omitted because of collinearity
note: Aborderno_40 omitted because of collinearity
note: Aborderno_41 omitted because of collinearity
note: Aborderno_43 omitted because of collinearity
note: Aborderno_47 omitted because of collinearity
note: Aborderno_61 omitted because of collinearity
note: Aborderno_62 omitted because of collinearity
note: Aborderno_64 omitted because of collinearity
note: Aborderno_66 omitted because of collinearity
note: Aborderno_67 omitted because of collinearity
note: Aborderno_73 omitted because of collinearity
note: Aborderno_74 omitted because of collinearity
note: Aborderno_75 omitted because of collinearity
note: Aborderno_76 omitted because of collinearity
note: Aborderno_101 omitted because of collinearity
note: Aborderno_102 omitted because of collinearity
note: Aborderno_103 omitted because of collinearity
note: Aborderno_104 omitted because of collinearity
note: Aborderno_105 omitted because of collinearity
note: Aborderno_111 omitted because of collinearity
note: Aborderno_114 omitted because of collinearity
note: Aborderno_116 omitted because of collinearity
note: Aborderno_117 omitted because of collinearity
note: Aborderno_118 omitted because of collinearity
note: Aborderno_120 omitted because of collinearity
note: Aborderno_121 omitted because of collinearity
note: Aborderno_122 omitted because of collinearity
note: Aborderno_125 omitted because of collinearity
note: Aborderno_128 omitted because of collinearity
note: Aborderno_129 omitted because of collinearity
note: Aborderno_130 omitted because of collinearity
note: Aborderno_131 omitted because of collinearity
note: Aborderno_300 omitted because of collinearity
note: Aborderno_301 omitted because of collinearity
note: Aborderno_302 omitted because of collinearity
note: Aborderno_307 omitted because of collinearity
note: Aborderno_309 omitted because of collinearity
note: Aborderno_312 omitted because of collinearity
note: Aborderno_313 omitted because of collinearity
note: Aborderno_314 omitted because of collinearity
note: Aborderno_316 omitted because of collinearity
note: Aborderno_320 omitted because of collinearity
note: Aborderno_321 omitted because of collinearity
note: Aborderno_322 omitted because of collinearity
note: Aborderno_324 omitted because of collinearity
note: Aborderno_329 omitted because of collinearity
note: Aborderno_330 omitted because of collinearity
note: AborXyea_4_1980 omitted because of collinearity
note: AborXyea_12_1980 omitted because of collinearity
note: AborXyea_38_1980 omitted because of collinearity
note: AborXyea_40_1980 omitted because of collinearity
note: AborXyea_75_1980 omitted because of collinearity
note: AborXyea_76_1980 omitted because of collinearity
note: AborXyea_101_1980 omitted because of collinearity
note: AborXyea_102_1980 omitted because of collinearity
note: AborXyea_105_1980 omitted because of collinearity
note: AborXyea_114_1980 omitted because of collinearity
note: AborXyea_116_1980 omitted because of collinearity
note: AborXyea_117_1980 omitted because of collinearity
note: AborXyea_118_1980 omitted because of collinearity
note: AborXyea_313_1980 omitted because of collinearity

Linear regression, absorbing indicators                Number of obs =    2789
                                                       F( 52, 93)    =       .
                                                       Prob > F      =
                                                       R-squared     =  0.8471
                                                       Adj R-squared =  0.8353
                                                       Root MSE      =   .1953

                               (Std. Err. adjusted for 94 clusters in jurcode)
------------------------------------------------------------------------------
             |               Robust
     lnavval |      Coef.   Std. Err.      t    P>|t|     [95% Conf. Interval]
-------------+----------------------------------------------------------------
     big1980 |    .042525   .0182051     2.34   0.022     .0063732    .0786768
  yesbig1980 |  -.1402459   .0240529    -5.83   0.000    -.1880102   -.0924817
  big1980per |   -.160363   .0770683    -2.08   0.040    -.3134054   -.0073206
yesbig1980~r |   .3542053   .1278937     2.77   0.007     .1002337    .6081769
 Aborderno_1 |  (omitted)
 Aborderno_2 |  (omitted)
 Aborderno_3 |  (omitted)
 Aborderno_4 |  (omitted)
 Aborderno_5 |  (omitted)
 Aborderno_8 |  (omitted)
 Aborderno_9 |  (omitted)
Aborderno_10 |  (omitted)
Aborderno_11 |  (omitted)
Aborderno_12 |  (omitted)
Aborderno_13 |  (omitted)
Aborderno_14 |  (omitted)
Aborderno_15 |  (omitted)
Aborderno_16 |  (omitted)
Aborderno_17 |  (omitted)
Aborderno_18 |  (omitted)
Aborderno_19 |  (omitted)
Aborderno_20 |  (omitted)
Aborderno_22 |  (omitted)
Aborderno_24 |  (omitted)
Aborderno_25 |  (omitted)
Aborderno_26 |  (omitted)
Aborderno_27 |  (omitted)
Aborderno_28 |  (omitted)
Aborderno_31 |  (omitted)
Aborderno_32 |  (omitted)
Aborderno_33 |  (omitted)
Aborderno_34 |  (omitted)
Aborderno_35 |  (omitted)
Aborderno_36 |  (omitted)
Aborderno_37 |  (omitted)
Aborderno_38 |  (omitted)
Aborderno_39 |  (omitted)
Aborderno_40 |  (omitted)
Aborderno_41 |  (omitted)
Aborderno_43 |  (omitted)
Aborderno_47 |  (omitted)
Aborderno_61 |  (omitted)
Aborderno_62 |  (omitted)
Aborderno_64 |  (omitted)
Aborderno_66 |  (omitted)
Aborderno_67 |  (omitted)
Aborderno_73 |  (omitted)
Aborderno_74 |  (omitted)
Aborderno_75 |  (omitted)
Aborderno_76 |  (omitted)
Abordern~101 |  (omitted)
Abordern~102 |  (omitted)
Abordern~103 |  (omitted)
Abordern~104 |  (omitted)
Abordern~105 |  (omitted)
Abordern~111 |  (omitted)
Abordern~114 |  (omitted)
Abordern~116 |  (omitted)
Abordern~117 |  (omitted)
Abordern~118 |  (omitted)
Abordern~120 |  (omitted)
Abordern~121 |  (omitted)
Abordern~122 |  (omitted)
Abordern~125 |  (omitted)
Abordern~128 |  (omitted)
Abordern~129 |  (omitted)
Abordern~130 |  (omitted)
Abordern~131 |  (omitted)
Abordern~300 |  (omitted)
Abordern~301 |  (omitted)
Abordern~302 |  (omitted)
Abordern~307 |  (omitted)
Abordern~309 |  (omitted)
Abordern~312 |  (omitted)
Abordern~313 |  (omitted)
Abordern~314 |  (omitted)
Abordern~316 |  (omitted)
Abordern~320 |  (omitted)
Abordern~321 |  (omitted)
Abordern~322 |  (omitted)
Abordern~324 |  (omitted)
Abordern~329 |  (omitted)
Abordern~330 |  (omitted)
  Ayear_1980 |   .5186037   .0161186    32.17   0.000     .4865954     .550612
Abor~_1_1980 |  -.3320153   .0110162   -30.14   0.000    -.3538912   -.3101393
Abor~_2_1980 |  -.1095803   .0727463    -1.51   0.135      -.25404    .0348794
Abor~_3_1980 |  -.2626445   .0441974    -5.94   0.000    -.3504119   -.1748772
Abor~_4_1980 |  (omitted)
AborXyea_5~0 |  -.2463791   .0161186   -15.29   0.000    -.2783873   -.2143708
AborXyea_8~0 |   .0675079   .0203603     3.32   0.001     .0270763    .1079394
AborXyea_9~0 |    .155839   .0306455     5.09   0.000     .0949831     .216695
Abor~10_1980 |   .1773326   .0242846     7.30   0.000     .1291081    .2255571
Abo~_11_1980 |   .1382323   .0518131     2.67   0.009     .0353417    .2411229
Abo~_12_1980 |  (omitted)
Abo~_13_1980 |   .2619121   .0311698     8.40   0.000     .2000151    .3238091
Abo~_14_1980 |   .0797632   .0182667     4.37   0.000     .0434891    .1160372
Abor~15_1980 |   .4382181    .017692    24.77   0.000     .4030854    .4733509
Abo~_16_1980 |   .2220039   .0287351     7.73   0.000     .1649417    .2790661
Abo~_17_1980 |  -.0854795   .0386182    -2.21   0.029    -.1621676   -.0087914
Abo~_18_1980 |   .1076345   .0109899     9.79   0.000     .0858108    .1294582
Abor~19_1980 |  -.0144533   .0135909    -1.06   0.290    -.0414422    .0125356
Abo~_20_1980 |   -.073149   .0257811    -2.84   0.006    -.1243452   -.0219529
Abo~_22_1980 |   -.313621   .0120982   -25.92   0.000    -.3376456   -.2895963
Abo~_24_1980 |  -.2637701   .0161186   -16.36   0.000    -.2957784   -.2317618
Abo~_25_1980 |  -.3193337   .1835438    -1.74   0.085    -.6838154     .045148
Abor~26_1980 |  -.2175649   .0161186   -13.50   0.000    -.2495732   -.1855566
Abor~27_1980 |  -.1439439   .0777075    -1.85   0.067    -.2982556    .0103678
Abo~_28_1980 |  -.0474465   .1051808    -0.45   0.653    -.2563147    .1614217
Abo~_31_1980 |  -.3888697   .0474059    -8.20   0.000    -.4830084    -.294731
Abor~32_1980 |  -.3580588   .0292694   -12.23   0.000    -.4161819   -.2999356
Abor~33_1980 |  -.4297134   .0265057   -16.21   0.000    -.4823484   -.3770784
Abor~34_1980 |  -.3933154   .1692423    -2.32   0.022    -.7293972   -.0572337
Abor~35_1980 |  -.4014057   .0516943    -7.76   0.000    -.5040603   -.2987512
Abor~36_1980 |   -.378228   .0432034    -8.75   0.000    -.4640214   -.2924346
Abor~37_1980 |   -.365661   .0519427    -7.04   0.000    -.4688088   -.2625132
Abor~38_1980 |  (omitted)
Abor~39_1980 |   .3294754   .0828228     3.98   0.000     .1650058     .493945
Abor~40_1980 |  (omitted)
Abor~41_1980 |   .3210252   .0384359     8.35   0.000     .2446991    .3973512
Abor~43_1980 |   .3194986   .0510412     6.26   0.000     .2181409    .4208562
Abor~47_1980 |  -.3553444   .0313553   -11.33   0.000    -.4176099    -.293079
Abor~61_1980 |  -.1826364    .067878    -2.69   0.008    -.3174286   -.0478441
Abor~62_1980 |  -.1225325   .0249164    -4.92   0.000    -.1720115   -.0730535
Abor~64_1980 |   .0057206   .0141739     0.40   0.687     -.022426    .0338672
Abor~66_1980 |  -.3808199   .0286096   -13.31   0.000     -.437633   -.3240068
Abor~67_1980 |  -.4322972    .017561   -24.62   0.000    -.4671699   -.3974246
Abor~73_1980 |  -.2996044   .0118987   -25.18   0.000    -.3232328    -.275976
Abor~74_1980 |   .3401642   .0212976    15.97   0.000     .2978714     .382457
Abor~75_1980 |  (omitted)
Abor~76_1980 |  (omitted)
Abo~101_1980 |  (omitted)
Abo~102_1980 |  (omitted)
Abor~03_1980 |  -.2327482    .077669    -3.00   0.003    -.3869834    -.078513
Abor~04_1980 |  -.2540907   .0161186   -15.76   0.000     -.286099   -.2220824
Abor~05_1980 |  (omitted)
Abo~111_1980 |  -.2542073   .0461808    -5.50   0.000    -.3459132   -.1625014
Abo~114_1980 |  (omitted)
Abo~116_1980 |  (omitted)
Abo~117_1980 |  (omitted)
Abo~118_1980 |  (omitted)
Abo~120_1980 |  -.2625707   .0161186   -16.29   0.000     -.294579   -.2305624
Abo~121_1980 |  -.4897512   .0659592    -7.43   0.000     -.620733   -.3587694
Abo~122_1980 |  -.3171631   .0161186   -19.68   0.000    -.3491714   -.2851549
Abo~125_1980 |  -.2078352   .0106373   -19.54   0.000    -.2289589   -.1867116
Abo~128_1980 |  -.0777832   .0228066    -3.41   0.001    -.1230726   -.0324937
Abo~129_1980 |    -.37863    .042832    -8.84   0.000    -.4636859   -.2935742
Abo~130_1980 |   -.278478   .0506591    -5.50   0.000     -.379077    -.177879
Abo~131_1980 |   -.427941   .0337473   -12.68   0.000    -.4949566   -.3609255
Abor~00_1980 |  -.4140795   .0233319   -17.75   0.000    -.4604121   -.3677469
Abo~301_1980 |  -.2791908    .081458    -3.43   0.001    -.4409504   -.1174313
Abo~302_1980 |  -.4317181   .0210999   -20.46   0.000    -.4736184   -.3898178
Abor~07_1980 |   -.219187   .0269445    -8.13   0.000    -.2726933   -.1656806
Abor~09_1980 |   .0726213   .0111806     6.50   0.000     .0504188    .0948237
Abo~312_1980 |  -.7494397   .0229623   -32.64   0.000    -.7950383   -.7038411
Abo~313_1980 |  (omitted)
Abo~314_1980 |  -.7228659   .0229623   -31.48   0.000    -.7684645   -.6772673
Abo~316_1980 |  -.6831963   .0234719   -29.11   0.000    -.7298069   -.6365857
Abo~320_1980 |   .1892911   .0580637     3.26   0.002     .0739881    .3045941
Abo~321_1980 |   .2850321   .0272987    10.44   0.000     .2308224    .3392419
Abo~322_1980 |  -.1371535    .018754    -7.31   0.000    -.1743953   -.0999118
Abo~324_1980 |   .0042336   .0331314     0.13   0.899    -.0615587    .0700259
Abo~329_1980 |   -.468364   .0491159    -9.54   0.000    -.5658984   -.3708295
Abo~330_1980 |  -.1172269   .0195784    -5.99   0.000    -.1561058    -.078348
       _cons |   11.59296   .0025749  4502.29   0.000     11.58784    11.59807
-------------+----------------------------------------------------------------
       extra |   absorbed                                     (131 categories)

. areg lnavcost big1980 yesbig1980 big1980per yesbig1980per A* if tierno<2 & perblack<.02 [aw=house_all], absorb(extra) cluster(jurcode)
note: Aborderno_1 omitted because of collinearity
note: Aborderno_2 omitted because of collinearity
note: Aborderno_3 omitted because of collinearity
note: Aborderno_4 omitted because of collinearity
note: Aborderno_5 omitted because of collinearity
note: Aborderno_8 omitted because of collinearity
note: Aborderno_9 omitted because of collinearity
note: Aborderno_10 omitted because of collinearity
note: Aborderno_11 omitted because of collinearity
note: Aborderno_12 omitted because of collinearity
note: Aborderno_13 omitted because of collinearity
note: Aborderno_14 omitted because of collinearity
note: Aborderno_15 omitted because of collinearity
note: Aborderno_16 omitted because of collinearity
note: Aborderno_17 omitted because of collinearity
note: Aborderno_18 omitted because of collinearity
note: Aborderno_19 omitted because of collinearity
note: Aborderno_20 omitted because of collinearity
note: Aborderno_22 omitted because of collinearity
note: Aborderno_24 omitted because of collinearity
note: Aborderno_25 omitted because of collinearity
note: Aborderno_26 omitted because of collinearity
note: Aborderno_27 omitted because of collinearity
note: Aborderno_28 omitted because of collinearity
note: Aborderno_31 omitted because of collinearity
note: Aborderno_32 omitted because of collinearity
note: Aborderno_33 omitted because of collinearity
note: Aborderno_34 omitted because of collinearity
note: Aborderno_35 omitted because of collinearity
note: Aborderno_36 omitted because of collinearity
note: Aborderno_37 omitted because of collinearity
note: Aborderno_38 omitted because of collinearity
note: Aborderno_39 omitted because of collinearity
note: Aborderno_40 omitted because of collinearity
note: Aborderno_41 omitted because of collinearity
note: Aborderno_43 omitted because of collinearity
note: Aborderno_47 omitted because of collinearity
note: Aborderno_61 omitted because of collinearity
note: Aborderno_62 omitted because of collinearity
note: Aborderno_64 omitted because of collinearity
note: Aborderno_66 omitted because of collinearity
note: Aborderno_67 omitted because of collinearity
note: Aborderno_73 omitted because of collinearity
note: Aborderno_74 omitted because of collinearity
note: Aborderno_75 omitted because of collinearity
note: Aborderno_76 omitted because of collinearity
note: Aborderno_101 omitted because of collinearity
note: Aborderno_102 omitted because of collinearity
note: Aborderno_103 omitted because of collinearity
note: Aborderno_104 omitted because of collinearity
note: Aborderno_105 omitted because of collinearity
note: Aborderno_111 omitted because of collinearity
note: Aborderno_114 omitted because of collinearity
note: Aborderno_116 omitted because of collinearity
note: Aborderno_117 omitted because of collinearity
note: Aborderno_118 omitted because of collinearity
note: Aborderno_120 omitted because of collinearity
note: Aborderno_121 omitted because of collinearity
note: Aborderno_122 omitted because of collinearity
note: Aborderno_125 omitted because of collinearity
note: Aborderno_128 omitted because of collinearity
note: Aborderno_129 omitted because of collinearity
note: Aborderno_130 omitted because of collinearity
note: Aborderno_131 omitted because of collinearity
note: Aborderno_300 omitted because of collinearity
note: Aborderno_301 omitted because of collinearity
note: Aborderno_302 omitted because of collinearity
note: Aborderno_307 omitted because of collinearity
note: Aborderno_309 omitted because of collinearity
note: Aborderno_312 omitted because of collinearity
note: Aborderno_313 omitted because of collinearity
note: Aborderno_314 omitted because of collinearity
note: Aborderno_316 omitted because of collinearity
note: Aborderno_320 omitted because of collinearity
note: Aborderno_321 omitted because of collinearity
note: Aborderno_322 omitted because of collinearity
note: Aborderno_324 omitted because of collinearity
note: Aborderno_329 omitted because of collinearity
note: Aborderno_330 omitted because of collinearity
note: AborXyea_12_1980 omitted because of collinearity
note: AborXyea_38_1980 omitted because of collinearity
note: AborXyea_40_1980 omitted because of collinearity
note: AborXyea_75_1980 omitted because of collinearity
note: AborXyea_76_1980 omitted because of collinearity
note: AborXyea_101_1980 omitted because of collinearity
note: AborXyea_102_1980 omitted because of collinearity
note: AborXyea_105_1980 omitted because of collinearity
note: AborXyea_114_1980 omitted because of collinearity
note: AborXyea_116_1980 omitted because of collinearity
note: AborXyea_117_1980 omitted because of collinearity
note: AborXyea_118_1980 omitted because of collinearity
note: AborXyea_313_1980 omitted because of collinearity

Linear regression, absorbing indicators                Number of obs =    3143
                                                       F( 54, 93)    =       .
                                                       Prob > F      =
                                                       R-squared     =  0.5917
                                                       Adj R-squared =  0.5637
                                                       Root MSE      =  .27739

                               (Std. Err. adjusted for 94 clusters in jurcode)
------------------------------------------------------------------------------
             |               Robust
    lnavcost |      Coef.   Std. Err.      t    P>|t|     [95% Conf. Interval]
-------------+----------------------------------------------------------------
     big1980 |   .0287168    .034252     0.84   0.404    -.0393009    .0967346
  yesbig1980 |  -.0949759   .0548204    -1.73   0.087    -.2038383    .0138865
  big1980per |  -.0684827   .1447409    -0.47   0.637    -.3559094     .218944
yesbig1980~r |  -.2579321   .2684232    -0.96   0.339    -.7909674    .2751032
 Aborderno_1 |  (omitted)
 Aborderno_2 |  (omitted)
 Aborderno_3 |  (omitted)
 Aborderno_4 |  (omitted)
 Aborderno_5 |  (omitted)
 Aborderno_8 |  (omitted)
 Aborderno_9 |  (omitted)
Aborderno_10 |  (omitted)
Aborderno_11 |  (omitted)
Aborderno_12 |  (omitted)
Aborderno_13 |  (omitted)
Aborderno_14 |  (omitted)
Aborderno_15 |  (omitted)
Aborderno_16 |  (omitted)
Aborderno_17 |  (omitted)
Aborderno_18 |  (omitted)
Aborderno_19 |  (omitted)
Aborderno_20 |  (omitted)
Aborderno_22 |  (omitted)
Aborderno_24 |  (omitted)
Aborderno_25 |  (omitted)
Aborderno_26 |  (omitted)
Aborderno_27 |  (omitted)
Aborderno_28 |  (omitted)
Aborderno_31 |  (omitted)
Aborderno_32 |  (omitted)
Aborderno_33 |  (omitted)
Aborderno_34 |  (omitted)
Aborderno_35 |  (omitted)
Aborderno_36 |  (omitted)
Aborderno_37 |  (omitted)
Aborderno_38 |  (omitted)
Aborderno_39 |  (omitted)
Aborderno_40 |  (omitted)
Aborderno_41 |  (omitted)
Aborderno_43 |  (omitted)
Aborderno_47 |  (omitted)
Aborderno_61 |  (omitted)
Aborderno_62 |  (omitted)
Aborderno_64 |  (omitted)
Aborderno_66 |  (omitted)
Aborderno_67 |  (omitted)
Aborderno_73 |  (omitted)
Aborderno_74 |  (omitted)
Aborderno_75 |  (omitted)
Aborderno_76 |  (omitted)
Abordern~101 |  (omitted)
Abordern~102 |  (omitted)
Abordern~103 |  (omitted)
Abordern~104 |  (omitted)
Abordern~105 |  (omitted)
Abordern~111 |  (omitted)
Abordern~114 |  (omitted)
Abordern~116 |  (omitted)
Abordern~117 |  (omitted)
Abordern~118 |  (omitted)
Abordern~120 |  (omitted)
Abordern~121 |  (omitted)
Abordern~122 |  (omitted)
Abordern~125 |  (omitted)
Abordern~128 |  (omitted)
Abordern~129 |  (omitted)
Abordern~130 |  (omitted)
Abordern~131 |  (omitted)
Abordern~300 |  (omitted)
Abordern~301 |  (omitted)
Abordern~302 |  (omitted)
Abordern~307 |  (omitted)
Abordern~309 |  (omitted)
Abordern~312 |  (omitted)
Abordern~313 |  (omitted)
Abordern~314 |  (omitted)
Abordern~316 |  (omitted)
Abordern~320 |  (omitted)
Abordern~321 |  (omitted)
Abordern~322 |  (omitted)
Abordern~324 |  (omitted)
Abordern~329 |  (omitted)
Abordern~330 |  (omitted)
  Ayear_1980 |   .3375897   .0654007     5.16   0.000     .2077168    .4674626
Abor~_1_1980 |   .0504077   .0641537     0.79   0.434     -.076989    .1778043
Abor~_2_1980 |   .1292722    .172473     0.75   0.455    -.2132249    .4717694
Abor~_3_1980 |  -.0655741   .0821053    -0.80   0.427    -.2286191    .0974708
Abor~_4_1980 |  -.1809681   .1080547    -1.67   0.097    -.3955434    .0336072
AborXyea_5~0 |  -.0490942   .0654007    -0.75   0.455    -.1789671    .0807787
AborXyea_8~0 |   .0715251   .0819823     0.87   0.385    -.0912755    .2343258
AborXyea_9~0 |  -.0017744   .0932168    -0.02   0.985    -.1868846    .1833357
Abor~10_1980 |   .2235769    .069634     3.21   0.002     .0852976    .3618561
Abo~_11_1980 |  -.0021694   .1528769    -0.01   0.989    -.3057527    .3014139
Abo~_12_1980 |  (omitted)
Abo~_13_1980 |   .0209458   .0976339     0.21   0.831    -.1729357    .2148273
Abo~_14_1980 |   .4230777   .0687955     6.15   0.000     .2864635    .5596919
Abor~15_1980 |   .3398186   .1045085     3.25   0.002     .1322855    .5473516
Abo~_16_1980 |   .0781879   .1086735     0.72   0.474     -.137616    .2939918
Abo~_17_1980 |  -.1835999    .064791    -2.83   0.006    -.3122619   -.0549378
Abo~_18_1980 |   .0533249   .1059466     0.50   0.616    -.1570641    .2637138
Abor~19_1980 |   .0720929   .0950833     0.76   0.450    -.1167237    .2609095
Abo~_20_1980 |  -.0556694   .0815747    -0.68   0.497    -.2176607    .1063219
Abo~_22_1980 |  -.1076948   .0666195    -1.62   0.109    -.2399879    .0245983
Abo~_24_1980 |   -1.21791   .1004491   -12.12   0.000    -1.417382   -1.018438
Abo~_25_1980 |  -.5736242   .3747609    -1.53   0.129    -1.317825    .1705767
Abor~26_1980 |  -.0960059   .0654007    -1.47   0.145    -.2258788     .033867
Abor~27_1980 |  -.1210258    .078771    -1.54   0.128    -.2774495    .0353979
Abo~_28_1980 |  -.1959457   .0730608    -2.68   0.009    -.3410299   -.0508614
Abo~_31_1980 |    -.26518   .0866175    -3.06   0.003    -.4371852   -.0931747
Abor~32_1980 |  -.2521908   .0931955    -2.71   0.008    -.4372586   -.0671229
Abor~33_1980 |  -.1761419    .070111    -2.51   0.014    -.3153684   -.0369153
Abor~34_1980 |  -.3885892   .1353646    -2.87   0.005    -.6573964    -.119782
Abor~35_1980 |  -.3997553   .0857485    -4.66   0.000    -.5700349   -.2294757
Abor~36_1980 |  -.3162849   .0691705    -4.57   0.000    -.4536437    -.178926
Abor~37_1980 |  -.1525499   .0822734    -1.85   0.067    -.3159286    .0108288
Abor~38_1980 |  (omitted)
Abor~39_1980 |  -.0113683   .1397089    -0.08   0.935    -.2888025    .2660658
Abor~40_1980 |  (omitted)
Abor~41_1980 |   .3490797   .1173565     2.97   0.004      .116033    .5821265
Abor~43_1980 |  -.0706899   .0788473    -0.90   0.372    -.2272651    .0858852
Abor~47_1980 |  -.1213873   .0811224    -1.50   0.138    -.2824802    .0397057
Abor~61_1980 |   .0803168   .2104546     0.38   0.704    -.3376043    .4982379
Abor~62_1980 |   .0801465   .0740437     1.08   0.282    -.0668896    .2271826
Abor~64_1980 |   -.016498    .072912    -0.23   0.821    -.1612867    .1282907
Abor~66_1980 |  -.2235342   .0684459    -3.27   0.002    -.3594542   -.0876141
Abor~67_1980 |   -.405901   .0679771    -5.97   0.000    -.5408901   -.2709119
Abor~73_1980 |  -.1049594   .0635051    -1.65   0.102     -.231068    .0211492
Abor~74_1980 |    .231131   .1062701     2.17   0.032     .0200996    .4421623
Abor~75_1980 |  (omitted)
Abor~76_1980 |  (omitted)
Abo~101_1980 |  (omitted)
Abo~102_1980 |  (omitted)
Abor~03_1980 |  -.2892939   .0772997    -3.74   0.000    -.4427957   -.1357921
Abor~04_1980 |  -.0730767   .0654007    -1.12   0.267    -.2029496    .0567962
Abor~05_1980 |  (omitted)
Abo~111_1980 |  -.1976728   .0678539    -2.91   0.004    -.3324172   -.0629284
Abo~114_1980 |  (omitted)
Abo~116_1980 |  (omitted)
Abo~117_1980 |  (omitted)
Abo~118_1980 |  (omitted)
Abo~120_1980 |  -.2491451   .0654007    -3.81   0.000     -.379018   -.1192722
Abo~121_1980 |  -.3743453   .1047538    -3.57   0.001    -.5823656   -.1663249
Abo~122_1980 |  -.1263725   .0654007    -1.93   0.056    -.2562454    .0035004
Abo~125_1980 |  -.0665475   .0627725    -1.06   0.292    -.1912012    .0581063
Abo~128_1980 |   .0531412   .0656156     0.81   0.420    -.0771583    .1834407
Abo~129_1980 |  -.1633699    .062156    -2.63   0.010    -.2867995   -.0399403
Abo~130_1980 |    -.06623    .067527    -0.98   0.329    -.2003253    .0678652
Abo~131_1980 |  -.2173753   .0735157    -2.96   0.004    -.3633629   -.0713878
Abor~00_1980 |  -.4484323   .0763248    -5.88   0.000    -.5999983   -.2968663
Abo~301_1980 |  -.1424574   .0714411    -1.99   0.049    -.2843253   -.0005894
Abo~302_1980 |  -.2783603   .0688371    -4.04   0.000     -.415057   -.1416635
Abor~07_1980 |  -.1474954   .0845158    -1.75   0.084    -.3153271    .0203363
Abor~09_1980 |   .2370599   .0630837     3.76   0.000     .1117882    .3623317
Abo~312_1980 |  -.5955468   .0772131    -7.71   0.000    -.7488768   -.4422169
Abo~313_1980 |  (omitted)
Abo~314_1980 |  -.5408966   .0772131    -7.01   0.000    -.6942265   -.3875666
Abo~316_1980 |  -.5127807   .0760412    -6.74   0.000    -.6637833    -.361778
Abo~320_1980 |  -.0377464   .1178952    -0.32   0.750    -.2718629    .1963702
Abo~321_1980 |   .0112916   .0738673     0.15   0.879    -.1353942    .1579773
Abo~322_1980 |   .0047629    .068526     0.07   0.945    -.1313162    .1408421
Abo~324_1980 |   .2363438   .1117261     2.12   0.037      .014478    .4582096
Abo~329_1980 |   -.474728   .0734369    -6.46   0.000    -.6205593   -.3288968
Abo~330_1980 |   .0347626   .0675449     0.51   0.608    -.0993681    .1688933
       _cons |   9.041673   .0044697  2022.87   0.000     9.032797    9.050549
-------------+----------------------------------------------------------------
       extra |   absorbed                                     (131 categories)

. /*Interaction with _difference_ between local % black and % in district*/
. gen excess_bl1970=(shblack-perenr_bl1970)
(2220 missing values generated)

. gen big1980exc=big1980*excess_bl1970
(2220 missing values generated)

. gen yesbig1980exc=yesbig1980*excess_bl1970
(2220 missing values generated)

. areg lnavval big1980 yesbig1980 big1980exc yesbig1980exc A* if tierno<2 [aw=house_ownocc], absorb(extra) cluster(jurcode)
note: Aborderno_1 omitted because of collinearity
note: Aborderno_2 omitted because of collinearity
note: Aborderno_3 omitted because of collinearity
note: Aborderno_4 omitted because of collinearity
note: Aborderno_5 omitted because of collinearity
note: Aborderno_8 omitted because of collinearity
note: Aborderno_9 omitted because of collinearity
note: Aborderno_10 omitted because of collinearity
note: Aborderno_11 omitted because of collinearity
note: Aborderno_12 omitted because of collinearity
note: Aborderno_13 omitted because of collinearity
note: Aborderno_14 omitted because of collinearity
note: Aborderno_15 omitted because of collinearity
note: Aborderno_16 omitted because of collinearity
note: Aborderno_17 omitted because of collinearity
note: Aborderno_18 omitted because of collinearity
note: Aborderno_19 omitted because of collinearity
note: Aborderno_20 omitted because of collinearity
note: Aborderno_22 omitted because of collinearity
note: Aborderno_24 omitted because of collinearity
note: Aborderno_25 omitted because of collinearity
note: Aborderno_26 omitted because of collinearity
note: Aborderno_27 omitted because of collinearity
note: Aborderno_28 omitted because of collinearity
note: Aborderno_31 omitted because of collinearity
note: Aborderno_32 omitted because of collinearity
note: Aborderno_33 omitted because of collinearity
note: Aborderno_34 omitted because of collinearity
note: Aborderno_35 omitted because of collinearity
note: Aborderno_36 omitted because of collinearity
note: Aborderno_37 omitted because of collinearity
note: Aborderno_38 omitted because of collinearity
note: Aborderno_39 omitted because of collinearity
note: Aborderno_40 omitted because of collinearity
note: Aborderno_41 omitted because of collinearity
note: Aborderno_43 omitted because of collinearity
note: Aborderno_47 omitted because of collinearity
note: Aborderno_61 omitted because of collinearity
note: Aborderno_62 omitted because of collinearity
note: Aborderno_64 omitted because of collinearity
note: Aborderno_66 omitted because of collinearity
note: Aborderno_67 omitted because of collinearity
note: Aborderno_73 omitted because of collinearity
note: Aborderno_74 omitted because of collinearity
note: Aborderno_75 omitted because of collinearity
note: Aborderno_76 omitted because of collinearity
note: Aborderno_101 omitted because of collinearity
note: Aborderno_102 omitted because of collinearity
note: Aborderno_103 omitted because of collinearity
note: Aborderno_104 omitted because of collinearity
note: Aborderno_105 omitted because of collinearity
note: Aborderno_111 omitted because of collinearity
note: Aborderno_114 omitted because of collinearity
note: Aborderno_116 omitted because of collinearity
note: Aborderno_117 omitted because of collinearity
note: Aborderno_118 omitted because of collinearity
note: Aborderno_120 omitted because of collinearity
note: Aborderno_121 omitted because of collinearity
note: Aborderno_122 omitted because of collinearity
note: Aborderno_125 omitted because of collinearity
note: Aborderno_128 omitted because of collinearity
note: Aborderno_129 omitted because of collinearity
note: Aborderno_130 omitted because of collinearity
note: Aborderno_131 omitted because of collinearity
note: Aborderno_300 omitted because of collinearity
note: Aborderno_301 omitted because of collinearity
note: Aborderno_302 omitted because of collinearity
note: Aborderno_307 omitted because of collinearity
note: Aborderno_309 omitted because of collinearity
note: Aborderno_312 omitted because of collinearity
note: Aborderno_313 omitted because of collinearity
note: Aborderno_314 omitted because of collinearity
note: Aborderno_316 omitted because of collinearity
note: Aborderno_320 omitted because of collinearity
note: Aborderno_321 omitted because of collinearity
note: Aborderno_322 omitted because of collinearity
note: Aborderno_324 omitted because of collinearity
note: Aborderno_329 omitted because of collinearity
note: Aborderno_330 omitted because of collinearity
note: AborXyea_40_1980 omitted because of collinearity
note: AborXyea_101_1980 omitted because of collinearity
note: AborXyea_102_1980 omitted because of collinearity
note: AborXyea_105_1980 omitted because of collinearity
note: AborXyea_114_1980 omitted because of collinearity
note: AborXyea_116_1980 omitted because of collinearity
note: AborXyea_117_1980 omitted because of collinearity
note: AborXyea_313_1980 omitted because of collinearity

Linear regression, absorbing indicators                Number of obs =    3712
                                                       F( 62, 95)    =       .
                                                       Prob > F      =
                                                       R-squared     =  0.8195
                                                       Adj R-squared =  0.8088
                                                       Root MSE      =  .20536

                               (Std. Err. adjusted for 96 clusters in jurcode)
------------------------------------------------------------------------------
             |               Robust
     lnavval |      Coef.   Std. Err.      t    P>|t|     [95% Conf. Interval]
-------------+----------------------------------------------------------------
     big1980 |   .0170766    .013693     1.25   0.215    -.0101075    .0442606
  yesbig1980 |  -.0870009   .0296981    -2.93   0.004     -.145959   -.0280428
  big1980exc |   .1159511   .1732843     0.67   0.505    -.2280618     .459964
yesbig1980~c |  -.1781807   .1745001    -1.02   0.310    -.5246071    .1682458
 Aborderno_1 |  (omitted)
 Aborderno_2 |  (omitted)
 Aborderno_3 |  (omitted)
 Aborderno_4 |  (omitted)
 Aborderno_5 |  (omitted)
 Aborderno_8 |  (omitted)
 Aborderno_9 |  (omitted)
Aborderno_10 |  (omitted)
Aborderno_11 |  (omitted)
Aborderno_12 |  (omitted)
Aborderno_13 |  (omitted)
Aborderno_14 |  (omitted)
Aborderno_15 |  (omitted)
Aborderno_16 |  (omitted)
Aborderno_17 |  (omitted)
Aborderno_18 |  (omitted)
Aborderno_19 |  (omitted)
Aborderno_20 |  (omitted)
Aborderno_22 |  (omitted)
Aborderno_24 |  (omitted)
Aborderno_25 |  (omitted)
Aborderno_26 |  (omitted)
Aborderno_27 |  (omitted)
Aborderno_28 |  (omitted)
Aborderno_31 |  (omitted)
Aborderno_32 |  (omitted)
Aborderno_33 |  (omitted)
Aborderno_34 |  (omitted)
Aborderno_35 |  (omitted)
Aborderno_36 |  (omitted)
Aborderno_37 |  (omitted)
Aborderno_38 |  (omitted)
Aborderno_39 |  (omitted)
Aborderno_40 |  (omitted)
Aborderno_41 |  (omitted)
Aborderno_43 |  (omitted)
Aborderno_47 |  (omitted)
Aborderno_61 |  (omitted)
Aborderno_62 |  (omitted)
Aborderno_64 |  (omitted)
Aborderno_66 |  (omitted)
Aborderno_67 |  (omitted)
Aborderno_73 |  (omitted)
Aborderno_74 |  (omitted)
Aborderno_75 |  (omitted)
Aborderno_76 |  (omitted)
Abordern~101 |  (omitted)
Abordern~102 |  (omitted)
Abordern~103 |  (omitted)
Abordern~104 |  (omitted)
Abordern~105 |  (omitted)
Abordern~111 |  (omitted)
Abordern~114 |  (omitted)
Abordern~116 |  (omitted)
Abordern~117 |  (omitted)
Abordern~118 |  (omitted)
Abordern~120 |  (omitted)
Abordern~121 |  (omitted)
Abordern~122 |  (omitted)
Abordern~125 |  (omitted)
Abordern~128 |  (omitted)
Abordern~129 |  (omitted)
Abordern~130 |  (omitted)
Abordern~131 |  (omitted)
Abordern~300 |  (omitted)
Abordern~301 |  (omitted)
Abordern~302 |  (omitted)
Abordern~307 |  (omitted)
Abordern~309 |  (omitted)
Abordern~312 |  (omitted)
Abordern~313 |  (omitted)
Abordern~314 |  (omitted)
Abordern~316 |  (omitted)
Abordern~320 |  (omitted)
Abordern~321 |  (omitted)
Abordern~322 |  (omitted)
Abordern~324 |  (omitted)
Abordern~329 |  (omitted)
Abordern~330 |  (omitted)
  Ayear_1980 |   .5132638   .0157614    32.56   0.000     .4819734    .5445542
Abor~_1_1980 |  -.3207651    .057521    -5.58   0.000    -.4349587   -.2065714
Abor~_2_1980 |  -.2840857   .0553445    -5.13   0.000    -.3939584   -.1742131
Abor~_3_1980 |  -.2645024   .0560397    -4.72   0.000    -.3757553   -.1532496
Abor~_4_1980 |  -.5349827   .3165915    -1.69   0.094    -1.163496    .0935308
AborXyea_5~0 |  -.4067093   .1007139    -4.04   0.000    -.6066516   -.2067669
AborXyea_8~0 |   .0944833   .0240339     3.93   0.000     .0467699    .1421967
AborXyea_9~0 |    .126785   .0534695     2.37   0.020     .0206345    .2329354
Abor~10_1980 |   .1595929   .0204225     7.81   0.000     .1190492    .2001367
Abo~_11_1980 |    .107638   .0239411     4.50   0.000     .0601088    .1551672
Abo~_12_1980 |  -.1579873   .0205105    -7.70   0.000    -.1987059   -.1172687
Abo~_13_1980 |   .3090893   .0310585     9.95   0.000     .2474305    .3707482
Abo~_14_1980 |   .1181136   .0205024     5.76   0.000     .0774112    .1588161
Abor~15_1980 |   .4656376     .01854    25.12   0.000      .428831    .5024441
Abo~_16_1980 |   .2292248   .0332775     6.89   0.000     .1631606     .295289
Abo~_17_1980 |  -.0467421   .0319085    -1.46   0.146    -.1100886    .0166044
Abo~_18_1980 |   .1105575   .0091908    12.03   0.000     .0923114    .1288036
Abor~19_1980 |    .009469    .013876     0.68   0.497    -.0180785    .0370164
Abo~_20_1980 |   -.030366   .0319938    -0.95   0.345    -.0938817    .0331497
Abo~_22_1980 |  -.2997586   .0168105   -17.83   0.000    -.3331316   -.2663856
Abo~_24_1980 |  -.2584301   .0157614   -16.40   0.000    -.2897205   -.2271398
Abo~_25_1980 |  -.5067514   .1740851    -2.91   0.004    -.8523541   -.1611487
Abor~26_1980 |  -.2357335    .032631    -7.22   0.000    -.3005143   -.1709527
Abor~27_1980 |  -.1159519   .0549221    -2.11   0.037    -.2249861   -.0069178
Abo~_28_1980 |  -.0894049   .0851911    -1.05   0.297    -.2585306    .0797209
Abo~_31_1980 |  -.3496867   .0301911   -11.58   0.000    -.4096235   -.2897498
Abor~32_1980 |  -.3672153   .0435793    -8.43   0.000    -.4537311   -.2806995
Abor~33_1980 |  -.3679592   .0219101   -16.79   0.000    -.4114563   -.3244621
Abor~34_1980 |  -.3462289   .0528977    -6.55   0.000    -.4512441   -.2412138
Abor~35_1980 |  -.4495067   .0382138   -11.76   0.000    -.5253708   -.3736427
Abor~36_1980 |  -.3562638   .0365956    -9.74   0.000    -.4289153   -.2836123
Abor~37_1980 |  -.6016268   .0552635   -10.89   0.000    -.7113387   -.4919148
Abor~38_1980 |  -.6364946   .0201333   -31.61   0.000    -.6764643    -.596525
Abor~39_1980 |   .0380913   .1156794     0.33   0.743    -.1915614     .267744
Abor~40_1980 |  (omitted)
Abor~41_1980 |   .3251717    .043763     7.43   0.000     .2382912    .4120523
Abor~43_1980 |   .3240758   .0675351     4.80   0.000     .1900018    .4581498
Abor~47_1980 |  -.3572479   .0330756   -10.80   0.000    -.4229114   -.2915844
Abor~61_1980 |  -.1457109    .087235    -1.67   0.098    -.3188942    .0274725
Abor~62_1980 |  -.1106187   .0326948    -3.38   0.001    -.1755261   -.0457114
Abor~64_1980 |   .0181449   .0139319     1.30   0.196    -.0095133    .0458032
Abor~66_1980 |  -.3788188   .0246452   -15.37   0.000    -.4277457    -.329892
Abor~67_1980 |  -.4180405    .021786   -19.19   0.000    -.4612912   -.3747898
Abor~73_1980 |  -.3121015   .0288973   -10.80   0.000      -.36947    -.254733
Abor~74_1980 |   .3341925   .0213954    15.62   0.000     .2917172    .3766677
Abor~75_1980 |  -.3908278   .0282604   -13.83   0.000    -.4469319   -.3347238
Abor~76_1980 |  -.0810772   .0362518    -2.24   0.028    -.1530462   -.0091083
Abo~101_1980 |  (omitted)
Abo~102_1980 |  (omitted)
Abor~03_1980 |    -.21856   .0705675    -3.10   0.003    -.3586543   -.0784658
Abor~04_1980 |  -.2897647   .0690109    -4.20   0.000    -.4267686   -.1527608
Abor~05_1980 |  (omitted)
Abo~111_1980 |  -.2117792   .0637446    -3.32   0.001    -.3383283   -.0852302
Abo~114_1980 |  (omitted)
Abo~116_1980 |  (omitted)
Abo~117_1980 |  (omitted)
Abo~118_1980 |  -.4108817   .0157614   -26.07   0.000    -.4421721   -.3795913
Abo~120_1980 |  -.2572308   .0157614   -16.32   0.000    -.2885212   -.2259404
Abo~121_1980 |  -.3798577   .0431099    -8.81   0.000    -.4654417   -.2942737
Abo~122_1980 |  -.3673309   .0157614   -23.31   0.000    -.3986213   -.3360405
Abo~125_1980 |  -.1859911   .0119023   -15.63   0.000    -.2096201   -.1623621
Abo~128_1980 |  -.0127448   .0269296    -0.47   0.637    -.0662069    .0407173
Abo~129_1980 |  -.3556396   .0591224    -6.02   0.000    -.4730124   -.2382668
Abo~130_1980 |  -.2823097   .0449972    -6.27   0.000    -.3716404    -.192979
Abo~131_1980 |  -.4038199   .0307237   -13.14   0.000    -.4648142   -.3428256
Abor~00_1980 |  -.3531686   .0329276   -10.73   0.000    -.4185382   -.2877991
Abo~301_1980 |  -.2851896   .0788972    -3.61   0.000    -.4418204   -.1285589
Abo~302_1980 |  -.4429651   .0185272   -23.91   0.000    -.4797462   -.4061839
Abor~07_1980 |  -.2041136   .0254611    -8.02   0.000    -.2546603   -.1535668
Abor~09_1980 |   .0722152    .009318     7.75   0.000     .0537166    .0907137
Abo~312_1980 |  -.7294149   .0379869   -19.20   0.000    -.8048284   -.6540013
Abo~313_1980 |  (omitted)
Abo~314_1980 |  -.7028411   .0379869   -18.50   0.000    -.7782546   -.6274275
Abo~316_1980 |  -.6611514   .0377834   -17.50   0.000     -.736161   -.5861418
Abo~320_1980 |   .2373309   .1033695     2.30   0.024     .0321166    .4425453
Abo~321_1980 |   .3101557   .0212299    14.61   0.000     .2680091    .3523024
Abo~322_1980 |  -.1418829   .0245417    -5.78   0.000    -.1906042   -.0931615
Abo~324_1980 |   .1513795   .0363598     4.16   0.000     .0791962    .2235629
Abo~329_1980 |  -.4126881    .086858    -4.75   0.000    -.5851231   -.2402531
Abo~330_1980 |  -.1256595   .0211141    -5.95   0.000    -.1675763   -.0837428
       _cons |   11.57963   .0032968  3512.34   0.000     11.57308    11.58617
-------------+----------------------------------------------------------------
       extra |   absorbed                                     (134 categories)

. areg lnavval big1980 yesbig1980 big1980exc yesbig1980exc A* if tierno<2 & perblack<.02 [aw=house_ownocc], absorb(extra) cluster(jurcode)
note: Aborderno_1 omitted because of collinearity
note: Aborderno_2 omitted because of collinearity
note: Aborderno_3 omitted because of collinearity
note: Aborderno_4 omitted because of collinearity
note: Aborderno_5 omitted because of collinearity
note: Aborderno_8 omitted because of collinearity
note: Aborderno_9 omitted because of collinearity
note: Aborderno_10 omitted because of collinearity
note: Aborderno_11 omitted because of collinearity
note: Aborderno_12 omitted because of collinearity
note: Aborderno_13 omitted because of collinearity
note: Aborderno_14 omitted because of collinearity
note: Aborderno_15 omitted because of collinearity
note: Aborderno_16 omitted because of collinearity
note: Aborderno_17 omitted because of collinearity
note: Aborderno_18 omitted because of collinearity
note: Aborderno_19 omitted because of collinearity
note: Aborderno_20 omitted because of collinearity
note: Aborderno_22 omitted because of collinearity
note: Aborderno_24 omitted because of collinearity
note: Aborderno_25 omitted because of collinearity
note: Aborderno_26 omitted because of collinearity
note: Aborderno_27 omitted because of collinearity
note: Aborderno_28 omitted because of collinearity
note: Aborderno_31 omitted because of collinearity
note: Aborderno_32 omitted because of collinearity
note: Aborderno_33 omitted because of collinearity
note: Aborderno_34 omitted because of collinearity
note: Aborderno_35 omitted because of collinearity
note: Aborderno_36 omitted because of collinearity
note: Aborderno_37 omitted because of collinearity
note: Aborderno_38 omitted because of collinearity
note: Aborderno_39 omitted because of collinearity
note: Aborderno_40 omitted because of collinearity
note: Aborderno_41 omitted because of collinearity
note: Aborderno_43 omitted because of collinearity
note: Aborderno_47 omitted because of collinearity
note: Aborderno_61 omitted because of collinearity
note: Aborderno_62 omitted because of collinearity
note: Aborderno_64 omitted because of collinearity
note: Aborderno_66 omitted because of collinearity
note: Aborderno_67 omitted because of collinearity
note: Aborderno_73 omitted because of collinearity
note: Aborderno_74 omitted because of collinearity
note: Aborderno_75 omitted because of collinearity
note: Aborderno_76 omitted because of collinearity
note: Aborderno_101 omitted because of collinearity
note: Aborderno_102 omitted because of collinearity
note: Aborderno_103 omitted because of collinearity
note: Aborderno_104 omitted because of collinearity
note: Aborderno_105 omitted because of collinearity
note: Aborderno_111 omitted because of collinearity
note: Aborderno_114 omitted because of collinearity
note: Aborderno_116 omitted because of collinearity
note: Aborderno_117 omitted because of collinearity
note: Aborderno_118 omitted because of collinearity
note: Aborderno_120 omitted because of collinearity
note: Aborderno_121 omitted because of collinearity
note: Aborderno_122 omitted because of collinearity
note: Aborderno_125 omitted because of collinearity
note: Aborderno_128 omitted because of collinearity
note: Aborderno_129 omitted because of collinearity
note: Aborderno_130 omitted because of collinearity
note: Aborderno_131 omitted because of collinearity
note: Aborderno_300 omitted because of collinearity
note: Aborderno_301 omitted because of collinearity
note: Aborderno_302 omitted because of collinearity
note: Aborderno_307 omitted because of collinearity
note: Aborderno_309 omitted because of collinearity
note: Aborderno_312 omitted because of collinearity
note: Aborderno_313 omitted because of collinearity
note: Aborderno_314 omitted because of collinearity
note: Aborderno_316 omitted because of collinearity
note: Aborderno_320 omitted because of collinearity
note: Aborderno_321 omitted because of collinearity
note: Aborderno_322 omitted because of collinearity
note: Aborderno_324 omitted because of collinearity
note: Aborderno_329 omitted because of collinearity
note: Aborderno_330 omitted because of collinearity
note: AborXyea_4_1980 omitted because of collinearity
note: AborXyea_12_1980 omitted because of collinearity
note: AborXyea_38_1980 omitted because of collinearity
note: AborXyea_40_1980 omitted because of collinearity
note: AborXyea_75_1980 omitted because of collinearity
note: AborXyea_76_1980 omitted because of collinearity
note: AborXyea_101_1980 omitted because of collinearity
note: AborXyea_102_1980 omitted because of collinearity
note: AborXyea_105_1980 omitted because of collinearity
note: AborXyea_114_1980 omitted because of collinearity
note: AborXyea_116_1980 omitted because of collinearity
note: AborXyea_117_1980 omitted because of collinearity
note: AborXyea_118_1980 omitted because of collinearity
note: AborXyea_313_1980 omitted because of collinearity

Linear regression, absorbing indicators                Number of obs =    2789
                                                       F( 52, 93)    =       .
                                                       Prob > F      =
                                                       R-squared     =  0.8473
                                                       Adj R-squared =  0.8355
                                                       Root MSE      =  .19516

                               (Std. Err. adjusted for 94 clusters in jurcode)
------------------------------------------------------------------------------
             |               Robust
     lnavval |      Coef.   Std. Err.      t    P>|t|     [95% Conf. Interval]
-------------+----------------------------------------------------------------
     big1980 |   .0124883   .0141704     0.88   0.380    -.0156512    .0406279
  yesbig1980 |  -.0747346   .0316434    -2.36   0.020    -.1375721   -.0118972
  big1980exc |   .3809672   .1355421     2.81   0.006     .1118074    .6501269
yesbig1980~c |  -.5267879   .1544002    -3.41   0.001    -.8333961   -.2201797
 Aborderno_1 |  (omitted)
 Aborderno_2 |  (omitted)
 Aborderno_3 |  (omitted)
 Aborderno_4 |  (omitted)
 Aborderno_5 |  (omitted)
 Aborderno_8 |  (omitted)
 Aborderno_9 |  (omitted)
Aborderno_10 |  (omitted)
Aborderno_11 |  (omitted)
Aborderno_12 |  (omitted)
Aborderno_13 |  (omitted)
Aborderno_14 |  (omitted)
Aborderno_15 |  (omitted)
Aborderno_16 |  (omitted)
Aborderno_17 |  (omitted)
Aborderno_18 |  (omitted)
Aborderno_19 |  (omitted)
Aborderno_20 |  (omitted)
Aborderno_22 |  (omitted)
Aborderno_24 |  (omitted)
Aborderno_25 |  (omitted)
Aborderno_26 |  (omitted)
Aborderno_27 |  (omitted)
Aborderno_28 |  (omitted)
Aborderno_31 |  (omitted)
Aborderno_32 |  (omitted)
Aborderno_33 |  (omitted)
Aborderno_34 |  (omitted)
Aborderno_35 |  (omitted)
Aborderno_36 |  (omitted)
Aborderno_37 |  (omitted)
Aborderno_38 |  (omitted)
Aborderno_39 |  (omitted)
Aborderno_40 |  (omitted)
Aborderno_41 |  (omitted)
Aborderno_43 |  (omitted)
Aborderno_47 |  (omitted)
Aborderno_61 |  (omitted)
Aborderno_62 |  (omitted)
Aborderno_64 |  (omitted)
Aborderno_66 |  (omitted)
Aborderno_67 |  (omitted)
Aborderno_73 |  (omitted)
Aborderno_74 |  (omitted)
Aborderno_75 |  (omitted)
Aborderno_76 |  (omitted)
Abordern~101 |  (omitted)
Abordern~102 |  (omitted)
Abordern~103 |  (omitted)
Abordern~104 |  (omitted)
Abordern~105 |  (omitted)
Abordern~111 |  (omitted)
Abordern~114 |  (omitted)
Abordern~116 |  (omitted)
Abordern~117 |  (omitted)
Abordern~118 |  (omitted)
Abordern~120 |  (omitted)
Abordern~121 |  (omitted)
Abordern~122 |  (omitted)
Abordern~125 |  (omitted)
Abordern~128 |  (omitted)
Abordern~129 |  (omitted)
Abordern~130 |  (omitted)
Abordern~131 |  (omitted)
Abordern~300 |  (omitted)
Abordern~301 |  (omitted)
Abordern~302 |  (omitted)
Abordern~307 |  (omitted)
Abordern~309 |  (omitted)
Abordern~312 |  (omitted)
Abordern~313 |  (omitted)
Abordern~314 |  (omitted)
Abordern~316 |  (omitted)
Abordern~320 |  (omitted)
Abordern~321 |  (omitted)
Abordern~322 |  (omitted)
Abordern~324 |  (omitted)
Abordern~329 |  (omitted)
Abordern~330 |  (omitted)
  Ayear_1980 |   .5107583   .0123541    41.34   0.000     .4862256    .5352911
Abor~_1_1980 |  -.4338956   .0426828   -10.17   0.000    -.5186552   -.3491361
Abor~_2_1980 |  -.1308058    .088666    -1.48   0.144    -.3068789    .0452673
Abor~_3_1980 |  -.2513317   .0398417    -6.31   0.000    -.3304494   -.1722139
Abor~_4_1980 |  (omitted)
AborXyea_5~0 |  -.2385337   .0123541   -19.31   0.000    -.2630664   -.2140009
AborXyea_8~0 |    .090788   .0299452     3.03   0.003     .0313228    .1502533
AborXyea_9~0 |   .1616753   .0307181     5.26   0.000     .1006753    .2226753
Abor~10_1980 |   .1803701   .0249613     7.23   0.000     .1308018    .2299384
Abo~_11_1980 |   .1419768   .0476963     2.98   0.004     .0472614    .2366922
Abo~_12_1980 |  (omitted)
Abo~_13_1980 |   .2876466    .040499     7.10   0.000     .2072235    .3680696
Abo~_14_1980 |   .0921786   .0179255     5.14   0.000      .056582    .1277752
Abor~15_1980 |   .4438591   .0144887    30.63   0.000     .4150874    .4726308
Abo~_16_1980 |   .2228905   .0291202     7.65   0.000     .1650635    .2807174
Abo~_17_1980 |  -.0800495   .0410061    -1.95   0.054    -.1614795    .0013805
Abo~_18_1980 |   .1087604    .010093    10.78   0.000     .0887177    .1288031
Abor~19_1980 |   .0066619   .0101516     0.66   0.513     -.013497    .0268209
Abo~_20_1980 |  -.0525501   .0172547    -3.05   0.003    -.0868146   -.0182856
Abo~_22_1980 |  -.2958362   .0148442   -19.93   0.000    -.3253139   -.2663586
Abo~_24_1980 |  -.2559247   .0123541   -20.72   0.000    -.2804574    -.231392
Abo~_25_1980 |  -.2661351   .1479976    -1.80   0.075    -.5600291    .0277588
Abor~26_1980 |  -.2097195   .0123541   -16.98   0.000    -.2342522   -.1851868
Abor~27_1980 |  -.1306994   .0806852    -1.62   0.109    -.2909242    .0295254
Abo~_28_1980 |  -.0546735   .0980862    -0.56   0.579    -.2494533    .1401063
Abo~_31_1980 |  -.3628734   .0383605    -9.46   0.000    -.4390497   -.2866971
Abor~32_1980 |  -.3418581   .0231233   -14.78   0.000    -.3877763   -.2959399
Abor~33_1980 |  -.4042797   .0181956   -22.22   0.000    -.4404125   -.3681469
Abor~34_1980 |   -.430013   .1521659    -2.83   0.006    -.7321843   -.1278418
Abor~35_1980 |   -.373771   .0433933    -8.61   0.000    -.4599416   -.2876004
Abor~36_1980 |  -.3502082   .0341154   -10.27   0.000    -.4179546   -.2824619
Abor~37_1980 |  -.3752719   .0471835    -7.95   0.000    -.4689691   -.2815748
Abor~38_1980 |  (omitted)
Abor~39_1980 |    .371198   .1073492     3.46   0.001     .1580237    .5843722
Abor~40_1980 |  (omitted)
Abor~41_1980 |   .3342375   .0326144    10.25   0.000     .2694717    .3990033
Abor~43_1980 |   .3122373   .0610525     5.11   0.000     .1909991    .4334755
Abor~47_1980 |  -.3493929   .0312904   -11.17   0.000    -.4115294   -.2872564
Abor~61_1980 |  -.1479099   .0598011    -2.47   0.015    -.2666631   -.0291568
Abor~62_1980 |  -.1117304   .0226592    -4.93   0.000     -.156727   -.0667337
Abor~64_1980 |   .0238703   .0104987     2.27   0.025      .003022    .0447185
Abor~66_1980 |  -.3713403   .0281565   -13.19   0.000    -.4272534   -.3154271
Abor~67_1980 |  -.4163046   .0152431   -27.31   0.000    -.4465744   -.3860347
Abor~73_1980 |  -.2635085   .0133573   -19.73   0.000    -.2900334   -.2369836
Abor~74_1980 |    .331703   .0205687    16.13   0.000     .2908576    .3725484
Abor~75_1980 |  (omitted)
Abor~76_1980 |  (omitted)
Abo~101_1980 |  (omitted)
Abo~102_1980 |  (omitted)
Abor~03_1980 |  -.2133165   .0680795    -3.13   0.002    -.3485089   -.0781242
Abor~04_1980 |  -.2462453   .0123541   -19.93   0.000    -.2707781   -.2217126
Abor~05_1980 |  (omitted)
Abo~111_1980 |  -.2436798   .0437803    -5.57   0.000    -.3306187   -.1567409
Abo~114_1980 |  (omitted)
Abo~116_1980 |  (omitted)
Abo~117_1980 |  (omitted)
Abo~118_1980 |  (omitted)
Abo~120_1980 |  -.2547253   .0123541   -20.62   0.000    -.2792581   -.2301926
Abo~121_1980 |  -.4781414   .0636414    -7.51   0.000    -.6045206   -.3517621
Abo~122_1980 |  -.3093177   .0123541   -25.04   0.000    -.3338505    -.284785
Abo~125_1980 |  -.1908896   .0115559   -16.52   0.000    -.2138373   -.1679419
Abo~128_1980 |  -.0669691   .0179799    -3.72   0.000    -.1026736   -.0312645
Abo~129_1980 |  -.3569665   .0527413    -6.77   0.000    -.4617003   -.2522327
Abo~130_1980 |  -.2712596   .0502578    -5.40   0.000    -.3710617   -.1714575
Abo~131_1980 |  -.4218313   .0341033   -12.37   0.000    -.4895536   -.3541089
Abor~00_1980 |  -.4072215   .0218182   -18.66   0.000    -.4505481   -.3638949
Abo~301_1980 |  -.3358123   .0435203    -7.72   0.000     -.422235   -.2493897
Abo~302_1980 |  -.4346194    .013304   -32.67   0.000    -.4610385   -.4082002
Abor~07_1980 |  -.1953833   .0208524    -9.37   0.000     -.236792   -.1539745
Abor~09_1980 |   .0773118   .0082556     9.36   0.000     .0609179    .0937058
Abo~312_1980 |   -.683969   .0316706   -21.60   0.000    -.7468605   -.6210776
Abo~313_1980 |  (omitted)
Abo~314_1980 |  -.6573952   .0316706   -20.76   0.000    -.7202867   -.5945038
Abo~316_1980 |  -.6169885   .0306877   -20.11   0.000    -.6779283   -.5560488
Abo~320_1980 |   .1967783   .0573184     3.43   0.001     .0829553    .3106014
Abo~321_1980 |   .2930633   .0249663    11.74   0.000     .2434852    .3426413
Abo~322_1980 |  -.1399298   .0221845    -6.31   0.000    -.1839837   -.0958759
Abo~324_1980 |   .0492176   .0311896     1.58   0.118    -.0127188     .111154
Abo~329_1980 |  -.4548026    .054652    -8.32   0.000    -.5633305   -.3462746
Abo~330_1980 |  -.1417223   .0093118   -15.22   0.000    -.1602137    -.123231
       _cons |   11.59338   .0019715  5880.49   0.000     11.58946    11.59729
-------------+----------------------------------------------------------------
       extra |   absorbed                                     (131 categories)

. /*Try dummy for any black students instead of linear specification*/
. gen any_bl1970=(perenr_bl1970>.02 & perenr_bl1970!=.)

. gen big1980any=big1980*any_bl1970

. gen yesbig1980any=yesbig1980*any_bl1970

. areg lnavval big1980 yesbig1980 big1980any yesbig1980any A* if tierno<2 [aw=house_ownocc], absorb(extra) cluster(jurcode)
note: Aborderno_1 omitted because of collinearity
note: Aborderno_2 omitted because of collinearity
note: Aborderno_3 omitted because of collinearity
note: Aborderno_4 omitted because of collinearity
note: Aborderno_5 omitted because of collinearity
note: Aborderno_8 omitted because of collinearity
note: Aborderno_9 omitted because of collinearity
note: Aborderno_10 omitted because of collinearity
note: Aborderno_11 omitted because of collinearity
note: Aborderno_12 omitted because of collinearity
note: Aborderno_13 omitted because of collinearity
note: Aborderno_14 omitted because of collinearity
note: Aborderno_15 omitted because of collinearity
note: Aborderno_16 omitted because of collinearity
note: Aborderno_17 omitted because of collinearity
note: Aborderno_18 omitted because of collinearity
note: Aborderno_19 omitted because of collinearity
note: Aborderno_20 omitted because of collinearity
note: Aborderno_22 omitted because of collinearity
note: Aborderno_24 omitted because of collinearity
note: Aborderno_25 omitted because of collinearity
note: Aborderno_26 omitted because of collinearity
note: Aborderno_27 omitted because of collinearity
note: Aborderno_28 omitted because of collinearity
note: Aborderno_31 omitted because of collinearity
note: Aborderno_32 omitted because of collinearity
note: Aborderno_33 omitted because of collinearity
note: Aborderno_34 omitted because of collinearity
note: Aborderno_35 omitted because of collinearity
note: Aborderno_36 omitted because of collinearity
note: Aborderno_37 omitted because of collinearity
note: Aborderno_38 omitted because of collinearity
note: Aborderno_39 omitted because of collinearity
note: Aborderno_40 omitted because of collinearity
note: Aborderno_41 omitted because of collinearity
note: Aborderno_43 omitted because of collinearity
note: Aborderno_47 omitted because of collinearity
note: Aborderno_61 omitted because of collinearity
note: Aborderno_62 omitted because of collinearity
note: Aborderno_64 omitted because of collinearity
note: Aborderno_66 omitted because of collinearity
note: Aborderno_67 omitted because of collinearity
note: Aborderno_73 omitted because of collinearity
note: Aborderno_74 omitted because of collinearity
note: Aborderno_75 omitted because of collinearity
note: Aborderno_76 omitted because of collinearity
note: Aborderno_101 omitted because of collinearity
note: Aborderno_102 omitted because of collinearity
note: Aborderno_103 omitted because of collinearity
note: Aborderno_104 omitted because of collinearity
note: Aborderno_105 omitted because of collinearity
note: Aborderno_111 omitted because of collinearity
note: Aborderno_114 omitted because of collinearity
note: Aborderno_116 omitted because of collinearity
note: Aborderno_117 omitted because of collinearity
note: Aborderno_118 omitted because of collinearity
note: Aborderno_120 omitted because of collinearity
note: Aborderno_121 omitted because of collinearity
note: Aborderno_122 omitted because of collinearity
note: Aborderno_125 omitted because of collinearity
note: Aborderno_128 omitted because of collinearity
note: Aborderno_129 omitted because of collinearity
note: Aborderno_130 omitted because of collinearity
note: Aborderno_131 omitted because of collinearity
note: Aborderno_300 omitted because of collinearity
note: Aborderno_301 omitted because of collinearity
note: Aborderno_302 omitted because of collinearity
note: Aborderno_307 omitted because of collinearity
note: Aborderno_309 omitted because of collinearity
note: Aborderno_312 omitted because of collinearity
note: Aborderno_313 omitted because of collinearity
note: Aborderno_314 omitted because of collinearity
note: Aborderno_316 omitted because of collinearity
note: Aborderno_320 omitted because of collinearity
note: Aborderno_321 omitted because of collinearity
note: Aborderno_322 omitted because of collinearity
note: Aborderno_324 omitted because of collinearity
note: Aborderno_329 omitted because of collinearity
note: Aborderno_330 omitted because of collinearity

Linear regression, absorbing indicators                Number of obs =    4352
                                                       F( 79, 117)   =       .
                                                       Prob > F      =
                                                       R-squared     =  0.8150
                                                       Adj R-squared =  0.8040
                                                       Root MSE      =  .20656

                              (Std. Err. adjusted for 118 clusters in jurcode)
------------------------------------------------------------------------------
             |               Robust
     lnavval |      Coef.   Std. Err.      t    P>|t|     [95% Conf. Interval]
-------------+----------------------------------------------------------------
     big1980 |  -.0012669   .0217631    -0.06   0.954    -.0443676    .0418339
  yesbig1980 |  -.0884565   .0252796    -3.50   0.001    -.1385215   -.0383916
  big1980any |  -.0105217   .0338823    -0.31   0.757    -.0776238    .0565805
yesbig1980~y |   .0446017   .0443302     1.01   0.316     -.043192    .1323953
 Aborderno_1 |  (omitted)
 Aborderno_2 |  (omitted)
 Aborderno_3 |  (omitted)
 Aborderno_4 |  (omitted)
 Aborderno_5 |  (omitted)
 Aborderno_8 |  (omitted)
 Aborderno_9 |  (omitted)
Aborderno_10 |  (omitted)
Aborderno_11 |  (omitted)
Aborderno_12 |  (omitted)
Aborderno_13 |  (omitted)
Aborderno_14 |  (omitted)
Aborderno_15 |  (omitted)
Aborderno_16 |  (omitted)
Aborderno_17 |  (omitted)
Aborderno_18 |  (omitted)
Aborderno_19 |  (omitted)
Aborderno_20 |  (omitted)
Aborderno_22 |  (omitted)
Aborderno_24 |  (omitted)
Aborderno_25 |  (omitted)
Aborderno_26 |  (omitted)
Aborderno_27 |  (omitted)
Aborderno_28 |  (omitted)
Aborderno_31 |  (omitted)
Aborderno_32 |  (omitted)
Aborderno_33 |  (omitted)
Aborderno_34 |  (omitted)
Aborderno_35 |  (omitted)
Aborderno_36 |  (omitted)
Aborderno_37 |  (omitted)
Aborderno_38 |  (omitted)
Aborderno_39 |  (omitted)
Aborderno_40 |  (omitted)
Aborderno_41 |  (omitted)
Aborderno_43 |  (omitted)
Aborderno_47 |  (omitted)
Aborderno_61 |  (omitted)
Aborderno_62 |  (omitted)
Aborderno_64 |  (omitted)
Aborderno_66 |  (omitted)
Aborderno_67 |  (omitted)
Aborderno_73 |  (omitted)
Aborderno_74 |  (omitted)
Aborderno_75 |  (omitted)
Aborderno_76 |  (omitted)
Abordern~101 |  (omitted)
Abordern~102 |  (omitted)
Abordern~103 |  (omitted)
Abordern~104 |  (omitted)
Abordern~105 |  (omitted)
Abordern~111 |  (omitted)
Abordern~114 |  (omitted)
Abordern~116 |  (omitted)
Abordern~117 |  (omitted)
Abordern~118 |  (omitted)
Abordern~120 |  (omitted)
Abordern~121 |  (omitted)
Abordern~122 |  (omitted)
Abordern~125 |  (omitted)
Abordern~128 |  (omitted)
Abordern~129 |  (omitted)
Abordern~130 |  (omitted)
Abordern~131 |  (omitted)
Abordern~300 |  (omitted)
Abordern~301 |  (omitted)
Abordern~302 |  (omitted)
Abordern~307 |  (omitted)
Abordern~309 |  (omitted)
Abordern~312 |  (omitted)
Abordern~313 |  (omitted)
Abordern~314 |  (omitted)
Abordern~316 |  (omitted)
Abordern~320 |  (omitted)
Abordern~321 |  (omitted)
Abordern~322 |  (omitted)
Abordern~324 |  (omitted)
Abordern~329 |  (omitted)
Abordern~330 |  (omitted)
  Ayear_1980 |   .5343677    .023538    22.70   0.000     .4877519    .5809834
Abor~_1_1980 |  -.2930697   .0230015   -12.74   0.000     -.338623   -.2475163
Abor~_2_1980 |   -.287832   .0477093    -6.03   0.000    -.3823177   -.1933463
Abor~_3_1980 |   -.290396   .0626739    -4.63   0.000    -.4145183   -.1662736
Abor~_4_1980 |  -.5383244   .3096585    -1.74   0.085    -1.151587    .0749379
AborXyea_5~0 |  -.4322033   .1020898    -4.23   0.000    -.6343869   -.2300198
AborXyea_8~0 |    .083173   .0317242     2.62   0.010     .0203449     .146001
AborXyea_9~0 |   .1084499   .0522399     2.08   0.040     .0049914    .2119083
Abor~10_1980 |   .1428611   .0247346     5.78   0.000     .0938755    .1918467
Abo~_11_1980 |   .0903765   .0310107     2.91   0.004     .0289615    .1517914
Abo~_12_1980 |  -.1591497    .030369    -5.24   0.000    -.2192938   -.0990055
Abo~_13_1980 |   .2997543   .0383589     7.81   0.000     .2237866     .375722
Abo~_14_1980 |   .1190841   .0346242     3.44   0.001     .0505127    .1876555
Abor~15_1980 |   .4376989   .0260399    16.81   0.000     .3861283    .4892694
Abo~_16_1980 |   .1898988   .0418935     4.53   0.000     .1069309    .2728668
Abo~_17_1980 |  -.0489502   .0451513    -1.08   0.281      -.13837    .0404696
Abo~_18_1980 |   .1067557   .0229192     4.66   0.000     .0613655     .152146
Abor~19_1980 |   .0001643   .0178401     0.01   0.993     -.035167    .0354957
Abo~_20_1980 |  -.0421191   .0283212    -1.49   0.140    -.0982077    .0139695
Abo~_22_1980 |  -.3146217   .0242791   -12.96   0.000    -.3627053   -.2665382
Abo~_24_1980 |   -.279534    .023538   -11.88   0.000    -.3261498   -.2329183
Abo~_25_1980 |  -.5200685    .168126    -3.09   0.002    -.8530333   -.1871037
Abor~26_1980 |  -.2544568   .0349099    -7.29   0.000    -.3235939   -.1853196
Abor~27_1980 |  -.1290395   .0637878    -2.02   0.045    -.2553679   -.0027112
Abo~_28_1980 |  -.1213211   .0814445    -1.49   0.139    -.2826177    .0399755
Abo~_31_1980 |  -.4123012   .0467396    -8.82   0.000    -.5048665   -.3197358
Abor~32_1980 |   -.387509   .0434704    -8.91   0.000       -.4736   -.3014181
Abor~33_1980 |  -.3776022   .0289247   -13.05   0.000    -.4348861   -.3203184
Abor~34_1980 |  -.3343344   .0758524    -4.41   0.000     -.484556   -.1841127
Abor~35_1980 |  -.4681195   .0342581   -13.66   0.000    -.5359659   -.4002731
Abor~36_1980 |  -.3654231   .0324943   -11.25   0.000    -.4297763   -.3010699
Abor~37_1980 |  -.6187404   .0530226   -11.67   0.000    -.7237488    -.513732
Abor~38_1980 |  -.6424838   .0310417   -20.70   0.000    -.7039603   -.5810073
Abor~39_1980 |  -.0025626   .0796372    -0.03   0.974    -.1602799    .1551547
Abor~40_1980 |  -.0630421   .0365337    -1.73   0.087    -.1353952     .009311
Abor~41_1980 |   .3122425   .0390683     7.99   0.000     .2348697    .3896153
Abor~43_1980 |   .3121284   .0627673     4.97   0.000     .1878211    .4364357
Abor~47_1980 |   -.352175    .038537    -9.14   0.000    -.4284955   -.2758546
Abor~61_1980 |  -.1476286   .0988508    -1.49   0.138    -.3433975    .0481402
Abor~62_1980 |  -.2135902   .0458173    -4.66   0.000    -.3043291   -.1228514
Abor~64_1980 |   .0049479   .0207995     0.24   0.812    -.0362444    .0461401
Abor~66_1980 |  -.3987702   .0314791   -12.67   0.000     -.461113   -.3364275
Abor~67_1980 |  -.4402411   .0247658   -17.78   0.000    -.4892884   -.3911938
Abor~73_1980 |   -.325683   .0368335    -8.84   0.000    -.3986298   -.2527363
Abor~74_1980 |   .3059939    .028716    10.66   0.000     .2491233    .3628645
Abor~75_1980 |  -.4164785   .0344047   -12.11   0.000    -.4846153   -.3483417
Abor~76_1980 |  -.0881767    .049927    -1.77   0.080    -.1870546    .0107011
Abo~101_1980 |  -.3190427   .0213231   -14.96   0.000     -.361272   -.2768134
Abo~102_1980 |  -.3095871   .0220481   -14.04   0.000    -.3532522   -.2659221
Abor~03_1980 |  -.2273777    .065017    -3.50   0.001    -.3561404    -.098615
Abor~04_1980 |    -.30254   .0630525    -4.80   0.000    -.4274121   -.1776679
Abor~05_1980 |  -.1872614   .0182544   -10.26   0.000    -.2234133   -.1511095
Abo~111_1980 |  -.2207134   .0564132    -3.91   0.000    -.3324368   -.1089899
Abo~114_1980 |  -.4253787   .0389655   -10.92   0.000    -.5025478   -.3482096
Abo~116_1980 |  -.2809559   .0443557    -6.33   0.000    -.3688001   -.1931118
Abo~117_1980 |  -.4639815   .1175124    -3.95   0.000    -.6967085   -.2312544
Abo~118_1980 |  -.4480207   .0211368   -21.20   0.000    -.4898811   -.4061604
Abo~120_1980 |  -.3761679   .0751456    -5.01   0.000    -.5249898   -.2273461
Abo~121_1980 |  -.3913459   .0412489    -9.49   0.000    -.4730373   -.3096546
Abo~122_1980 |  -.4178625   .0322375   -12.96   0.000    -.4817071   -.3540179
Abo~125_1980 |  -.1945704   .0198324    -9.81   0.000    -.2338476   -.1552933
Abo~128_1980 |  -.0317723   .0304909    -1.04   0.300    -.0921578    .0286133
Abo~129_1980 |  -.3672851   .0666604    -5.51   0.000    -.4993024   -.2352677
Abo~130_1980 |  -.3125467   .0535986    -5.83   0.000    -.4186959   -.2063975
Abo~131_1980 |  -.4609419   .0303601   -15.18   0.000    -.5210685   -.4008153
Abor~00_1980 |  -.4077817   .0347253   -11.74   0.000    -.4765534     -.33901
Abo~301_1980 |  -.2721127   .0973036    -2.80   0.006    -.4648173   -.0794081
Abo~302_1980 |  -.4531596    .027456   -16.50   0.000    -.5075348   -.3987843
Abor~07_1980 |  -.2078309    .032437    -6.41   0.000    -.2720706   -.1435912
Abor~09_1980 |   .0340993   .0420513     0.81   0.419    -.0491812    .1173798
Abo~312_1980 |   -.756865   .0385588   -19.63   0.000    -.8332287   -.6805013
Abo~313_1980 |  -.3863589    .023538   -16.41   0.000    -.4329746   -.3397431
Abo~314_1980 |  -.7721543   .0267812   -28.83   0.000    -.8251931   -.7191156
Abo~316_1980 |  -.5819628   .0687233    -8.47   0.000    -.7180656   -.4458599
Abo~320_1980 |   .2096469   .0996336     2.10   0.038     .0123278    .4069661
Abo~321_1980 |   .2862913   .0295639     9.68   0.000     .2277416     .344841
Abo~322_1980 |  -.1564156   .0256482    -6.10   0.000    -.2072105   -.1056208
Abo~324_1980 |   .1348076   .0333668     4.04   0.000     .0687264    .2008888
Abo~329_1980 |  -.4364139   .0863804    -5.05   0.000    -.6074857   -.2653421
Abo~330_1980 |  -.1199732    .045736    -2.62   0.010     -.210551   -.0293955
       _cons |   11.55449   .0033913  3407.05   0.000     11.54777     11.5612
-------------+----------------------------------------------------------------
       extra |   absorbed                                     (160 categories)

. areg lnavval big1980 yesbig1980 big1980any yesbig1980any A* if tierno<2 & perblack<.02 [aw=house_ownocc], absorb(extra) cluster(jurcode)
note: Aborderno_1 omitted because of collinearity
note: Aborderno_2 omitted because of collinearity
note: Aborderno_3 omitted because of collinearity
note: Aborderno_4 omitted because of collinearity
note: Aborderno_5 omitted because of collinearity
note: Aborderno_8 omitted because of collinearity
note: Aborderno_9 omitted because of collinearity
note: Aborderno_10 omitted because of collinearity
note: Aborderno_11 omitted because of collinearity
note: Aborderno_12 omitted because of collinearity
note: Aborderno_13 omitted because of collinearity
note: Aborderno_14 omitted because of collinearity
note: Aborderno_15 omitted because of collinearity
note: Aborderno_16 omitted because of collinearity
note: Aborderno_17 omitted because of collinearity
note: Aborderno_18 omitted because of collinearity
note: Aborderno_19 omitted because of collinearity
note: Aborderno_20 omitted because of collinearity
note: Aborderno_22 omitted because of collinearity
note: Aborderno_24 omitted because of collinearity
note: Aborderno_25 omitted because of collinearity
note: Aborderno_26 omitted because of collinearity
note: Aborderno_27 omitted because of collinearity
note: Aborderno_28 omitted because of collinearity
note: Aborderno_31 omitted because of collinearity
note: Aborderno_32 omitted because of collinearity
note: Aborderno_33 omitted because of collinearity
note: Aborderno_34 omitted because of collinearity
note: Aborderno_35 omitted because of collinearity
note: Aborderno_36 omitted because of collinearity
note: Aborderno_37 omitted because of collinearity
note: Aborderno_38 omitted because of collinearity
note: Aborderno_39 omitted because of collinearity
note: Aborderno_40 omitted because of collinearity
note: Aborderno_41 omitted because of collinearity
note: Aborderno_43 omitted because of collinearity
note: Aborderno_47 omitted because of collinearity
note: Aborderno_61 omitted because of collinearity
note: Aborderno_62 omitted because of collinearity
note: Aborderno_64 omitted because of collinearity
note: Aborderno_66 omitted because of collinearity
note: Aborderno_67 omitted because of collinearity
note: Aborderno_73 omitted because of collinearity
note: Aborderno_74 omitted because of collinearity
note: Aborderno_75 omitted because of collinearity
note: Aborderno_76 omitted because of collinearity
note: Aborderno_101 omitted because of collinearity
note: Aborderno_102 omitted because of collinearity
note: Aborderno_103 omitted because of collinearity
note: Aborderno_104 omitted because of collinearity
note: Aborderno_105 omitted because of collinearity
note: Aborderno_111 omitted because of collinearity
note: Aborderno_114 omitted because of collinearity
note: Aborderno_116 omitted because of collinearity
note: Aborderno_117 omitted because of collinearity
note: Aborderno_118 omitted because of collinearity
note: Aborderno_120 omitted because of collinearity
note: Aborderno_121 omitted because of collinearity
note: Aborderno_122 omitted because of collinearity
note: Aborderno_125 omitted because of collinearity
note: Aborderno_128 omitted because of collinearity
note: Aborderno_129 omitted because of collinearity
note: Aborderno_130 omitted because of collinearity
note: Aborderno_131 omitted because of collinearity
note: Aborderno_300 omitted because of collinearity
note: Aborderno_301 omitted because of collinearity
note: Aborderno_302 omitted because of collinearity
note: Aborderno_307 omitted because of collinearity
note: Aborderno_309 omitted because of collinearity
note: Aborderno_312 omitted because of collinearity
note: Aborderno_313 omitted because of collinearity
note: Aborderno_314 omitted because of collinearity
note: Aborderno_316 omitted because of collinearity
note: Aborderno_320 omitted because of collinearity
note: Aborderno_321 omitted because of collinearity
note: Aborderno_322 omitted because of collinearity
note: Aborderno_324 omitted because of collinearity
note: Aborderno_329 omitted because of collinearity
note: Aborderno_330 omitted because of collinearity
note: AborXyea_4_1980 omitted because of collinearity
note: AborXyea_12_1980 omitted because of collinearity
note: AborXyea_38_1980 omitted because of collinearity
note: AborXyea_75_1980 omitted because of collinearity
note: AborXyea_76_1980 omitted because of collinearity
note: AborXyea_118_1980 omitted because of collinearity

Linear regression, absorbing indicators                Number of obs =    3248
                                                       F( 68, 115)   =       .
                                                       Prob > F      =
                                                       R-squared     =  0.8402
                                                       Adj R-squared =  0.8277
                                                       Root MSE      =  .19906

                              (Std. Err. adjusted for 116 clusters in jurcode)
------------------------------------------------------------------------------
             |               Robust
     lnavval |      Coef.   Std. Err.      t    P>|t|     [95% Conf. Interval]
-------------+----------------------------------------------------------------
     big1980 |   .0216432   .0248508     0.87   0.386    -.0275815    .0708679
  yesbig1980 |   -.112636   .0291495    -3.86   0.000    -.1703755   -.0548965
  big1980any |  -.0438119   .0392407    -1.12   0.267    -.1215403    .0339164
yesbig1980~y |   .0653557   .0461133     1.42   0.159    -.0259858    .1566972
 Aborderno_1 |  (omitted)
 Aborderno_2 |  (omitted)
 Aborderno_3 |  (omitted)
 Aborderno_4 |  (omitted)
 Aborderno_5 |  (omitted)
 Aborderno_8 |  (omitted)
 Aborderno_9 |  (omitted)
Aborderno_10 |  (omitted)
Aborderno_11 |  (omitted)
Aborderno_12 |  (omitted)
Aborderno_13 |  (omitted)
Aborderno_14 |  (omitted)
Aborderno_15 |  (omitted)
Aborderno_16 |  (omitted)
Aborderno_17 |  (omitted)
Aborderno_18 |  (omitted)
Aborderno_19 |  (omitted)
Aborderno_20 |  (omitted)
Aborderno_22 |  (omitted)
Aborderno_24 |  (omitted)
Aborderno_25 |  (omitted)
Aborderno_26 |  (omitted)
Aborderno_27 |  (omitted)
Aborderno_28 |  (omitted)
Aborderno_31 |  (omitted)
Aborderno_32 |  (omitted)
Aborderno_33 |  (omitted)
Aborderno_34 |  (omitted)
Aborderno_35 |  (omitted)
Aborderno_36 |  (omitted)
Aborderno_37 |  (omitted)
Aborderno_38 |  (omitted)
Aborderno_39 |  (omitted)
Aborderno_40 |  (omitted)
Aborderno_41 |  (omitted)
Aborderno_43 |  (omitted)
Aborderno_47 |  (omitted)
Aborderno_61 |  (omitted)
Aborderno_62 |  (omitted)
Aborderno_64 |  (omitted)
Aborderno_66 |  (omitted)
Aborderno_67 |  (omitted)
Aborderno_73 |  (omitted)
Aborderno_74 |  (omitted)
Aborderno_75 |  (omitted)
Aborderno_76 |  (omitted)
Abordern~101 |  (omitted)
Abordern~102 |  (omitted)
Abordern~103 |  (omitted)
Abordern~104 |  (omitted)
Abordern~105 |  (omitted)
Abordern~111 |  (omitted)
Abordern~114 |  (omitted)
Abordern~116 |  (omitted)
Abordern~117 |  (omitted)
Abordern~118 |  (omitted)
Abordern~120 |  (omitted)
Abordern~121 |  (omitted)
Abordern~122 |  (omitted)
Abordern~125 |  (omitted)
Abordern~128 |  (omitted)
Abordern~129 |  (omitted)
Abordern~130 |  (omitted)
Abordern~131 |  (omitted)
Abordern~300 |  (omitted)
Abordern~301 |  (omitted)
Abordern~302 |  (omitted)
Abordern~307 |  (omitted)
Abordern~309 |  (omitted)
Abordern~312 |  (omitted)
Abordern~313 |  (omitted)
Abordern~314 |  (omitted)
Abordern~316 |  (omitted)
Abordern~320 |  (omitted)
Abordern~321 |  (omitted)
Abordern~322 |  (omitted)
Abordern~324 |  (omitted)
Abordern~329 |  (omitted)
Abordern~330 |  (omitted)
  Ayear_1980 |   .5308707   .0238204    22.29   0.000     .4836869    .5780544
Abor~_1_1980 |  -.3276879   .0167615   -19.55   0.000    -.3608892   -.2944866
Abor~_2_1980 |  -.1146629   .0723423    -1.59   0.116    -.2579591    .0286333
Abor~_3_1980 |  -.2668777   .0412524    -6.47   0.000    -.3485908   -.1851647
Abor~_4_1980 |  (omitted)
AborXyea_5~0 |   -.258646   .0238204   -10.86   0.000    -.3058297   -.2114623
AborXyea_8~0 |   .0664338     .02992     2.22   0.028     .0071681    .1256996
AborXyea_9~0 |   .1427639   .0359157     3.97   0.000     .0716217    .2139061
Abor~10_1980 |   .1623909   .0313885     5.17   0.000     .1002163    .2245656
Abo~_11_1980 |   .1235597    .053424     2.31   0.023     .0177371    .2293823
Abo~_12_1980 |  (omitted)
Abo~_13_1980 |   .2630072   .0396821     6.63   0.000     .1844045    .3416098
Abo~_14_1980 |   .0933437   .0410294     2.28   0.025     .0120723    .1746151
Abor~15_1980 |   .4218043   .0254511    16.57   0.000     .3713906     .472218
Abo~_16_1980 |   .1935367   .0401353     4.82   0.000     .1140364     .273037
Abo~_17_1980 |  -.0936526   .0373933    -2.50   0.014    -.1677216   -.0195836
Abo~_18_1980 |   .1067563   .0170282     6.27   0.000     .0730267    .1404859
Abor~19_1980 |  -.0147562   .0162716    -0.91   0.366    -.0469872    .0174747
Abo~_20_1980 |  -.0753219   .0230602    -3.27   0.001    -.1209998   -.0296441
Abo~_22_1980 |  -.3188482   .0198122   -16.09   0.000    -.3580923   -.2796041
Abo~_24_1980 |   -.276037   .0238204   -11.59   0.000    -.3232208   -.2288533
Abo~_25_1980 |  -.2333911   .1118463    -2.09   0.039    -.4549371    -.011845
Abor~26_1980 |  -.2298318   .0238204    -9.65   0.000    -.2770155   -.1826481
Abor~27_1980 |  -.1541506   .0836406    -1.84   0.068    -.3198267    .0115254
Abo~_28_1980 |  -.0743288   .1000459    -0.74   0.459    -.2725005     .123843
Abo~_31_1980 |  -.3990513    .049822    -8.01   0.000     -.497739   -.3003636
Abor~32_1980 |  -.3790164   .0404191    -9.38   0.000    -.4590789    -.298954
Abor~33_1980 |  -.4291726   .0235186   -18.25   0.000    -.4757584   -.3825867
Abor~34_1980 |  -.3660234   .1888777    -1.94   0.055    -.7401536    .0081069
Abor~35_1980 |  -.4220062   .0600105    -7.03   0.000    -.5408754   -.3031371
Abor~36_1980 |  -.3771213   .0386849    -9.75   0.000    -.4537488   -.3004939
Abor~37_1980 |  -.4174597   .0597447    -6.99   0.000    -.5358025   -.2991169
Abor~38_1980 |  (omitted)
Abor~39_1980 |   .2715103   .0490146     5.54   0.000     .1744217    .3685988
Abor~40_1980 |  -.1253003   .0207679    -6.03   0.000    -.1664376    -.084163
Abor~41_1980 |   .3156241   .0348783     9.05   0.000     .2465369    .3847114
Abor~43_1980 |   .3045371   .0556106     5.48   0.000     .1943833    .4146909
Abor~47_1980 |  -.3280257   .0372128    -8.81   0.000    -.4017372   -.2543142
Abor~61_1980 |  -.1011692   .0746763    -1.35   0.178    -.2490886    .0467502
Abor~62_1980 |  -.2016255   .0435346    -4.63   0.000    -.2878592   -.1153918
Abor~64_1980 |   .0019416   .0176554     0.11   0.913    -.0330303    .0369135
Abor~66_1980 |  -.3948356   .0321633   -12.28   0.000     -.458545   -.3311263
Abor~67_1980 |  -.4464807   .0248371   -17.98   0.000    -.4956782   -.3972832
Abor~73_1980 |  -.2912994   .0174259   -16.72   0.000    -.3258167   -.2567821
Abor~74_1980 |   .3169562   .0282777    11.21   0.000     .2609436    .3729688
Abor~75_1980 |  (omitted)
Abor~76_1980 |  (omitted)
Abo~101_1980 |  -.3457145   .0160322   -21.56   0.000    -.3774711   -.3139579
Abo~102_1980 |  -.2970084   .0238078   -12.48   0.000    -.3441671   -.2498497
Abor~03_1980 |  -.2193469   .0626342    -3.50   0.001    -.3434131   -.0952806
Abor~04_1980 |  -.2663576   .0238204   -11.18   0.000    -.3135414   -.2191739
Abor~05_1980 |  -.2066745   .0174259   -11.86   0.000    -.2411917   -.1721572
Abo~111_1980 |  -.2561085   .0410559    -6.24   0.000    -.3374322   -.1747847
Abo~114_1980 |  -.4063054   .0303688   -13.38   0.000    -.4664602   -.3461506
Abo~116_1980 |  -.2841287   .0374844    -7.58   0.000    -.3583782   -.2098792
Abo~117_1980 |  -.4843183   .1382631    -3.50   0.001     -.758191   -.2104457
Abo~118_1980 |  (omitted)
Abo~120_1980 |  -.3839063   .0836751    -4.59   0.000    -.5496506   -.2181621
Abo~121_1980 |  -.4876797   .0659512    -7.39   0.000    -.6183163   -.3570431
Abo~122_1980 |  -.2486714   .0969664    -2.56   0.012    -.4407431   -.0565997
Abo~125_1980 |  -.2083462   .0181756   -11.46   0.000    -.2443485   -.1723439
Abo~128_1980 |  -.0860692   .0277095    -3.11   0.002    -.1409564   -.0311819
Abo~129_1980 |  -.3809699   .0515111    -7.40   0.000    -.4830036   -.2789363
Abo~130_1980 |  -.2897258    .053313    -5.43   0.000    -.3953285   -.1841231
Abo~131_1980 |  -.4415719   .0273999   -16.12   0.000    -.4958459    -.387298
Abor~00_1980 |  -.4412238   .0304846   -14.47   0.000    -.5016079   -.3808397
Abo~301_1980 |  -.2809269   .0896405    -3.13   0.002    -.4584875   -.1033662
Abo~302_1980 |  -.4471138   .0296814   -15.06   0.000     -.505907   -.3883206
Abor~07_1980 |  -.1975724   .0343185    -5.76   0.000    -.2655508   -.1295939
Abor~09_1980 |   .0549762   .0465166     1.18   0.240    -.0371642    .1471166
Abo~312_1980 |  -.7424836   .0382756   -19.40   0.000    -.8183002    -.666667
Abo~313_1980 |  -.3828619   .0238204   -16.07   0.000    -.4300456   -.3356781
Abo~314_1980 |  -.7625751   .0272577   -27.98   0.000    -.8165673   -.7085828
Abo~316_1980 |  -.5743163   .0659299    -8.71   0.000    -.7049109   -.4437218
Abo~320_1980 |   .1806481   .0638736     2.83   0.006     .0541267    .3071695
Abo~321_1980 |   .2773149   .0291937     9.50   0.000     .2194879     .335142
Abo~322_1980 |  -.1523634   .0260388    -5.85   0.000    -.2039413   -.1007855
Abo~324_1980 |    .001988    .041784     0.05   0.962    -.0807781     .084754
Abo~329_1980 |  -.4692833   .0645429    -7.27   0.000    -.5971303   -.3414364
Abo~330_1980 |  -.0949821   .0462984    -2.05   0.042    -.1866904   -.0032738
       _cons |   11.56437   .0028072  4119.48   0.000     11.55881    11.56993
-------------+----------------------------------------------------------------
       extra |   absorbed                                     (157 categories)

. 
. /* Table 10: School revenues and expenditures*/
. /*Merge in school spending data to see if desegregated districts got more funding*/
. sort jurcode year

. merge jurcode year using ~/Tract_block/OCR_district/ELSEGIS_1970.dta
(note: you are using old merge syntax; see [D] merge for new syntax)
variables jurcode year do not uniquely identify observations in the master data

. tab _merge

     _merge |      Freq.     Percent        Cum.
------------+-----------------------------------
          1 |      9,286       54.78       54.78
          2 |         32        0.19       54.97
          3 |      7,633       45.03      100.00
------------+-----------------------------------
      Total |     16,951      100.00

. rename _merge _merge1970

. sort jurcode year

. merge jurcode year using ~/Tract_block/OCR_district/ELSEGIS_1980.dta, update
(note: you are using old merge syntax; see [D] merge for new syntax)
variables jurcode year do not uniquely identify observations in the master data
variables jurcode year do not uniquely identify observations in ~/Tract_block/OCR_district/ELSEGIS_1980.dta

. tab _merge

     _merge |      Freq.     Percent        Cum.
------------+-----------------------------------
          1 |      9,375       54.90       54.90
          2 |        126        0.74       55.64
          4 |      7,576       44.36      100.00
------------+-----------------------------------
      Total |     17,077      100.00

. rename _merge _merge1980

. replace revschfed_pup=revschfed1_pup+revschfed2_pup+revschfed3_pup+revschfed4_pup+revschfed5_pup+revschfed6_pup if year==1980
(7701 real changes made)

. sort year borderno jurcode

. areg revschfed_pup yesbig1980 Cyear_1980 bigside_m big1980 yesbig if jurcode!=jurcode[_n-1], absorb(borderno) cluster(jurcode)

Linear regression, absorbing indicators                Number of obs =     286
                                                       F(  5,   112) =   16.28
                                                       Prob > F      =  0.0000
                                                       R-squared     =  0.6375
                                                       Adj R-squared =  0.4860
                                                       Root MSE      =   265.9

                              (Std. Err. adjusted for 113 clusters in jurcode)
------------------------------------------------------------------------------
             |               Robust
revschfed_~p |      Coef.   Std. Err.      t    P>|t|     [95% Conf. Interval]
-------------+----------------------------------------------------------------
  yesbig1980 |   370.7107   177.6236     2.09   0.039     18.77221    722.6491
  Cyear_1980 |   167.6741   36.16057     4.64   0.000     96.02658    239.3216
   bigside_m |   127.5214    37.6965     3.38   0.001     52.83062    202.2122
     big1980 |   93.59491    59.8997     1.56   0.121    -25.08867    212.2785
      yesbig |   55.75068   65.47395     0.85   0.396    -73.97756    185.4789
       _cons |   183.5832    27.4404     6.69   0.000     129.2135    237.9528
-------------+----------------------------------------------------------------
    borderno |   absorbed                                      (80 categories)

. areg revschsta_pup yesbig1980 Cyear_1980 bigside_m big1980 yesbig if jurcode!=jurcode[_n-1], absorb(borderno) cluster(jurcode)

Linear regression, absorbing indicators                Number of obs =     286
                                                       F(  5,   112) =   27.09
                                                       Prob > F      =  0.0000
                                                       R-squared     =  0.7248
                                                       Adj R-squared =  0.6098
                                                       Root MSE      =  722.48

                              (Std. Err. adjusted for 113 clusters in jurcode)
------------------------------------------------------------------------------
             |               Robust
revschsta_~p |      Coef.   Std. Err.      t    P>|t|     [95% Conf. Interval]
-------------+----------------------------------------------------------------
  yesbig1980 |   341.2013   514.0514     0.66   0.508    -677.3257    1359.728
  Cyear_1980 |    1480.29   167.3093     8.85   0.000     1148.788    1811.791
   bigside_m |   160.1339   153.6197     1.04   0.299    -144.2439    464.5117
     big1980 |   75.49499   252.3215     0.30   0.765    -424.4478    575.4377
      yesbig |   51.43954   301.8062     0.17   0.865    -546.5508    649.4299
       _cons |   1144.106   98.55109    11.61   0.000     948.8398    1339.372
-------------+----------------------------------------------------------------
    borderno |   absorbed                                      (80 categories)

. areg revschtax_pup yesbig1980 Cyear_1980 bigside_m big1980 yesbig if jurcode!=jurcode[_n-1], absorb(borderno) cluster(jurcode)

Linear regression, absorbing indicators                Number of obs =     286
                                                       F(  5,   112) =   12.35
                                                       Prob > F      =  0.0000
                                                       R-squared     =  0.5749
                                                       Adj R-squared =  0.3972
                                                       Root MSE      =  1116.7

                              (Std. Err. adjusted for 113 clusters in jurcode)
------------------------------------------------------------------------------
             |               Robust
revschtax_~p |      Coef.   Std. Err.      t    P>|t|     [95% Conf. Interval]
-------------+----------------------------------------------------------------
  yesbig1980 |  -122.9064   533.8463    -0.23   0.818    -1180.654    934.8416
  Cyear_1980 |  -1299.067   231.8541    -5.60   0.000    -1758.456   -839.6775
   bigside_m |  -453.6628   286.2647    -1.58   0.116     -1020.86    113.5341
     big1980 |  -63.32282   361.0062    -0.18   0.861    -778.6104    651.9647
      yesbig |   271.7372   402.3079     0.68   0.501    -525.3843    1068.859
       _cons |    3162.74   161.4615    19.59   0.000     2842.824    3482.655
-------------+----------------------------------------------------------------
    borderno |   absorbed                                      (80 categories)

. areg ceadm_pup yesbig1980 Cyear_1980 bigside_m big1980 yesbig if jurcode!=jurcode[_n-1], absorb(borderno) cluster(jurcode)

Linear regression, absorbing indicators                Number of obs =     286
                                                       F(  5,   112) =   18.44
                                                       Prob > F      =  0.0000
                                                       R-squared     =  0.6101
                                                       Adj R-squared =  0.4472
                                                       Root MSE      =  62.744

                              (Std. Err. adjusted for 113 clusters in jurcode)
------------------------------------------------------------------------------
             |               Robust
   ceadm_pup |      Coef.   Std. Err.      t    P>|t|     [95% Conf. Interval]
-------------+----------------------------------------------------------------
  yesbig1980 |   27.31268    28.2776     0.97   0.336    -28.71576    83.34113
  Cyear_1980 |   86.16943   14.82502     5.81   0.000     56.79555    115.5433
   bigside_m |  -5.146239   12.27228    -0.42   0.676    -29.46219    19.16971
     big1980 |  -8.099341   19.93148    -0.41   0.685    -47.59101    31.39233
      yesbig |  -.4141128   16.94745    -0.02   0.981    -33.99331    33.16509
       _cons |   134.2586   9.306749    14.43   0.000     115.8185    152.6988
-------------+----------------------------------------------------------------
    borderno |   absorbed                                      (80 categories)

. areg ceinst_pup yesbig1980 Cyear_1980 bigside_m big1980 yesbig if jurcode!=jurcode[_n-1], absorb(borderno) cluster(jurcode)

Linear regression, absorbing indicators                Number of obs =     286
                                                       F(  5,   112) =   11.96
                                                       Prob > F      =  0.0000
                                                       R-squared     =  0.7065
                                                       Adj R-squared =  0.5838
                                                       Root MSE      =  442.42

                              (Std. Err. adjusted for 113 clusters in jurcode)
------------------------------------------------------------------------------
             |               Robust
  ceinst_pup |      Coef.   Std. Err.      t    P>|t|     [95% Conf. Interval]
-------------+----------------------------------------------------------------
  yesbig1980 |   115.7864   177.4841     0.65   0.515    -235.8756    467.4484
  Cyear_1980 |   380.3495   89.92477     4.23   0.000     202.1751    558.5239
   bigside_m |   4.117064   105.5464     0.04   0.969    -205.0095    213.2437
     big1980 |   109.5665    134.569     0.81   0.417    -157.0647    376.1978
      yesbig |   25.50786   143.8167     0.18   0.860    -259.4466    310.4623
       _cons |    2879.68   68.29953    42.16   0.000     2744.354    3015.007
-------------+----------------------------------------------------------------
    borderno |   absorbed                                      (80 categories)

. 
. /* Merge in exposure data*/
. sort year jurcode

. merge year jurcode using ~/Tract_block/OCR_school/Matt_Lexis/isolation.dta
(note: you are using old merge syntax; see [D] merge for new syntax)
variables year jurcode do not uniquely identify observations in the master data
variables year jurcode do not uniquely identify observations in ~/Tract_block/OCR_school/Matt_Lexis/isolation.dta

. rename isol expos

. /* Complete exposure data available in 1970 but then becomes a sample in 1980. Have limited coverage on the suburbs. Can 
> either assume that suburbs have same exposure as town (because have one high school) or can drop altogether*/
. tab _merge

     _merge |      Freq.     Percent        Cum.
------------+-----------------------------------
          1 |      2,543       14.82       14.82
          2 |         73        0.43       15.25
          3 |     14,539       84.75      100.00
------------+-----------------------------------
      Total |     17,155      100.00

. *replace expos=shblack if _merge==1
. drop if _merge==2
(73 observations deleted)

. /* Will use cities only. Limit to those with observations in 1970 & 1980*/
. gen flag=(expos==.)

. sort jurcode

. by jurcode: egen flagmax=max(flag)

. 
. /* Table 4: Isolation indices*/
. gsort year jurcode double_m -bigside_m

. summ expos if year==1970 & bigside_m==1 & jurcode!=jurcode[_n-1] & yesorder_m==1 & double_m==0

    Variable |       Obs        Mean    Std. Dev.       Min        Max
-------------+--------------------------------------------------------
       expos |        13    .1136563    .0670921   .0154199   .2407051

. summ expos if year==1970 & bigside_m==1 & jurcode!=jurcode[_n-1] & yesorder_m==0 & flagmax==0 & double_m==0

    Variable |       Obs        Mean    Std. Dev.       Min        Max
-------------+--------------------------------------------------------
       expos |        24    .1286265    .1118194   .0002768   .3583983

. summ expos if year==1980 & bigside_m==1 & jurcode!=jurcode[_n-1] & yesorder_m==1 & double_m==0

    Variable |       Obs        Mean    Std. Dev.       Min        Max
-------------+--------------------------------------------------------
       expos |        13      .31285    .2066186    .019681   .6337377

. summ expos if year==1980 & bigside_m==1 & jurcode!=jurcode[_n-1] & yesorder_m==0 & flagmax==0 & double_m==0

    Variable |       Obs        Mean    Std. Dev.       Min        Max
-------------+--------------------------------------------------------
       expos |        24    .1805652    .1190669   .0032857   .4486423

. reg expos yesorder_m if year==1970 & bigside_m==1 & flagmax==0 & jurcode!=jurcode[_n-1] & flagmax==0 & double_m==0

      Source |       SS       df       MS              Number of obs =      37
-------------+------------------------------           F(  1,    35) =    0.19
       Model |  .001889759     1  .001889759           Prob > F      =  0.6626
    Residual |  .341598718    35  .009759963           R-squared     =  0.0055
-------------+------------------------------           Adj R-squared = -0.0229
       Total |  .343488477    36  .009541347           Root MSE      =  .09879

------------------------------------------------------------------------------
       expos |      Coef.   Std. Err.      t    P>|t|     [95% Conf. Interval]
-------------+----------------------------------------------------------------
  yesorder_m |  -.0149702    .034021    -0.44   0.663    -.0840366    .0540962
       _cons |   .1286265   .0201659     6.38   0.000     .0876874    .1695655
------------------------------------------------------------------------------

. reg expos yesorder_m if year==1980 & bigside_m==1 & flagmax==0 & jurcode!=jurcode[_n-1] & flagmax==0 & double_m==0

      Source |       SS       df       MS              Number of obs =      37
-------------+------------------------------           F(  1,    35) =    6.16
       Model |  .147561563     1  .147561563           Prob > F      =  0.0180
    Residual |  .838364409    35  .023953269           R-squared     =  0.1497
-------------+------------------------------           Adj R-squared =  0.1254
       Total |  .985925971    36  .027386833           Root MSE      =  .15477

------------------------------------------------------------------------------
       expos |      Coef.   Std. Err.      t    P>|t|     [95% Conf. Interval]
-------------+----------------------------------------------------------------
  yesorder_m |   .1322849   .0532974     2.48   0.018     .0240854    .2404843
       _cons |   .1805652    .031592     5.72   0.000       .11643    .2447003
------------------------------------------------------------------------------

. *gen yes1980=yesorder_m*Cyear_1980
. reg expos yes1980 Cyear_1980 yesorder_m if bigside_m==1 & flagmax==0 & jurcode!=jurcode[_n-1] & flagmax==0 & double_m==0

      Source |       SS       df       MS              Number of obs =      74
-------------+------------------------------           F(  3,    70) =    6.89
       Model |  .348306181     3   .11610206           Prob > F      =  0.0004
    Residual |  1.17996313    70  .016856616           R-squared     =  0.2279
-------------+------------------------------           Adj R-squared =  0.1948
       Total |  1.52826931    73  .020935196           Root MSE      =  .12983

------------------------------------------------------------------------------
       expos |      Coef.   Std. Err.      t    P>|t|     [95% Conf. Interval]
-------------+----------------------------------------------------------------
     yes1980 |    .147255   .0632301     2.33   0.023     .0211466    .2733635
  Cyear_1980 |   .0519387   .0374796     1.39   0.170    -.0228119    .1266893
  yesorder_m |  -.0149702   .0447104    -0.33   0.739    -.1041423     .074202
       _cons |   .1286265   .0265021     4.85   0.000     .0757698    .1814831
------------------------------------------------------------------------------

. #delimit ;
delimiter now ;
. reg expos yes1980 Cyear_1980 yesorder_m shblack if bigside_m==1 & flagmax==0 & jurcode!=jurcode[_n-1] & flagmax==0 & 
> double_m==0;

      Source |       SS       df       MS              Number of obs =      74
-------------+------------------------------           F(  4,    69) =   41.72
       Model |  1.08122311     4  .270305778           Prob > F      =  0.0000
    Residual |  .447046195    69   .00647893           R-squared     =  0.7075
-------------+------------------------------           Adj R-squared =  0.6905
       Total |  1.52826931    73  .020935196           Root MSE      =  .08049

------------------------------------------------------------------------------
       expos |      Coef.   Std. Err.      t    P>|t|     [95% Conf. Interval]
-------------+----------------------------------------------------------------
     yes1980 |   .1372681   .0392116     3.50   0.001      .059043    .2154931
  Cyear_1980 |    .028444   .0233407     1.22   0.227    -.0181195    .0750075
  yesorder_m |  -.0511411   .0279267    -1.83   0.071    -.1068533    .0045711
     shblack |   .6898844   .0648635    10.64   0.000     .5604852    .8192836
       _cons |    .034191   .0186759     1.83   0.071    -.0030665    .0714484
------------------------------------------------------------------------------

. #delimit cr
delimiter now cr
. 
. /*
> /** The riots data are not included in the AEJ data archive. Please contact Bob Margo (margora@bu.edu) or Bill Collins 
> (william.collins@vanderbilt.edu) for access to the data **/
> /* Merge in the riots data by metro area*/
> #delimit cr
> drop _merge
> sort metaread
> merge metaread using ~/Tract_block/Riots_data/riots_touse_01.dta
> /* Define riot to be zero in 1970 and actual value in 1980. Always zero for suburb*/
> gen riot=index1_smsa
> replace riot=0 if year==1970
> replace riot=0 if bigside_m==0
> areg lnavval yesbig1980 big1980 riot A* if tierno<2 & year!=1960 [aw=house_ownocc], absorb(extra) cluster(jurcode)
> */
. 
. /*
> /** The 1960 block-level data is not included in the AEJ data archive. Please contact me at lboustan@econ.ucla.edu for access 
> to this data **/
> /* Bottom row of Table 5*/
> /* Merge in 1960 data for placebo*/
> drop tract* county 
> append using ~/Tract_block/1960/block_data_0825
> /* Outlier in house_ownocc = 11500. next largest is 400 something*/
> replace house_ownocc=. if house_ownocc>1000 & year==1960
> /* Replace peroo for 1960 (do not have actual percents)*/
> replace peroo=(house_ownocc/house_tot) if year==1960
> /* (1) Yesorder_m & bigside_m - include 1960*/
> sort borderno
> by borderno: egen yesorder_mm=max(yesorder_m)
> sort borderno jurcode
> by borderno jurcode: egen bigside_mm=max(bigside_m)
> /* (2) Fixed effects - include 1960*/
> drop if year==1980
> drop extra* A*
> /* Fixed effect for side of the border (jurisdiction * border area)*/
> egen extra=group(jurcode borderno)
> egen extra1=group(borderno year)
> /*Border area by time fixed effects*/
> xi, pref(A) i.borderno*i.year
> replace lnpoptot=ln(poptot) if year==1960
> replace lnavval=ln(av_value) if year==1960
> replace lnavrent=ln(av_rent) if year==1960
> /* (3) Flag for borders that have some observations in 1960*/
> drop flag*
> gen flag=(year==1960)
> sort borderno
> by borderno: egen flagmax=max(flag)
> /* Exclude altogether borders that had some desegregation over the 1960s - e.g., Pasadena and LA*/
> replace flagmax=0 if borderno==27 |  borderno==31 | borderno==14 | borderno==309 | borderno==310 | borderno==330
> /* Regressions with 1960 observations*/
> /* Gaps in 1960 - by type*/
> #delimit ;
> areg lnavval bigside_mm if tierno<2 & year==1960 & yesorder_mm==1 & flagmax==1 [aw=house_ownocc], absorb(borderno) 
> cluster(jurcode);
> areg lnavval bigside_mm if tierno<2 & year==1960 & yesorder_mm==0 & flagmax==1 [aw=house_ownocc], absorb(borderno) 
> cluster(jurcode);
> /* Gaps in 1970 - by type*/
> areg lnavval bigside_mm if tierno<2 & year==1970 & yesorder_mm==1 & flagmax==1 [aw=house_ownocc], absorb(borderno) 
> cluster(jurcode);
> areg lnavval bigside_mm if tierno<2 & year==1970 & yesorder_mm==0 & flagmax==1 [aw=house_ownocc], absorb(borderno) 
> cluster(jurcode);
> /* Gaps in 1960 or 1970 - order vs. not*/
> gen yesbig01=yesorder_mm*bigside_mm;
> areg lnavval bigside_mm yesbig01 if tierno<2 & year==1960 & flagmax==1 [aw=house_ownocc], absorb(borderno) cluster(jurcode);
> areg lnavval bigside_mm yesbig01 if tierno<2 & year==1970 & flagmax==1 [aw=house_ownocc], absorb(borderno) cluster(jurcode);
> drop Cyear_1970;
> gen Cyear_1970=(year==1970);
> gen yesbig1970=yesbig01*Cyear_1970;
> gen big1970=bigside_mm*Cyear_1970;
> /* 1960 vs. 1970: Order*/
> areg lnavval bigside_mm big1970 Cyear_1970 if tierno<2 & yesorder_mm==1 & flagmax==1 [aw=house_ownocc], absorb(borderno) 
> cluster(jurcode);
> areg lnavval big1970 Cyear_1970 A* if tierno<2 & yesorder_mm==1 & flagmax==1 [aw=house_ownocc], absorb(extra) 
> cluster(jurcode);
> /* 1960 vs. 1970: No order*/
> areg lnavval bigside_mm big1970 Cyear_1970 if tierno<2 & yesorder_mm==0 & flagmax==1 [aw=house_ownocc], absorb(borderno) 
> cluster(jurcode);
> areg lnavval big1970 Cyear_1970 A* if tierno<2 & yesorder_mm==0 & flagmax==1 [aw=house_ownocc], absorb(extra) 
> cluster(jurcode);
> /*Over time- 1960 to 1970*/
> areg lnavval yesbig1970 big1970 bigside_mm yesbig01 if tierno<2 & flagmax==1 [aw=house_ownocc], absorb(extra1) cluster(jurcode);
> areg lnavval yesbig1970 big1970 A* if tierno<2 & flagmax==1  [aw=house_ownocc], absorb(extra) cluster(jurcode);
> */
. 
. log close
      name:  <unnamed>
       log:  /disk/homes2c/nber/lplatt/Tract_block/1980/Results/deseg_results_aej.log
  log type:  text
 closed on:  14 May 2011, 16:27:36
--------------------------------------------------------------------------------------------------------------------------------------------------------------------------------
